month,users_cons,users_opt,users_med,users_plan,revenue_cons,revenue_opt,revenue_med,revenue_plan,labour_cons,labour_opt,labour_med,labour_plan,tokens_cons,tokens_opt,tokens_med,tokens_plan,eng_cons,eng_opt,eng_med,eng_plan,compliance_cons,compliance_opt,compliance_med,compliance_plan,sales_cons,sales_opt,sales_med,sales_plan,gna_cons,gna_opt,gna_med,gna_plan,onetime_cons,onetime_opt,onetime_med,onetime_plan,total_cost_cons,total_cost_opt,total_cost_med,total_cost_plan,contribution_cons,contribution_opt,contribution_med,contribution_plan,cum_cash_cons,cum_cash_opt,cum_cash_med,cum_cash_plan,gen_heads_cons,gen_heads_opt,gen_heads_med,gen_heads_plan,floor_heads_cons,floor_heads_opt,floor_heads_med,floor_heads_plan,eng_heads_cons,eng_heads_opt,eng_heads_med,eng_heads_plan,blended_min_cons,blended_min_opt,blended_min_med,blended_min_plan,auto_share_cons,auto_share_opt,auto_share_med,auto_share_plan,tok_task_usd_cons,tok_task_usd_opt,tok_task_usd_med,tok_task_usd_plan,churn_cons,churn_opt,churn_med,churn_plan,arpu_usd_cons,arpu_usd_opt,arpu_usd_med,arpu_usd_plan,min_per_user_month_cons,min_per_user_month_opt,min_per_user_month_med,min_per_user_month_plan,adds_organic_cons,adds_organic_opt,adds_organic_med,adds_organic_plan,adds_paid_cons,adds_paid_opt,adds_paid_med,adds_paid_plan,marketing_spend_cons,marketing_spend_opt,marketing_spend_med,marketing_spend_plan
1,264.4426890189308,291.82824349114776,278.78788286537457,274.02763308420674,1213520.4673830546,1478416.7073512801,1348003.6994234282,1306234.1513719335,936617.2166447153,945298.3819407895,945123.8544147942,939655.6244983412,213826.45883475704,221414.27364875068,217236.59168001843,216482.19401965482,2914430.626770406,2897771.0093868547,2855816.8264008444,2908599.760686163,416248.58878827066,417235.91085227067,417214.4808790938,416594.15151067066,309663.7863946861,313027.0401363024,311144.6962532569,310840.9252042518,2009154.1187478292,1877702.4367151354,1897983.4049880598,1963146.0300363866,100870.62474353635,116977.10048445548,105228.0410783081,106507.89125285804,6965146.821204171,6866824.125206585,6820388.271113167,6930733.877605015,-5751626.3538211165,-5388407.417855305,-5472384.571689737,-5624499.726233082,-5751626.3538211165,-5388407.417855305,-5472384.571689737,-5624499.726233082,8.806333333333333,9.087333333333333,8.937,8.904683333333333,11.721,12.047,11.8875,11.8351,7.517,7.567333333333333,7.4305,7.5346166666666665,9.133494507794973,8.984256262964363,9.067987404578183,9.081261122104259,0.4128665163708174,0.4141013133168172,0.4138811767500291,0.4132986953019173,0.3267770389439845,0.3210062255458032,0.32398041542223066,0.3247572542546211,0.10009113833008415,0.0961108012417537,0.09819367286147271,0.0986980203491685,51.35668979561195,56.44304058018806,54.05418604238251,53.13691257021359,252.17702240374243,236.46851716206177,242.774645342054,246.6790455691542,38.65514557874443,52.108160545209536,44.57878501302746,43.363700817007214,27.55602556121124,27.732603417918657,27.67960297010037,27.617827811058838,300000.0,300000.0,300000.0,300000.0
2,312.6597143103631,357.12304229199765,334.2840116413464,328.2218791039352,1437905.2861868092,1814042.0863081522,1619585.6129006906,1569553.1662292792,1041743.9228966236,1076576.6876045475,1058891.5102192685,1053935.3905443968,244424.52746231607,261557.4205256286,251507.1680533439,250421.04003447545,3081518.4353374518,3094352.3410737775,3031647.5257299556,3086010.302345166,417423.84164424054,418845.6214806626,418553.7850952147,417921.46458698827,312232.3499824819,320349.031764724,315365.3586259343,315073.18860626663,2146749.908952617,2031906.913073499,2037356.3287390869,2106554.860394926,147951.89577194524,140587.9566413195,125062.25062039551,145374.51707622624,7468262.142386294,7439126.508363759,7323243.624924995,7458064.670478407,-6030356.856199484,-5625084.422055606,-5703658.012024305,-5888511.504249127,-11781983.2100206,-11013491.839910911,-11176042.583714042,-11513011.23048221,9.896333333333333,10.532666666666668,10.1585,10.11905,13.024666666666667,13.751,13.3315,13.278883333333333,7.854666666666667,7.985333333333333,7.796,7.9004,8.729012422074597,8.577095693226983,8.659411863177866,8.675841566977933,0.4354386249929368,0.43682984768976296,0.43658439911484426,0.4359255529368259,0.31574002114908384,0.30980280277788996,0.31285599822236204,0.313661994719166,0.09716065757470425,0.09301905425604186,0.09495285027851971,0.09571109641317242,51.49399549418737,56.61021983369712,54.205448036338886,53.28467401301579,241.01918777383236,225.72998776531125,231.83462046795248,235.66796777084997,46.2352309189308,64.34928655479852,54.11043483692876,52.575150391484506,27.567101819738202,28.095479744505116,27.818086008481416,27.75203409340662,300673.5422527492,304261.7101260243,301837.74991670216,301929.4010083955
3,366.4896742875479,432.8100938374815,396.9682701679855,389.70182113002465,1689356.2784666508,2204099.5710689304,1927626.2226818486,1869516.4308774485,1147101.6472855823,1220307.3779985262,1179168.3502135053,1172723.6530351127,276783.9965140075,306109.9022828306,288428.1562798699,287048.06353309564,3257546.9241270777,3291397.969584273,3213464.4149880614,3269394.7900370965,418727.6973749256,420719.7698645115,420068.71607376327,419424.9227462807,317714.7056115268,338669.75082583394,325334.6098215265,325048.9714365343,2285012.9101926894,2188863.0169539205,2178266.3026339235,2251360.44755912,85694.73777027019,109384.23586502476,112858.56949481815,93986.06210343429,7878146.13449491,7990794.749652445,7818567.7807180695,7917573.149800047,-6188789.85602826,-5786695.178583514,-5890941.558036219,-6048056.718922599,-17970773.066048857,-16800187.018494427,-17066984.141750265,-17561067.949404806,10.965666666666667,12.034666666666666,11.392,11.339816666666668,14.305333333333333,15.558666666666667,14.8125,14.744,8.205333333333334,8.393,8.1675,8.271016666666668,8.294977000988759,8.140249487049882,8.221422228353443,8.240822371110152,0.45680139303274425,0.45838694269980884,0.45805113363899386,0.45735633541621684,0.3051249801209714,0.2990403541725351,0.30216314765069624,0.3029953610390187,0.09405983134553814,0.09021442906753244,0.09226742310603117,0.09271394054823615,51.631744518166755,56.77797812463169,54.35721315419416,53.432926280429484,229.04366960439103,214.21213026269214,220.1065454908815,223.8526308347964,55.23321483469835,78.43687594436656,65.03798978168724,63.35449622308222,27.791958757814204,29.372361818582547,28.420981084258376,28.34509982908312,303906.40190285223,319060.53183974227,309075.1123761047,309210.34738076373
4,425.23200575883556,522.8078449722658,468.89989463468663,459.3835494835361,1965169.5980284698,2669622.936828674,2282555.9764237497,2211728.2666085414,1254148.4379090548,1379424.0751200235,1309757.7913928772,1297994.9109328939,310505.97287822835,357074.3508021206,329150.91794664826,326804.90515159065,3429506.1485199905,3492970.939168625,3388241.7620360535,3451718.825247013,420164.7664480447,422955.2346121399,421787.87960846315,421141.430305478,329051.244171213,375626.9807384452,346153.3043647704,345352.7519697443,2420258.5041548926,2354290.1475744634,2322475.8339266493,2397169.5793517423,88120.36640552756,124876.62960353625,79830.95107971149,100985.05852483059,8355942.772474996,8646876.764327131,8316991.313806381,8457769.669623245,-6390773.174446528,-5977253.827498456,-6034435.337382632,-6246041.403014703,-24361546.240495387,-22777440.845992886,-23101419.479132894,-23807109.35241951,12.010333333333334,13.676,12.694,12.593316666666666,15.568666666666667,17.531666666666666,16.388,16.255716666666668,8.536,8.801666666666666,8.51,8.628983333333332,7.85848179114609,7.701327057931663,7.781044204218811,7.803477634521041,0.47703031522893646,0.4787965565407168,0.4784041413163293,0.47764849968805956,0.2949143395263432,0.2887000306367411,0.29188366673108723,0.2927393314149825,0.09091225336816526,0.08641487655735446,0.08866705422357526,0.08933817148438147,51.76993847714731,56.94631767544284,54.509483267506035,53.58167119655075,216.99817787580315,202.6424895076738,208.31353706653357,211.97368694695788,63.292392588438716,95.02267495396578,77.03448362045496,74.39799141637317,28.52504896662231,32.19116479809394,29.92826145112046,29.80818950763738,313228.14602410333,351871.31199995376,326894.6834596567,326753.254115651
5,491.7601953527811,629.2249330953085,552.6880913671134,539.8728535626657,2278738.5149780777,3222658.1817367715,2697053.649237599,2609110.398343621,1369790.73093821,1560058.0376123632,1448647.080357618,1436384.2882741634,347205.7168411359,414969.7924293273,374984.92042148876,370923.1432970029,3603859.823288444,3711475.7335557994,3583378.7004632996,3641525.391882018,421786.72933885327,425599.6986983395,423821.93098648585,423121.2686146734,349964.5404404443,435837.62389407953,383481.4814840648,380020.11964921665,2560456.0266052913,2527744.0712445844,2473849.7776108608,2549006.842229044,92735.78901991078,91896.74928677325,86662.87989379722,92442.12511331265,8866600.754528787,9336113.118072622,8916125.122895561,9030930.08176913,-6587862.23955071,-6113454.936335851,-6219071.473657963,-6421819.683425509,-30949408.480046097,-28890895.782328736,-29320490.952790856,-30228929.03584502,13.113666666666667,15.478333333333333,14.0795,13.9413,16.905666666666665,19.726,18.0475,17.892783333333334,8.863,9.241666666666667,8.8945,8.995533333333334,7.43388763669025,7.275416666011236,7.353149429848945,7.378422796952595,0.4962616221909525,0.498126087229723,0.4977320041565058,0.49691418495452216,0.28509130480116757,0.2787638406007309,0.2820001763906209,0.28287669233101476,0.08811989750051263,0.08425133202801388,0.08650720419011296,0.08676589958513807,51.90857898706778,57.115240717766426,54.662260255375784,53.73091059281231,205.28033471385137,191.41559565066615,196.85503051930118,200.42767604173656,73.59775321766878,113.2297607068293,91.30598426869302,87.46895583887496,30.00237290169935,36.924774590421485,32.77633552397748,32.4252134927521,331565.1021360271,407530.18371737225,360654.9854168915,358152.8806894979
6,566.7581416162384,757.9610008407391,650.2335466515108,633.6791423448137,2633431.0896601602,3893086.0449525034,3180735.600110338,3074310.32401248,1488737.9249833936,1769459.2452882226,1606140.8989210853,1586990.3870900837,386929.0194518505,482679.7755059022,426473.01755866344,420441.7840707686,3782546.9036328094,3941219.633867646,3773185.2313666665,3838082.3592150025,423628.35329314874,428791.21893435623,426168.33893056156,425435.35626757133,383025.6382285,519075.0310833726,438382.1985241065,430642.9257277054,2704174.4179516,2715467.9093717015,2632033.4598224727,2708127.1399486354,111940.46704205369,116843.24771202572,130356.29678917614,113656.4402765439,9420593.881403932,10177049.41646167,9599316.491285292,9685353.318674142,-6787162.791743772,-6283963.371509168,-6418580.891174953,-6611042.994661661,-37736571.27178987,-35174859.153837904,-35739071.84396581,-36839972.030506685,14.241333333333333,17.545333333333332,15.6035,15.397733333333333,18.266,22.241666666666667,19.896,19.65748333333333,9.191333333333333,9.699333333333334,9.2565,9.369133333333334,7.0291559432785915,6.869983557196791,6.946235638325932,6.973445608149961,0.5145337040921857,0.5164847021230774,0.5160119931230035,0.5152165534029978,0.27563982649552,0.2692146090305487,0.2724960767569854,0.2733910003827801,0.08497778426261661,0.08118819157161858,0.08329751245464259,0.0836514268207673,52.04766767023517,57.28474949246317,54.81554600448061,53.880646308014974,194.11126710940587,180.7321314476256,185.95679021881963,189.42856962778276,83.86989785708352,136.0964395985524,106.16007690361839,102.14918746659762,32.46129790080942,43.40977425328009,37.047451022703704,36.29326462417416,362058.16376422916,485050.92118373455,411842.17929820187,405105.62886105606
7,653.1544970018979,914.9754294034838,764.2581901220823,744.791823342453,3042867.691587801,4713361.697811119,3747653.3268411285,3627540.5937659624,1626412.9499355266,2012235.7768463758,1786286.2670031385,1761450.9393543238,431366.9117729365,562762.9202809026,484933.50925739633,477355.51475072466,3975329.4995210157,4185170.1153324,3987386.0463676024,4048773.715055,425734.35798630747,432665.7043803504,428930.82905327104,428160.32922422246,428861.1287428247,625331.2548894964,510365.27994380886,497625.6728941598,2855356.09666004,2918370.378193018,2800400.3510021362,2877411.0951965824,122340.73155967811,141456.53457797726,118972.76066163348,129031.26261608282,10026729.935628,11124328.323915008,10313548.506345129,10410889.371528454,-6983862.2440402005,-6410966.626103889,-6565895.179503999,-6783348.777762491,-44720433.51583007,-41585825.77994179,-42304967.02346981,-43623320.80826917,15.493666666666666,19.934,17.286,17.04778333333333,19.804666666666666,25.138,21.9605,21.671333333333333,9.547666666666666,10.177,9.668,9.767933333333332,6.648474991710944,6.488304472881915,6.562886873549733,6.592415310120784,0.531836997850138,0.5339702541096069,0.533444531932251,0.5325836375409521,0.2665445654139052,0.2600359384803799,0.2633555103670552,0.26426654598717136,0.08268362117618253,0.07834484206124116,0.08127877507940955,0.08116504848595305,52.18720615535131,57.454846249658985,54.969342409106,54.03088018835899,183.6033717966839,170.6747601209884,175.6929115569179,179.07835771019046,96.88744196782802,164.47310822077569,123.96422025681011,120.5424251563597,35.85489490690694,51.51769186145568,42.589367405502244,41.336873840999004,404639.26825086767,584212.9778343025,479374.2248796064,467490.0666050698
8,753.0875319622165,1101.9977762767912,899.1842572503452,875.2061174723176,3518270.129271086,5694045.709702265,4421021.7062487565,4279791.5824219985,1775670.0941623147,2291234.365985908,1986746.0646030915,1956117.5893005724,481286.48204490537,654768.8322094012,551554.211157895,542005.3046024789,4175874.339381696,4443575.469751205,4200476.315442369,4269569.735011024,428152.71234822733,437288.40019372664,432217.5789015293,431350.2030941521,488066.1181493006,755738.7566277396,598957.4542041204,581751.5416167543,3014548.534999165,3134405.742317891,2979931.0626556785,3056498.5575607195,117429.71906628877,61322.455738721,136400.5137219322,97792.17690164005,10667592.725217346,12075804.037247421,11117833.062806146,11160466.684427872,-7149322.595946261,-6381758.327545156,-6696811.356557391,-6880675.102005875,-51869756.11177633,-47967584.10748694,-49001778.3800272,-50503995.91027504,16.867,22.612666666666666,19.1565,18.877983333333333,21.470333333333333,28.406,24.2445,23.897816666666664,9.910333333333334,10.678666666666667,10.0645,10.17925,6.29262929477677,6.132161850638912,6.205398649802077,6.2364656893285195,0.5482640472478788,0.5505284201663585,0.5498853151353091,0.5490565777693467,0.2577908594597963,0.2512121720796119,0.25456332718883756,0.25548831887673173,0.08018125430876816,0.0762216507110933,0.07827387591495855,0.07879539304958195,52.327196077539625,57.62553324878543,55.12365137117839,54.18161408747566,173.7837436809577,161.29145615607396,166.11868805479048,169.41144304724838,111.36629429683379,194.93051271845175,144.89857933396672,140.61377074440009,40.20287567538993,61.270245553118365,49.27142082217694,47.57645513259489,460224.54457509215,707006.1284481267,562732.8093706287,546598.0989306542
9,867.7602309622895,1327.4251719072752,1059.1350760821842,1028.6429602930343,4065181.835635121,6879776.864603282,5219590.195208925,5050290.095773977,1942503.23870774,2614243.2905373676,2219566.582016523,2177612.25684811,536554.4521268451,762217.7320210226,628361.9579340931,615536.6000898073,4375675.097776727,4721712.642834118,4444744.87521088,4496788.238546814,430925.46168054733,442902.0083767776,436101.9115340003,435117.2530242279,560752.2678371975,912513.0631380831,705800.8428847096,683868.5461925075,3182837.174857479,3365873.4280541046,3171381.8065818534,3246899.863476298,127827.75346650204,86138.90520825076,80346.86345281902,113236.6565761141,11372644.510194229,13264914.176208496,11959715.004293285,12034938.893299222,-7307462.674559107,-6385137.311605214,-6740124.8090843605,-6984648.797525244,-59177218.78633543,-54352721.41909216,-55741903.18911156,-57488644.70780029,18.38233333333333,25.701,21.3375,20.943866666666665,23.314,32.16866666666667,26.8935,26.413133333333334,10.261,11.212333333333333,10.5255,10.593966666666667,5.96183765686041,5.801305749185631,5.87197147868654,5.905651489174237,0.5637850812342372,0.5662166300818433,0.5656505703329042,0.5646361233308994,0.24936469209790876,0.24272835835521842,0.2461050513640978,0.24704197528796712,0.07798596488416316,0.07380339974683059,0.0758367752820514,0.07652206708609677,52.46763907837205,57.79681275862036,55.27847480029778,54.332849866458965,164.65318011320034,152.5726731924092,157.18995256022387,160.42500269092344,126.98218336730376,233.62482673097333,170.31951589606922,164.30710854458812,45.44909188989045,72.56662068387648,57.10128902769917,54.94022696778556,529006.7219953716,854106.8564553397,663220.9639106924,642791.7690563605
10,998.8968213546863,1598.4874769092885,1246.7154225308132,1208.753550798797,4692596.148835734,8307792.859751666,6160272.552695515,5957914.99765631,2126426.991545731,2985576.419434803,2479781.8191656214,2427129.2913069064,597790.9935546695,887057.3393405149,715377.3805852679,699034.2145797154,4599947.028404463,5014017.594135473,4686932.991760958,4744871.726410316,434118.6641065604,449605.69583093765,440693.1713441415,439539.12521009246,646155.9499074282,1101837.4283195962,832726.3259686137,805644.467351687,3358908.686719383,3613646.150109277,3374126.4851089097,3448066.798905846,131774.97978518315,116090.65742829072,119356.57679727189,126285.4669602708,12143993.922854235,14601683.559500316,12971722.966986433,13004185.295680363,-7451397.774018503,-6293890.699748649,-6811450.414290918,-7046270.298024055,-66628616.56035394,-60646612.11884082,-62553353.60340248,-64534915.00582435,20.036333333333335,29.234,23.7445,23.25551666666667,25.328,36.44766666666667,29.816,29.219883333333335,10.659666666666666,11.765666666666666,10.9685,11.046766666666667,5.654318567842663,5.494685610789405,5.563198408164204,5.598447032874023,0.5785678291401692,0.5810869888506389,0.5805318575404913,0.5794495350388336,0.24125266235226264,0.2345702177953046,0.23796684958386685,0.23891380675732732,0.07515033759468281,0.07162852267271522,0.07408272777052995,0.07391770237199416,52.60853680589607,57.968687057328886,55.43381461377069,54.48458939389756,156.16527190877505,144.4941507536533,148.92314423130142,152.08037950448244,143.9139500253701,279.48359451641556,199.15118674909994,191.363325597236,51.433474880021166,85.70434328264227,66.11488957412215,63.428278820938544,610177.4624010858,1031966.5296904923,782938.5292813387,757803.635952378
11,1148.9032988840938,1924.1865398730115,1464.2428566093117,1420.252433230215,5411712.354958688,10027572.30141399,7252979.862545848,7027263.336218044,2333658.7911360203,3419731.01664182,2776669.089120888,2713784.07006305,665343.7004774432,1031925.9423236639,813413.0177370915,793647.4851236204,4825520.35015285,5327814.409270922,4943085.850317107,5001323.270844175,440456.7584042045,460771.1791718024,448329.4745169659,447566.80567286373,745039.7729606403,1329961.8154199522,981411.9566642863,949762.4878213995,3542857.653520722,3880809.3560383515,3587753.0297622816,3661140.7494018925,241176.29244199625,209236.56039918223,299453.8450073256,229997.38622701133,13081025.190420935,16183788.9502179,14230086.595946953,14166992.506349873,-7669312.835462247,-6156216.648803909,-6977106.733401106,-7139729.170131829,-74297929.39581618,-66802828.767644726,-69530460.33680359,-71674644.17595616,21.867333333333335,33.31033333333333,26.4305,25.87238333333333,27.566,41.39533333333333,33.0925,32.40626666666667,11.049666666666667,12.355333333333334,11.434,11.50665,5.368617179056443,5.210757286773062,5.276691013128512,5.3133662167572595,0.5926812882678513,0.595194291908401,0.5947337489358752,0.5935608395420437,0.23344195626236985,0.22672411106462498,0.2301355010136574,0.23109071044315915,0.07359697955832695,0.06975366419043,0.07174765173315463,0.07225181917956301,52.74989091466178,58.14115843250427,55.589672736643166,54.63683454590665,148.2784467912445,137.01813401573688,141.2507703198139,144.33733731981684,164.11066589986743,335.17154582880937,229.48429503983652,223.9819738749971,58.08460955789518,100.8635648167663,76.30566272654661,73.05724389850008,704012.1064856735,1246168.92896275,924040.8829043271,893766.9943526501
12,1321.503382691343,2311.7104053825974,1718.0828989111344,1668.075840633282,6239946.938117376,12083032.37355687,8531975.706694845,8285026.840521198,2560943.8031469877,3917650.6329197967,3105872.648588702,3035791.1935674706,741138.7192716746,1198308.0001380045,923768.3869214042,901147.9675748901,5067119.237952971,5656232.341297843,5220954.027876677,5273308.824123676,452626.360469557,479998.23186819744,462470.3031130564,462206.51545908116,858614.8888840714,1603614.58057451,1154487.072425613,1119364.780975725,3737189.837738088,4166029.392465924,3814099.5434557917,3887283.6818928304,388460.21096039185,356120.27681243024,316158.92273026536,377141.2340086053,14136996.511067508,18008649.918099016,15444725.684333812,15492075.203528535,-7897049.572950132,-5925617.544542148,-6912749.977638969,-7207048.363007338,-82194978.96876632,-72728446.31218687,-76443210.31444256,-78881692.53896351,23.878333333333334,37.92333333333333,29.417,28.794083333333333,30.005666666666666,47.00033333333333,36.7135,35.9538,11.465,12.960333333333333,11.934,11.988366666666668,5.103732303725772,4.947557881717664,5.012274695525019,5.049071256022934,0.606130441398869,0.6086481478575506,0.6080948840396634,0.6070116386594075,0.22592031972394397,0.21917700878758758,0.22259836868958816,0.22356016089621925,0.07097029138015641,0.06748389230877096,0.06906551955302191,0.0697500517051715,52.89170306574922,58.31422918120927,55.74605110173389,54.789587206160235,140.97006445891085,130.0889741960815,134.1709263505348,137.1616828669206,187.26154608951896,397.9149414496453,266.1603721749437,260.99023446556316,65.39436037002893,118.26535856075022,87.68399914175586,83.89920973678139,811799.5023616917,1504135.8452120984,1087946.9793818772,1054117.2223593341
13,1513.9669117659091,2774.480696121504,2016.5577435474404,1955.1467362903672,7168136.7432337925,14542096.647230823,10039428.903030545,9749022.709632752,2811155.8253401634,4493362.913820404,3486253.666429038,3399928.3063082476,821880.0660449845,1391388.2919699398,1049808.6701078874,1021207.9451187188,5311479.078972359,6009544.396696272,5500447.326292471,5555801.940175729,472480.09994861245,505551.2053640104,484858.098081481,484054.98684400175,988242.3375295689,1930965.4400726694,1357898.9855777211,1318195.4234196541,3937026.783291098,4467820.6881555235,4055803.534182606,4122804.649993647,574167.8013321097,460483.7809552303,547321.7275889199,534378.394200202,15296579.146485128,20017991.999287177,17008330.227486286,16949073.644965846,-8128442.403251332,-5475895.352056354,-6968901.324455743,-7200050.93533309,-90323421.37201767,-78204341.66424322,-83412111.6388983,-86081743.4742966,26.023666666666667,43.230333333333334,32.784,32.046,32.63066666666667,53.42433333333334,40.8215,39.90845,11.876333333333333,13.608,12.4255,12.482416666666666,4.858784458378623,4.703900455645786,4.766667960527679,4.80457505742213,0.6188156510552355,0.621460817748527,0.6209260404123409,0.6197414593978876,0.21867603264436597,0.21191646281870835,0.21534337231075062,0.2163101832053858,0.06950728732104239,0.06527730786387381,0.06733954307243809,0.06802679451103338,53.03397492679564,58.48790161001748,55.90295164966757,54.942849265923286,134.20895383818015,123.67232315751586,127.59258087503028,130.52113309994766,208.919372534606,474.0423361565554,312.4105182939798,301.7124098022883,73.39353146394484,137.96671683415536,100.33132845411495,95.99414634351852,936012.4943959176,1812454.8560335306,1279796.3560042263,1242767.3209690822
14,1731.8747867770958,3318.989597776859,2365.0637981539617,2287.3649706270126,8220265.165032544,17442930.988090955,11803820.150039373,11448198.203102987,3086241.6963059795,5150350.827038517,3918711.7813876416,3808679.892062368,910770.7989108006,1610265.668303289,1191841.3839293045,1155594.0031981715,5567478.004531515,6369344.206881398,5811634.883101873,5848131.175353974,498466.521499863,538952.2945807553,513538.5928493073,512636.54207817535,1134409.2649633805,2321156.111208025,1597212.7952721643,1549770.661149006,4146072.6874829885,4787234.510537234,4309896.225263596,4370479.325551975,664333.0382079342,593018.6233837223,649292.1252608466,639372.99301946,16443647.502219731,22280591.20776172,18610575.841225617,18486577.799159426,-8223382.337187187,-4837660.219670765,-6806755.691186244,-7038379.59605644,-98546803.70920484,-83042001.883914,-90218867.33008453,-93120123.07035305,28.373666666666665,49.166666666666664,36.597,35.65121666666667,35.49133333333333,60.634,45.455,44.29126666666666,12.301,14.251333333333333,12.9745,12.983616666666666,4.631802174951073,4.4785897185123,4.5391275872940895,4.5781778151975026,0.6308555897180611,0.6335830225380992,0.6331209862797382,0.6318101912050744,0.2116978843467748,0.20493057892468602,0.2083589623570666,0.20932932744904376,0.06794349327084853,0.06385492577240696,0.06580691091577023,0.06651249464639399,53.17670817202312,58.66217803505501,56.060376328908376,55.09662262408428,127.94291036670802,117.74254540942613,121.50464385353804,124.37278263165936,236.75501391324568,559.3664564936063,365.19383927033164,349.66901881637193,81.86117741703735,160.20092422756656,114.46319683765572,109.28008880072258,1075220.511485069,2181314.497084623,1505914.3354545815,1462353.4064449128
15,1979.0002573161023,3965.3191980076717,2757.803511840245,2674.2118865581515,9415196.97177716,20898226.50626742,13799043.765336527,13434257.30884875,3390889.947022227,5910485.488392141,4389898.746666596,4272748.386501697,1008325.2631215693,1860708.4184205157,1346028.0347041755,1306659.3674762007,5839579.459380815,6767114.511810899,6118802.672646786,6164216.727731343,532948.771566486,579343.9317786249,547247.9573698655,549187.0776407346,1299991.3120617738,2782247.859004956,1873674.8170352594,1818781.1034918877,4364772.729894305,5128177.195986499,4572432.45189848,4631964.293026572,1109473.8145787618,962039.6384890774,963221.0246457598,1057871.8529473722,18045271.9231242,25080263.59387267,20534220.97771163,20507519.007886164,-8630074.95134704,-4182037.0876052454,-6735177.212375099,-7073261.699037412,-107176878.66055188,-87224038.97151923,-96954044.54245964,-100193384.76939045,30.945,55.946666666666665,40.685,39.69558333333333,38.627,68.86733333333333,50.4225,49.21111666666667,12.748,14.962666666666667,13.5005,13.523133333333332,4.421251118623101,4.269553216271701,4.3285821130201745,4.368156852800111,0.6423158818404695,0.6451779646398478,0.644651103163148,0.6433176108202519,0.20497515016008677,0.19820799080625315,0.20163409546558733,0.20260664438624498,0.06594408869188936,0.061531375888582006,0.06398299074705116,0.06439963921073179,53.31990448226603,58.83706078204219,56.21832709579352,55.25090918718769,122.13276887874534,112.23846719532922,115.86942850195497,118.66976328954969,267.80614922756865,663.232843165253,412.4071781174151,406.20549210575814,90.87914914903705,184.85285693213476,130.06798130575638,123.76994687312126,1233039.7747548816,2616439.648213643,1770573.0225059057,1717229.730465448
16,2251.289636903016,4722.30866770989,3207.3652059655747,3116.146297685422,10733085.636157438,24952178.769347783,16087835.733258985,15709768.232774056,3714563.6748265773,6779649.48452942,4914705.45306986,4787343.708222572,1111882.2519807047,2145789.3161213063,1517274.3906902866,1473749.7244299152,6114744.24362705,7167502.457235827,6450336.696173952,6483209.618390122,570428.4312536861,627417.3902569986,585311.0411366703,590374.5669048454,1486352.636291001,3329822.8591062627,2187779.7987646502,2131567.2142763427,4590357.2860480035,5487542.0576069085,4845935.669881828,4904371.9560936205,1301583.037881879,1288342.2339517584,1169675.611488677,1296948.7565063369,19459134.581671625,28127684.110069737,22513853.14734315,22493126.916610964,-8726048.945514187,-3175505.3407219606,-6426017.4140841635,-6783358.683836908,-115902927.60606608,-90399544.3122412,-103380061.95654379,-106976743.45322737,33.648666666666664,63.60466666666667,45.1665,44.133266666666664,41.910333333333334,78.15466666666667,55.871,54.59585,13.191,15.660333333333334,14.065,14.055266666666668,4.225779780780239,4.076316035976438,4.133615568541251,4.173467470098909,0.653260329887249,0.6561061755115599,0.6556112159146087,0.6542563758557578,0.1984975691355055,0.19173783539172176,0.19515821100168698,0.1961316623251812,0.06430038088341365,0.060146895172556565,0.06216783406519964,0.06284666088461367,53.463565544998886,59.012552186335604,56.37680591456707,55.405710869466745,116.73438013239011,107.14952991100769,110.64905958571873,113.37968255490627,296.2923620977072,780.3555326645995,471.69293585668476,465.7144717961195,100.4991832933143,212.24657576712934,146.61836062189087,139.61077065914958,1412279.5457665739,3134733.975940113,2069856.564800479,2015138.5963273123
17,2550.890758830796,5612.404693012908,3725.433326965997,3622.420635794535,12187335.76235082,29731800.404890146,18725548.4555226,18327898.387239583,4063129.912939523,7771937.9572444,5499863.6742243655,5361212.72844623,1221550.5682306702,2469001.1707118326,1707691.214559571,1658158.279099077,6396530.328565511,7592336.602666064,6786418.444203925,6815062.524500705,607545.495362926,683686.7787379778,627967.5741052018,634194.9445441941,1691779.9228818945,3973398.4347582017,2549145.8949242546,2490346.402038602,4822069.881437948,5867421.8859110745,5132588.207115357,5187943.083003542,1413667.0424422754,1552793.6036109775,1360981.6079075946,1462361.338851321,20862641.610513955,31461347.326469403,24645682.298599645,24572188.611098364,-8675305.84816314,-1729546.9215792601,-5920133.8430770375,-6244290.223858782,-124578233.4542292,-92129091.23382047,-109300195.79962085,-113221033.67708614,36.48466666666667,72.23266666666666,50.1275,48.99646666666666,45.37133333333333,88.61766666666666,61.8855,60.507549999999995,13.636,16.392333333333333,14.625,14.600716666666667,4.043665997197582,3.897176681872961,3.95208352375299,3.9923947368339645,0.6637772030965694,0.6664895273376547,0.6661433787965998,0.6647265165809493,0.1922553228331605,0.18550972933771162,0.188921208764919,0.18989436510975338,0.06267580789175584,0.05867599994177985,0.06014740410151689,0.061275875109264244,53.6076930543641,59.18865459297031,56.53581475741386,55.56102959287627,111.70748793361524,102.42938950277838,105.79182168768524,108.46015348282234,327.2683098331151,922.2864774241381,543.8821397416244,535.5246684899731,110.42983258993617,242.0877626566788,164.35264198214736,156.5101081132961,1609962.8454236155,3742826.815402167,2413175.3599888477,2356465.2349161087
18,2878.2942757136534,6648.267469358745,4308.869544193754,4197.7848934894355,13776411.342724081,35302273.92198957,21708916.153386626,21310463.245467,4435968.493095784,8893694.834390124,6151135.266882348,5996172.712548804,1336529.4185214273,2832261.764880397,1915617.004811772,1860035.7397470665,6686140.636389196,8038847.803644807,7144068.737266616,7159588.14492866,643051.1959736651,736036.530981307,672164.3186714055,675596.0632263398,1918013.9421009775,4729582.113059965,2963911.1568481377,2902062.801936623,5056528.362119503,6267191.0396050885,5433455.880983301,5480260.2992394585,1621842.7462550465,1471661.0343005916,1626699.166073061,1569279.1470709872,22428839.19800384,34810369.85384209,27044526.179694977,26762374.927547224,-8652427.85527976,491904.0681474801,-5335610.0263083475,-5451911.682080227,-133230661.30950898,-91637187.16567297,-114635805.8259292,-118672945.35916638,39.464,81.84133333333334,55.522,54.29606666666666,49.01166666666666,100.26,68.4575,66.94858333333333,14.084,17.151666666666667,15.216,15.157683333333335,3.874946622405722,3.7306076958336587,3.783437889791726,3.8244279981054996,0.6736914004631144,0.676430857578007,0.6762395777129985,0.6746502104533267,0.18623901512543217,0.17951374667591827,0.1829134277724403,0.18388517116810232,0.06136270095623687,0.057155708954449984,0.05959762202420193,0.05989025375561145,53.75228871120008,59.3653703567021,56.695355604493535,55.716867287125794,107.04922281610835,98.04322415639162,101.27620548789422,103.8971232852075,359.6543109934186,1079.2482093057722,620.3155540789896,611.5121754027424,120.67723296709892,274.568179865048,183.2621400293288,174.5390643813811,1828100.364352623,4459770.060733521,2808832.2683283905,2749184.7580859372
19,3240.678458609883,7831.072000650655,4973.434337085611,4847.316198324153,15541756.153731856,41690540.7475496,25106475.012833145,24693830.761568066,4837856.02303591,10143584.353653377,6869478.065903638,6694860.9387520235,1459956.301959412,3231058.6898971144,2144575.5768984477,2079842.1377376078,6988928.424685542,8503956.49284267,7512128.027789324,7519188.2485405365,674580.2868625919,787397.3177615751,710729.1515096175,714066.2476772361,2165999.5414046803,5606043.556210949,3432913.710312998,3370014.9465868743,5301267.812750112,6681691.670096811,5747795.863995495,5784416.162821457,1867935.7641608377,1809549.6354546454,1556590.901943862,1847500.6191136704,24120952.363888342,38937400.33073118,29290065.3916207,29306709.152283337,-8579196.210156484,2753140.4168184297,-4183590.3787875567,-4612878.390715265,-141809857.51966545,-88884046.74885455,-118819396.20471676,-123285823.74988163,42.653666666666666,92.37566666666666,61.412,60.05636666666666,52.891,113.04166666666667,75.609,73.94373333333334,14.546,17.92866666666667,15.811,15.729933333333335,3.7177080902538315,3.5759640440939644,3.6269440483448387,3.668097674097878,0.6831883712628548,0.6859184950962284,0.685790227350714,0.6841439146045356,0.18043965296627917,0.17374039754797158,0.1771256260658778,0.1780949135698715,0.05924670532018236,0.05617574366327207,0.057489705406363965,0.05817186874026376,53.89735422306915,59.542701842050185,56.85543044397479,55.873225889712515,102.71101621675491,93.9719498298058,97.08572134927564,99.65234298132272,398.1513599842729,1242.8098716500572,706.3051492200153,693.7818390672974,131.0419926211144,309.39293251362693,203.06586523317236,193.46482158349377,2066461.7014086118,5295341.088298435,3256337.423007994,3196569.4868200496
20,3631.512616846795,9190.935220345842,5699.796977900796,5577.310528071461,17451520.501387976,49048697.57320858,28830156.685871672,28510532.476525187,5259368.270072909,11547304.860198542,7641713.942542782,7460146.0766168805,1588303.0986243861,3671632.2159689465,2383252.927054021,2317468.2896949826,7299673.621100701,8990591.630248044,7891824.021326899,7891494.924302271,706883.8108296957,839689.4437095253,746563.0327263365,753365.782337636,2439566.3828152143,6612808.115863977,3961103.019956139,3900200.9893822814,5549218.043139805,7114847.414606199,6066752.0577623425,6097188.323153043,1649466.199423695,1847679.0167827345,1758217.0032469502,1718840.685499359,25418425.89904986,43182021.767115854,31960792.15518003,31635684.452872954,-7966905.397661885,5866675.806092718,-3130635.4693083586,-3125151.9763477747,-149776762.91732734,-83017370.94276182,-121950031.67402512,-126410975.72622941,45.948,104.01566666666666,67.6195,66.27168333333333,56.889,127.155,83.1555,81.4821,15.012,18.729333333333333,16.4145,16.313066666666668,3.571026102561704,3.4318498045913928,3.4825484987477155,3.522314398272095,0.6923287659929216,0.6950347232369761,0.6946747906985238,0.6932758510283407,0.17484369345004078,0.16817984197914057,0.17154759261850672,0.1725113454352257,0.05816260263790009,0.054640399400988984,0.05636260513349953,0.056929831504981196,54.042891304285995,59.720651423339845,57.016041272069735,56.030107345954846,98.66185411978478,90.18141098023365,93.22081958779978,95.69369902094188,433.21183902174135,1436.9080149261417,780.5270721246712,784.5055005882814,141.64156853650925,346.0438281318501,223.72020116370888,213.18235939487855,2331263.4230597783,6253581.112132441,3765971.2519249716,3704074.61423521
21,4041.336002833883,10737.402608514736,6500.50715759046,6384.959314822181,19458306.430734895,57439145.473761156,32941057.205591187,32751600.095794085,5693488.714140846,13112513.948394518,8471276.902447531,8290147.546129631,1715315.9757412532,4155108.4261002005,2635443.3276255294,2569243.333366885,7607924.909978435,9492923.7194914,8276097.645602249,8267674.493307973,732149.0312886364,891914.2146399285,782975.0364450446,788066.8454615886,2733002.5064351866,7769260.731818954,4541564.800876629,4495692.885319505,5795614.173275031,7561294.326108659,6391165.579728058,6413602.2267668005,1619843.649094545,1652248.587659689,1653315.3891968997,1631185.3775923452,26930041.74097998,47630641.92254321,34478928.53830625,34175251.80452711,-7471735.310245079,9808503.551217964,-1537871.3327150645,-1423651.7087330143,-157248498.22757244,-73208867.39154387,-123487903.00674017,-127834627.43496244,49.25666666666667,116.776,74.187,72.88843333333332,60.911,142.63533333333334,91.126,89.51451666666667,15.461666666666666,19.542,17.0125,16.889783333333334,3.4355032802350536,3.2979155749163978,3.347589418079218,3.387347583373524,0.7008130047438134,0.7036632476766208,0.7032588136675584,0.701810589770296,0.16942068824203285,0.16281073641674149,0.16615151454150634,0.16710720510318086,0.05729228615700924,0.053347322109577856,0.05532512386503693,0.055911548740408254,54.18890167594576,59.899221484745475,57.177190093068454,56.18751360902566,94.92335107495236,86.65965895301359,89.60945331701261,92.0310588322738,461.0977249079605,1647.8243833506783,868.1651919835115,876.4520553629117,152.24799209002327,384.3984760584193,244.55414590014553,233.5006614789619,2617728.0752081964,7357304.635981285,4324523.50288075,4276579.871478777
22,4482.851498521124,12488.396737517367,7377.921377742259,7284.792332169809,21620967.712897375,66958059.615820475,37464926.541015565,37488949.87892046,6155336.730566508,14849475.507522512,9363585.543689061,9198285.302501108,1845857.5854004396,4683429.976928472,2900400.13140333,2839007.922435251,7928329.503435671,10014308.708355982,8677249.985152438,8658422.22515778,753468.7840384322,946312.3425457313,816393.6753394741,820964.0295159868,3043819.357677415,9087002.627705636,5180594.861917748,5158933.502187292,6046405.673171544,8026094.907759657,6723388.905901303,6739296.905277384,1385987.2551000693,1408137.0707329216,1228627.0267613716,1393739.6905715675,28306638.951803792,52507548.352586515,36855054.14367957,36776957.242077745,-6685671.238906418,14450511.263233952,609872.3973359973,711992.6368427109,-163934169.46647885,-58758356.12830991,-122878030.60940418,-127122634.79811974,52.683,130.70833333333334,81.108,79.99186666666667,65.097,159.52633333333333,99.5415,98.14726666666667,15.922,20.370333333333335,17.6255,17.478916666666667,3.3098197667965064,3.1735370727607806,3.2218908691610846,3.2621208238840023,0.7087555473851608,0.7118396137316229,0.7114812718575528,0.7098349706064224,0.16415113271373857,0.15760170608878857,0.16091372769185758,0.16185883339500606,0.056081674635331834,0.0524212264463331,0.05388362966675283,0.05480051776918227,54.33538706595272,60.07841442033363,57.33887891937368,56.34544663998604,91.45098049110206,83.38877708722845,86.24643476476061,88.6292092997463,500.2935722687226,1884.5232265658417,957.7451243162839,984.7739512727143,162.58642650094822,424.0419102487449,265.65930647395703,254.09584581267706,2918745.9646102344,8615871.821064174,4941158.580838678,4912740.014369113
23,4947.433632428979,14453.66088825513,8329.348996632292,8274.613171968133,23903675.282370046,77681408.23774406,42382281.14418721,42725881.81675095,6620691.261455673,16768957.42605954,10306178.287388276,10172584.419067025,1975113.3753279203,5254042.636533529,3173388.0474378904,3122738.6167498827,8249605.521808558,10544508.737327522,9074808.169203471,9052821.647240195,770651.6773140349,1000876.5318150138,845205.7067727065,851230.3763893775,3376173.740330316,10577316.576476067,5883068.333690125,5896573.732981329,6296411.126373769,8506507.410119472,7061138.110044536,7069944.825684765,1152025.8918046728,1105392.2604086031,1130664.6639758113,1135704.1208160482,29709190.247331046,57809781.296844736,39697866.58569348,39544397.11466083,-5805514.9649609905,19871626.94089933,2684414.558493734,3181484.7020901213,-169739684.43143985,-38886729.187410586,-120193616.05091043,-123941150.09602961,56.11633333333333,145.827,88.2775,87.51506666666666,69.25433333333334,177.87166666666667,108.256,107.2704,16.369,21.194666666666667,18.2165,18.057983333333333,3.1921927295086587,3.057803580558342,3.1052282057104854,3.145156527376048,0.7164261247691126,0.7196132931612165,0.7191501068493026,0.7175416337063489,0.159011625699803,0.15253782599822008,0.1558076712049882,0.15674579580424897,0.05478106468331526,0.05117590497447345,0.0529696943783897,0.053519258785220625,54.48234920904878,60.2582326341065,57.50110977153559,56.50390840781898,88.20421655123324,80.34539176639667,83.12305850255257,85.45362787654045,532.1143335828403,2134.4305364119828,1053.3174101511615,1092.9250045730403,172.8171990397987,464.4772276384,286.6117802009416,274.8982090493091,3243145.156934606,10043708.942373069,5619738.981152334,5623342.481838068
24,5434.882684129149,16644.33784781219,9353.656579058546,9358.191991418213,26305746.494247172,89662318.93211265,47691727.59623725,48480546.847500086,7106439.59526455,18865248.464052908,11302767.321623646,11222022.699340474,2105171.342425408,5858216.093854174,3454494.329894753,3418737.005425476,8574575.977048667,11100297.375729235,9494927.187571423,9458578.466586865,785201.7546837383,1057975.8281138237,871842.2051508985,880672.6803842683,3726034.8207090045,12252156.866428979,6644015.898150215,6710177.536710995,6547660.184923914,8998497.623759205,7402970.7258510385,7405453.288516266,848402.761323501,817467.0350829981,805812.5518793409,837575.257139325,31089493.486598052,63626871.81760719,42478542.24184874,42477575.90245125,-4783746.992350884,26035447.114505477,5213185.354388514,6002970.945048842,-174523431.42379072,-12851282.0729051,-114980430.69652192,-117938179.15098076,59.595666666666666,162.08166666666668,95.7245,95.46576666666667,73.492,197.58133333333333,117.3035,116.92326666666666,16.809666666666665,22.048,18.8355,18.64308333333333,3.082050556997445,2.949654781943175,2.9962241434432673,3.0357120357284506,0.7238120527331777,0.7270707553982056,0.7265298776883028,0.7249525986659375,0.153970117756325,0.14758885623350024,0.1508273559778931,0.15173667622333634,0.053241086091911805,0.0498956303323968,0.052072467100765005,0.05207017657608155,54.62978984684218,60.43867854004533,57.66388467828686,56.66290088946329,85.16301387053029,77.5010894390857,80.20658799645126,82.48134031952469,561.9341134139914,2399.7825230694725,1146.6949060885333,1205.1810567934099,182.78056947544337,505.1093337254197,307.298931932999,295.5956369629351,3585551.2923555067,11652211.235661611,6357342.171628082,6408882.272512643
25,5945.456848942195,19034.477404863508,10449.834887977991,10526.614043514655,28822548.543442953,102775848.44471495,53376172.848290145,54706203.508888155,7604607.233018083,21105525.895207595,12338863.645239117,12329928.76478441,2231877.904981166,6489175.507298932,3740032.2019127407,3721932.065792384,8902276.467994936,11659964.55066988,9910842.200497417,9867467.296931166,797664.64990525,1117741.9847037315,898742.9529299475,909691.7170847184,4095442.064685047,14112121.795823768,7464437.301838392,7601279.970583599,6800688.452437069,9495406.656495754,7743458.50158699,7743839.823857609,652042.0325043481,626335.2233153451,703131.5833801402,643044.649288197,32614401.849559482,69968229.17566986,45599629.18520145,45688241.413698114,-3791853.3061165316,32807619.26904507,7776543.663088698,9017962.09519003,-178315284.72990724,19956337.19613997,-107203887.03343323,-108920217.05579074,63.08133333333333,179.088,103.299,103.68366666666665,77.73866666666666,218.20433333333332,126.501,126.90164999999999,17.244666666666667,22.883666666666667,19.431,19.218316666666666,2.9792750531126093,2.8486415887452483,2.8940965528440783,2.933553340584033,0.7308303511478998,0.7342388503593092,0.7336632534529173,0.7320233258718931,0.1490227378763429,0.14273098298542708,0.14594796775696567,0.14682062366452237,0.0526748376984414,0.048857738126095646,0.05105640731883833,0.051338852848120384,54.777710727836435,60.61975456215422,57.827205676577826,56.82242606984766,82.32488078036808,74.84431462231062,77.47059851438529,79.70668262504796,598.3203621918858,2651.0958240274836,1242.712649611219,1316.791773834345,192.4191046774576,545.3039501921273,327.6158545373271,315.928800607592,3945861.974137076,13449347.8398169,7153759.1394355865,7272082.027125014
26,6480.7339273411235,21669.732949954345,11602.8832767287,11796.88358525575,31471606.86495929,117262078.22145656,59377798.69036701,61498271.83973333,8121449.925982259,23535702.41680144,13411623.005240612,13516438.297768973,2356972.766271655,7152263.17948264,4020235.6621882534,4035324.4108954994,9236120.203122886,12242014.223927775,10328357.008822119,10288183.110404598,810776.7046991005,1183041.1025237388,926765.0942869816,941069.2439377238,4481458.388720101,16156605.814344589,8337808.9745077025,8567759.987688672,7053076.722320529,10006351.201704813,8081798.000260439,8086722.790105028,454726.2158381301,426623.7095726211,493145.4844614552,444890.338645202,34185104.31072684,76822518.22120024,48714236.2325746,49108199.17939253,-2713497.4457675414,40439560.00025633,10663562.457792403,12390072.660340812,-181028782.1756748,60395897.1963963,-96540324.57564083,-96530144.39544992,66.63133333333333,197.18866666666668,110.9695,112.32639999999999,82.05566666666667,240.15633333333332,135.835,137.3909,17.679666666666666,23.740666666666666,20.0115,19.80101666666667,2.8830738352526,2.7542283675648322,2.7982539016394354,2.8379779215618814,0.7375389480397835,0.7410846288888266,0.7405983547885922,0.7387799363369486,0.14416188399681554,0.13795969240904896,0.14113893554330498,0.14199111694109723,0.05140908913632219,0.04811710383138982,0.04992441974016421,0.05025689427959586,54.926113607459186,60.8014631345041,57.99107481161174,56.98248594192491,79.67062001645421,72.36415802297101,74.90773951671522,77.1133583187351,632.3044288146319,2960.9141905493884,1325.5321890567213,1447.3178454217966,201.77168628613305,584.1333648523355,346.9323137254436,335.5982737843039,4323382.281516443,15416377.26670724,8006425.927243522,8205930.526333222
27,7021.377226790645,24492.50649253104,12831.152951094502,13136.272469799784,34157860.44145278,132811361.21509808,65781063.798715666,68686585.71222863,8626804.826298086,26084213.60012962,14528827.693776246,14736897.897139123,2470712.881052731,7819241.686760109,4304099.058136096,4342697.963050313,9565663.569501907,12823936.763391556,10765022.529266011,10706059.187363284,824015.9788947245,1253538.009615361,956688.2985171597,974348.6896469473,4882564.201211612,18394718.893097542,9262536.760372227,9611818.343371687,7297968.902630783,10516565.231197132,8423473.37089036,8424477.617629005,325579.5600174766,389160.0033399868,258733.86877699936,347832.7151803552,35806623.261720516,84214127.83093628,51950332.77470421,52749249.86094603,-1648762.8202677367,48597233.38416181,13830731.024011455,15937335.851282602,-182677544.9959425,108993130.58055812,-82709593.55162936,-80592808.54416728,70.01166666666667,215.759,118.818,121.02323333333334,86.158,262.67066666666665,145.358,147.93743333333333,18.091666666666665,24.572333333333333,20.6105,20.3599,2.792960452383212,2.6653292251284437,2.708480542344767,2.7482895228440434,0.7440211628328652,0.7478120937669117,0.7472419780108973,0.7453479886597815,0.13938808903704372,0.13325769589601397,0.13641985651759408,0.13724245143768332,0.05006267579492279,0.04730322669140775,0.04879863729940073,0.04909686860869253,55.07500024809137,60.9838067012768,58.15549413688031,57.14308250670627,77.18384443924862,70.02561318830809,72.50471139457245,74.67846350141943,647.2926858708693,3221.6286395162338,1423.467827268704,1548.3102696467467,210.71247052096615,621.4515098336465,365.62927450458926,354.47113428040427,4720741.029743894,17589311.733218487,8906669.803555049,9224740.775960002
28,7583.2592771972095,27523.979770338396,14097.063119662855,14562.511449796624,36958776.997546144,149560662.579042,72411888.52602813,76369436.95106968,9146914.973214116,28804530.184405733,15663823.607287658,16027080.297131183,2581916.7948926245,8490579.650040792,4572207.331028432,4649948.794194483,9905986.921339005,13419388.633406974,11197026.99938673,11135677.520562794,837869.431692799,1328676.7910572197,987171.3417432185,1009652.0074703463,5294590.677802187,20797945.49212283,10241778.789493661,10720764.862814412,7543181.149625939,11032535.353241714,8758663.289672108,8764455.120891461,115204.82760041075,109001.58405940165,178869.82473454525,113033.69236105756,37387989.61969353,91791438.14650041,55399541.70436343,56429196.60407594,-429212.62214739225,57769224.43254159,17012346.821664695,19940240.346993748,-183106757.6180899,166762355.0130997,-65697246.72996467,-60652568.19717355,73.37166666666667,235.19466666666668,126.577,130.00971666666666,90.26133333333334,286.249,154.792,158.85701666666668,18.514666666666667,25.408,21.185,20.927333333333333,2.7083739471528765,2.5829721198690243,2.625499267414584,2.664483307603528,0.7502549556983137,0.7540382854541723,0.7533583169173537,0.7515791211128642,0.13466776047033457,0.12863922839704992,0.1317835777575289,0.13255777424468493,0.04943257308877484,0.046450091833734594,0.048329215967948834,0.048388704649510755,55.22437241909649,61.166787716809445,58.32046571419926,57.304217773296024,74.84681467316396,67.85897630814496,70.27923619111935,72.40107124540731,683.6464463370835,3504.9652394324703,1498.4768787452495,1671.108023920469,219.12982933699124,656.343309859419,383.4132890450433,372.15454751984095,5123679.066217916,19921704.182264708,9867159.56980735,10302987.856834292
29,8151.7678061524075,30703.541255579144,15442.899720274225,16044.888513451766,39799929.585084215,167217617.95218962,79477130.58025339,84396120.51357111,9664102.950716028,31586379.083266895,16873636.31396319,17336899.59710883,2683359.0082225464,9145789.523724603,4838552.670700304,4945209.688648266,10241301.366875615,14016578.780570768,11637370.085974898,11562648.46166892,851821.0962639252,1407577.0493163473,1019641.7989847729,1046335.6798322729,5719229.703159644,23369407.31240895,11264291.106762055,11896791.8663969,7781222.019888919,11539925.156123301,9096952.662476439,9096768.117570952,160993.00193413472,103482.12890835873,114343.92368607914,140864.19637511313,39215259.570711985,99901101.06893247,59016819.1233178,60455304.09508916,584670.0143722355,67316516.88325715,20460311.456935585,23940816.418481953,-182522087.60371768,234078871.89635682,-45236935.27302909,-36711751.77869162,76.64933333333333,254.55633333333333,134.7075,138.9167833333333,94.24066666666667,309.7423333333333,164.668,169.66625,18.909666666666666,26.224666666666668,21.758,21.46991666666667,2.6293570450437653,2.505327516941606,2.5482630448471673,2.5859467102080096,0.7561516214098066,0.760119320097303,0.7591096278953076,0.7575403159504304,0.1299861724241528,0.12407632231079993,0.12717958920537842,0.1279177248844793,0.048391512939703014,0.04551467496316288,0.04723500493000609,0.047384619647913975,55.37423189684982,61.350408645638986,58.4859916137442,57.46589375892603,72.66291867090264,65.81651204863033,68.21340977833205,70.26667635310733,701.6526141108926,3741.231702210599,1610.0313114313467,1765.5052949457897,227.23247800461618,688.5782338320363,400.0708674899861,388.7034925442132,5543816.549631921,22434099.3868563,10861783.278904216,11455415.542660452
30,8729.066560505647,34048.1132021406,16811.916915265465,17590.73288507788,42697603.53083031,185827630.13148814,86688052.21784091,92793112.84106055,10185095.822172143,34489494.969234385,18067086.808823157,18691635.523643926,2773536.83880004,9784484.18890222,5082321.415651028,5227368.411335804,10568774.588061424,14616876.162227992,12077703.185918331,11985610.139019724,866136.447722331,1490779.148761109,1052363.9820843667,1084761.3930859033,6151784.067855585,26083108.200533286,12337614.58101667,13127747.51429278,8016140.900146475,12045627.9692835,9425743.22226646,9426461.374344435,167206.84792721833,174938.9283768972,108430.70422479283,169913.07608460594,40995502.01403503,108390318.36478253,62703040.73375017,64583687.736796655,1702101.5167952792,77437311.76670562,23985011.48409073,28209425.104263894,-180819986.08692244,311516183.6630624,-21251923.788938362,-8502326.674427763,79.83866666666667,274.31166666666667,142.4895,147.90421666666666,98.12066666666666,333.707,174.121,180.5758833333333,19.282,27.021,22.314,21.990650000000002,2.5550401856109293,2.433041706998943,2.4754281646514,2.512340718096734,0.7618877563862078,0.7658237835501699,0.7647256065856489,0.7632653658935945,0.12531425127044857,0.11956534926226042,0.12259868182123304,0.12330213556758271,0.04807395082769792,0.044918995525482466,0.04624818572305701,0.04696971647192251,55.524580464768114,61.53467196254698,58.652073914086515,57.628112488990716,70.6151809378926,63.91217223799157,66.2629664490321,68.26912789292724,727.1785203718136,4001.862030819365,1664.1799759146513,1873.3177490284565,234.84163962005428,716.8653495147731,415.87922351178634,403.54993808320586,5969989.437762633,25082642.69282844,11921569.587038007,12659418.077035666
31,9322.053248269278,37550.35434209894,18233.7954760613,19201.958631109657,45682535.35278023,205357929.32111642,94199558.14715244,101568923.2416979,10724550.14449682,37505368.617779784,19300544.21767994,20097836.61014586,2857683.056136855,10400099.245012052,5311891.812861538,5497528.722243174,10912403.80341066,15220524.667914938,12512948.376920301,12420246.105987158,880832.6619546496,1577950.1576497226,1086473.9620720954,1124823.7854479253,6593332.034730383,28939899.86050916,13441877.216449924,14414630.773752956,8247230.46935171,12543477.130946793,9754494.215155357,9750916.800909989,523592.38636353303,552398.0126443602,645579.9959967912,533674.3555618225,43164779.95970026,117467054.88277411,67001128.28504435,69170576.1827761,2517755.393079977,87890874.4383423,27198429.8621081,32398347.058921788,-178302230.69384244,399407058.1014048,5946506.073169734,23896020.384494066,83.063,294.33633333333336,150.3455,157.00866666666667,102.05933333333333,357.981,183.6735,191.63191666666665,19.672333333333334,27.801333333333332,22.849,22.51748333333333,2.4858230469699034,2.3653979917092007,2.407357405870989,2.4436742776286575,0.7671931857954032,0.7712738057117285,0.7700249326689145,0.7686214027661171,0.12066781213484973,0.11507840560201385,0.11802773533288974,0.11871151984835718,0.04708635778960761,0.04429785777065777,0.04557935528290035,0.04611038278297517,55.67541991333902,61.71958015260448,58.81871470222951,57.79087599708193,68.70034686177418,62.136089007159065,64.43841068322747,66.4028566126589,754.7660204233459,4263.021363143753,1754.6775350951552,1982.6553903754884,242.13739490330553,741.8738078220869,430.5133968668053,417.04513942487904,6404640.529624547,27874144.519723225,13003207.832676137,13918966.926159084
32,9920.66594443911,41186.17164081197,19674.53215892768,20863.592938169608,48709489.96974536,225720992.44622266,101847163.13515796,110663515.83651242,11253779.11013212,40595770.906792365,20536384.12966957,21523476.238963205,2928766.0171018937,10983781.839065546,5514414.895338688,5748021.554789172,11247148.714233821,15821759.949853318,12954174.102320343,12848262.646700645,895785.4944550077,1668452.1002204358,1121088.9324143543,1166218.8064729075,7045396.069955067,31924624.52483665,14582665.875361511,15753126.02916362,8472898.207143867,13030981.60220561,10069795.069834959,10068227.395415477,865677.2091314528,1072665.7956723832,892999.8133042307,938123.2144207784,45295320.31607658,126893337.1827768,71020732.95816611,73854626.21942165,3414169.6536687817,98827655.26344587,30826430.176991835,36808889.61709076,-174888061.04017368,498234713.3648506,36772936.25016157,60704910.0015848,86.14333333333333,314.3226666666667,158.008,166.0061,105.807,382.232,192.9825,202.55575000000002,20.034,28.556333333333335,23.3755,23.016816666666667,2.4207315334757054,2.301673722550577,2.3435997048082995,2.3790612996519105,0.7723218988541183,0.7765284712615845,0.775059151472826,0.7737941991967314,0.11601680551194264,0.11061804955331235,0.11347534628303632,0.11412724092642204,0.04613313148349485,0.04296890161626862,0.04477586682217941,0.04502565102996567,55.82675204015091,61.90513571121728,58.98591607364468,57.95418632502413,66.89902233765646,60.461708093502295,62.73436406918125,64.6459623522025,772.0630681521303,4483.740506676744,1810.9286131545823,2071.150171635745,248.93821033537932,763.4269895603728,443.71089347802234,429.00928306412703,6852380.3029170325,30803689.39816746,14129933.722072866,15235338.48625468
33,10522.175158235788,44856.08859705617,21106.076230697043,22539.044861822924,51758910.08556394,246403241.44068667,109478550.21561746,119884426.05985689,11781051.631555924,43665868.709279954,21736558.66315803,22940737.608759336,2988470.1854659966,11497146.461745713,5679768.292614646,5966506.882163897,11584165.374218434,16416612.372209145,13377927.605744125,13275521.823515184,910625.0965471916,1759026.032498432,1155582.4939571149,1207565.424130126,7504308.813264,35020442.78888725,15737039.793477573,17134955.704732135,8690652.228578623,13501457.979025243,10373130.86532201,10374434.24123494,1046679.9492953431,1029882.7310759337,1233486.7543083918,1040800.9229185497,47253673.1271247,135771272.82781434,75044377.5032498,78234833.02236608,4505236.958439244,110631968.61287233,34434172.712367676,41649593.03749082,-170382824.08173442,608866681.9777228,71207108.96252924,102354503.03907558,89.133,333.5523333333333,165.1765,174.67976666666664,109.43233333333333,405.57533333333333,201.6935,213.08238333333333,20.386666666666667,29.27466666666667,23.8545,23.497466666666668,2.35951694866476,2.241780084117266,2.2835709660176273,2.318309046073137,0.7772262967138983,0.78160238199584,0.7799539631045702,0.7787579265625779,0.1113984326474997,0.10621039031077036,0.10895648054510772,0.10958261782964443,0.04558141138947688,0.042834768907855335,0.044036637080394854,0.04462008652090933,55.97857864992277,62.09134114417123,59.15368013230819,58.11804552290973,65.20660150113483,58.88523187086262,61.1237047862959,62.99412213053956,791.5412712087833,4649.175687815389,1839.8612928155244,2141.7133170210955,255.29448157187878,781.3084838144574,455.59109321165306,439.3993823567813,7306423.495461804,33858148.8669334,15277074.470273692,16599527.375476863
34,11129.963132582516,48628.80215950609,22596.69026788797,24254.556792005766,54849989.2285364,267702986.13775992,117443922.6105472,129348538.14676462,12309817.198964601,46836184.52454368,22989220.240320764,24394045.76291728,3035460.768742091,11968534.353071894,5837612.341668,6162036.523257522,11913532.644478973,17017781.679012783,13821133.656729983,13700019.806565806,925793.6530462243,1852483.5612222045,1191079.420342949,1250135.1209078173,7966383.474616132,38176944.34253143,16905288.818246376,18540079.778386485,8904794.965700714,13964418.253617939,10674229.387295656,10675663.116471743,1459730.210422557,1357507.8928522456,1113578.3947071838,1423952.399272948,49427497.117753394,145173564.3926905,78702657.61078317,82938620.66398138,5422492.110782991,122529421.74506941,38741264.99976402,46409917.482783236,-164960331.9709514,731396103.7227924,109948373.96229327,148764420.5218589,92.03966666666666,352.88233333333335,172.525,183.3346,112.959,429.033,210.613,223.5849,20.716666666666665,29.983666666666668,24.353,23.960116666666664,2.3018339917352275,2.1861518552203805,2.2268248804647555,2.261345243955031,0.7819869167437107,0.7862954542630088,0.7847122907385751,0.783494904875465,0.10682355121017942,0.10187000899356961,0.10451007485352996,0.10508981143436599,0.04470709574132612,0.042158741980759924,0.043290015828681645,0.04381517192512795,56.130901554534205,62.27819896767781,59.322008990737395,58.28245564913446,63.61091600686301,57.42471136404309,59.60414522261624,61.44574438187604,810.1878471261631,4865.832505713714,1934.0251436150193,2229.663477631806,261.1034437273124,795.7068932980184,466.31147011296895,448.21465107705944,7763836.512834591,36960486.21610301,16421782.53234262,17982663.908978537
35,11733.613430004207,52435.563042292,24072.380519387647,25979.295794304933,57932146.503427416,289326368.8696491,125383416.07510747,138920124.33160502,12841202.80187696,50005371.46392802,24207383.73223901,25848661.833594833,3069801.54572656,12372810.04717865,5965118.740475971,6325854.521234792,12251640.520822331,17609468.706291508,14248491.087335654,14126880.385736544,940944.3865910812,1946983.0204969137,1226781.763635923,1293057.9084581225,8432477.025672743,41412990.437480874,18108209.681172434,19975656.719805587,9112266.604147505,14417226.102249004,10962917.644990416,10969002.428483028,1993707.5776484788,2007400.2191049168,1819806.2278780886,1998500.002158232,51717764.285703644,154907156.61559573,83126634.50970295,87834051.60116586,6214382.21772378,134419212.25405338,42256781.5654045,51086072.73043914,-158745949.75322762,865815315.9768457,152205155.52769774,199850493.25229806,94.842,371.6166666666667,179.4125,191.71313333333333,116.389,451.754,218.9725,233.76675,21.051333333333332,30.656666666666666,24.811,24.413199999999996,2.2479136571461305,2.1333145677233376,2.1733707499288384,2.207803975848153,0.7864534415659085,0.7909596650973516,0.7893207726780759,0.7880306198019136,0.10232429566152693,0.09758135820799059,0.10014313071837873,0.1006642675527892,0.04405248539700496,0.04182624098148937,0.042921857502107884,0.0432732998515745,56.28372257305555,62.46571170841996,59.49090477002767,58.44741877043309,62.120305094568856,56.03474127078303,58.17052431965753,59.99035775624382,819.9145655691431,5030.170067267533,1966.4851583614206,2293.5039911635795,266.6770178070009,806.9311750176993,475.82550701154975,455.76597283074534,8227498.384280458,40155447.92066398,17616588.391582076,19402280.72201469
36,12340.329230553734,56327.86051578937,25544.70245109417,27735.965180386203,61052742.96453158,311515997.94057137,133343026.29879855,148714882.2061455,13370249.278247297,53240035.09721847,25423393.499799933,27324674.314887203,3093582.167887923,12725993.604201589,6065562.012007302,6464926.170597705,12583168.905387197,18201098.852698326,14686703.649378136,14549444.386946091,955991.7823931763,2043162.3575399125,1261882.999482186,1336501.4836945338,8899214.770679021,44703080.44781282,19309036.436362352,21430567.75767585,9313183.31634765,14853022.164728671,11236212.18507141,11252126.913281007,1848380.2706256593,2051097.2266037038,2070505.8216564464,1919331.205217975,53304786.86340402,164117138.53083917,87060964.21089655,92089109.94700631,7747956.101127549,147398859.40973225,46282062.08790201,56625772.259139195,-150997993.6521001,1013214175.3865781,198487217.61559975,256476265.51143724,97.54966666666667,390.1813333333333,186.0355,199.97074999999998,119.69066666666667,474.2726666666667,227.039,243.79436666666666,21.363,31.31,25.2705,24.84445,2.196398364460893,2.0838711394402067,2.123675046376564,2.157013835703653,0.7909105502183705,0.7953608234607923,0.7936032268546559,0.7924681458532181,0.09792661729927359,0.09336011933283914,0.09585459838778834,0.09632834301102153,0.043470349650911864,0.04087293570436525,0.042273983737199136,0.042561254769620555,56.43704353177817,62.65388190359803,59.66036959988936,58.612936961915125,60.697518910194574,54.737944444019014,56.84161381608711,58.61166784703313,837.5711806596404,5216.500469461798,2006.0961003849286,2370.1964317403954,271.81474982545285,815.3501325677291,484.09364209029997,462.05213378524957,8689821.975514112,43398955.33044737,18807512.411266122,20838018.649740748
37,12947.90537248435,60247.63149061936,27017.571182868807,29502.809513831602,64183057.42054209,333978644.7900382,141347584.23540267,158611512.99986574,13896480.817248479,56494907.53791213,26631851.244186174,28805930.169480756,3105299.840535976,13021155.853084996,6141827.363022487,6575849.444928133,12914951.723062515,18784925.55664259,15096438.815975964,14969442.56481554,971221.8410673253,2140478.3479395662,1297244.7683297119,1380461.6184726097,9370252.331025112,48074542.91477418,20512696.197164673,22916754.035337284,9510326.710985964,15279533.051710002,11497687.113040594,11529548.930239378,2164069.381451389,2103061.6930814376,2407028.9154060124,2142716.690521906,55339534.335512124,173377222.33534217,91013012.37851195,96652725.13545263,8843523.085029969,160601422.4546961,50334571.85689073,61958787.86441311,-142154470.5670701,1173815597.841274,248821789.47249052,318435053.3758503,100.178,408.30733333333336,192.42,208.02326666666667,122.87833333333333,496.245,234.784,253.55666666666667,21.662,31.929333333333332,25.6725,25.255566666666667,2.148492950238277,2.037445725525034,2.0757848481485572,2.1096264215886418,0.7950416235439403,0.7995180360221311,0.7980031311142204,0.7966083679113071,0.09363773357679805,0.08923111473051638,0.09165800276211747,0.09209541698059948,0.04249187102320042,0.040579083120007485,0.041678914048858574,0.041822395257082895,56.590866264244845,62.84271210097597,59.83040561868483,58.77901230710074,59.37317031631776,53.51809392944114,55.55933913559843,57.32389358091095,849.3635453815026,5388.5728947538855,2044.9690093795639,2438.0868176618364,276.4094306071483,820.80156079801,491.1207092764065,466.94667617394987,9157911.444679737,46727399.69108571,20001453.944819782,22307232.33092183
38,13558.810142755554,64120.093490844825,28482.94057861237,31255.259314586798,67344864.62161243,356268891.84791034,149353253.18858725,168468274.15081668,14428967.235055903,59704420.25845304,27848282.144143716,30275375.793244902,3108257.2429637765,13242767.227581833,6189763.803320147,6655335.737580096,13244662.873732915,19366594.825156763,15519477.453467412,15387339.056731261,986828.2526624916,2237509.3105116105,1332423.0535848567,1424566.6229096833,9844480.822738195,51463870.69546718,21721792.135202408,24411267.27819334,9701248.089026544,15682084.066548076,11754796.278617589,11794540.68115908,2823485.6204032023,2647729.366717318,2627632.6763974885,2761970.9316131426,57712356.301047936,182994348.28574592,94844122.63493235,101561053.49569222,9632508.320564501,173274543.56216446,54509130.55365491,66907220.65512448,-132521962.24650559,1347090141.4034383,303330920.0261454,385342274.03097475,102.766,425.50033333333334,198.5945,215.7230166666667,126.014,517.1033333333334,242.3055,262.89526666666666,21.951666666666668,32.525666666666666,26.082,25.652566666666665,2.103444624627949,1.9938745431041953,2.031630566280068,2.0650950960946353,0.7989629154380772,0.8034402018438018,0.8019595201373341,0.8005299656800808,0.08945550640560826,0.08520910029742186,0.0875768110144389,0.08796926426774301,0.04212078816541944,0.040194935366451974,0.04119167274439345,0.041446739685780824,56.74519261128035,63.032204858927855,60.00101497346578,58.945646897956976,58.12925561468117,52.37592956405665,54.37928847663526,56.115591496962594,868.0888386275259,5468.295907845822,2078.6179995680236,2478.1613128539293,280.7127296816988,823.5070891489473,496.9825077534833,470.6907554952358,9627458.613081314,50096796.71850574,21202137.635310397,23791726.949979864
39,14157.290340327758,67953.95532536646,29929.083574121636,32986.123085091305,70465014.30349596,378473768.07748383,157291206.80468595,178268078.1243917,14953768.086659946,62879920.06933186,29024639.660263546,31727921.280595116,3101644.1803926677,13396827.820467807,6213520.858958517,6704958.454418966,13577878.463175753,19937266.61639545,15942192.7083811,15803664.316802647,1001727.7008410353,2331960.829903938,1366715.467340065,1467309.2960130512,10319966.468692707,54827183.299110025,22926716.440660022,25897492.359338768,9882595.896318382,16066357.423431238,12000595.657888092,12046912.430807881,2545585.6246963795,2493801.332655753,2274838.5694807633,2527461.12248216,59122999.50732884,191754081.16709235,98016291.5048032,105543878.08824606,11342014.796167105,186719686.91039145,59274915.29988277,72724200.03614561,-121179947.4503385,1533809828.3138301,362605835.3260282,458066474.0671205,105.15066666666667,441.8706666666667,204.367,223.00266666666664,128.94133333333335,536.9493333333334,249.3095,271.74413333333337,22.233333333333334,33.083333333333336,26.475,26.030833333333334,2.06044401428439,1.9528907280459125,1.989262532862185,2.022800364100923,0.8028733225674268,0.8072194559098659,0.8059765791707609,0.8043944692372804,0.08539176511597721,0.08130109138603206,0.08359233858082449,0.08396002931049641,0.0416815597200968,0.039518480521214636,0.040417913823248705,0.040924482000488045,56.90002442102209,63.222362746484364,60.17219982001064,59.112842834933886,56.94058557350493,51.29993931199589,53.24620119528803,54.966359381976766,872.9471018033724,5547.398087693853,2094.91384948774,2509.0049468650404,284.71510808282596,824.1181766190213,501.96156842051516,473.50618207049433,10101729.693241863,53440333.77718656,22402987.978288088,25270241.122622505
40,14754.442548212555,71725.41228207292,31345.980123203248,34694.281955063685,73591286.15141906,400488385.0346484,165120005.74999812,188005270.76054934,15476605.62428492,66013456.85288412,30177086.757532347,33164503.55429464,3084816.1019607023,13493229.92347086,6208846.887451607,6727760.939489257,13903085.520753918,20509761.40271397,16338434.135151196,16215422.079439934,1016820.4953147535,2425889.3997311876,1400851.2809288432,1509994.6118605053,10790814.951824626,58172464.75170567,24120362.29225148,27374392.38178299,10060368.322477615,16427939.53657473,12230065.121368041,12289018.247411605,2092109.4776256555,2193753.331808491,2067444.4216583085,2127684.8265896477,60330220.509483874,200215927.77127823,101223039.69511251,109290218.0511119,13261065.64193518,200272457.26337016,63896966.054885566,78715052.70943743,-107918881.80840331,1734082285.5772002,426502801.38091373,536781526.7765579,107.51133333333334,457.4506666666667,209.795,229.99009999999998,131.79833333333335,555.851,255.902,280.2167666666667,22.494666666666667,33.625,26.8155,26.390283333333333,2.0204364111384012,1.9144244402394839,1.9493511920594107,1.98333222132378,0.8064342147090287,0.8108116596018281,0.8098036632057753,0.8079663204215084,0.08144400872906477,0.07750821418411682,0.07970679683582967,0.08006648063833299,0.04107891501433602,0.03913633493914192,0.040043445846366696,0.04039901198801808,57.05536354895092,63.41318834337972,60.34396232286221,59.280602227001,55.837075194962175,50.29003476220426,52.17881785580198,53.8956110434969,884.2512252009452,5605.598160332438,2106.725086194354,2536.7226524969674,288.27656959721236,822.9135093445792,505.5749548239214,475.3994985087907,10569752.145524392,56771065.21162256,23593681.020702887,26740211.71865875
41,15348.586081662408,75376.08651218026,32741.6068212253,36358.21123234366,76713989.86635022,421955749.62263703,172886367.0119492,197548605.78105062,16000450.810243836,69062426.57099842,31313728.537789673,34572142.32650794,3061104.543680415,13513067.978916591,6181269.761411825,6719291.746013077,14236365.505480556,21052837.21142422,16743962.434723094,16622130.602560839,1031722.1377596412,2515615.6478359266,1433858.9823754034,1551084.866286341,11262155.139137134,61479318.14555685,25301852.357246835,28838162.191384032,10231443.00625328,16769127.503917472,12448653.170683611,12519632.580435747,2068129.4634545103,2141017.5265172473,2113438.2689679433,2093640.2855264684,61962187.64871603,208643695.65178874,104626081.7431,113300715.44979146,14751802.217634175,213312053.97084826,68260285.2688492,84247890.3312591,-93167079.59076914,1947394339.5480483,494763086.6497629,621029417.1078169,109.752,471.85,214.9145,236.48630000000003,134.53533333333334,573.3173333333333,262.1215,288.1090333333333,22.75733333333333,34.10433333333334,27.154,26.728783333333332,1.9822845752902771,1.8778799148534644,1.9113698614846735,1.9457429441373926,0.8099978134084148,0.8143441033098389,0.813600100938364,0.8115190148739133,0.07762712632036067,0.07383387196972402,0.07594736839569877,0.07629948729763784,0.040526686218663885,0.03892782758945761,0.03975643290793175,0.03996708569844169,57.2112118579221,63.60468424009874,60.51630465536541,59.44892719168392,54.78004165547944,49.3300962650485,51.16194112689566,52.872560768828606,893.8488656971018,5624.241561438369,2135.405978988473,2549.4863092065452,291.4436424858716,819.898270260965,508.3830051747661,476.4027622071543,11038692.922712857,60073257.755197264,24768000.86249971,28200790.6140824
42,15917.948450810227,78977.37469195787,34148.454039623786,37988.7476352119,79738541.77975117,443262921.677663,180735244.7873358,206972074.7440203,16507856.496589681,72088126.45008723,32506671.615532026,35960950.98031382,3025136.344424993,13494311.535424888,6141401.570077342,6689347.661274957,14567180.42768083,21599393.521222778,17156551.23322051,17028455.01042051,1046112.4226414887,2604984.2812100532,1467512.1451121757,1591717.5731404861,11728465.179499604,64711317.195088275,26478389.812175408,30272463.384955637,10391742.448887927,17096341.837956477,12663963.352129241,12738352.235061921,1849010.5128819752,1706534.1850513578,1877507.8680746371,1799143.7981412592,63346423.32594818,216533983.63497242,107794704.07779019,116962069.43410665,16392118.453802979,226728938.04269063,72940540.70954563,90010005.30991365,-76774961.13696618,2174123277.590739,567703627.3593086,711039422.4177306,111.83133333333333,485.602,220.1865,242.65106666666662,137.07233333333335,589.992,268.5505,295.5942166666666,23.009333333333334,34.57033333333333,27.4955,27.055683333333334,1.9466023468967366,1.8434337830300997,1.8767537581834854,1.9104933495434138,0.8132858348212864,0.8177232430905175,0.8168001463510814,0.8148389277155172,0.07394240855322898,0.07028743402858591,0.07231191030618592,0.0726631674696039,0.040034293033677774,0.03830967397389808,0.03934235356784371,0.03943067636275488,57.36757121819643,63.79685303792406,60.68922899970525,59.617819855101104,53.792020186118386,48.426268832263226,50.23550875949496,51.91400721226908,885.4667981882791,5671.81900677092,2181.7390415321206,2560.6900711922035,294.37705495582367,815.7710331517834,510.32936390202866,476.86494732440957,11507098.479952533,63293362.44339555,25932955.05179238,29632290.867157586
43,16496.121867464666,82543.54490832498,35517.317392919285,39612.71993176577,82810115.01419362,464508642.929904,188450072.94296613,216404599.78469223,17025167.9341365,75153255.10758545,33660150.92641883,37369998.44484363,2985977.046383893,13430942.003288269,6079995.815489499,6641714.781300425,14887072.056055343,22146061.537231408,17560669.91770105,17427718.374466967,1060776.8879554677,2694186.0348442975,1500357.8433831832,1632470.089366558,12187031.235750705,67928954.05937757,27653502.09793359,31696704.224020105,10547226.679978885,17405290.341869872,12865686.150811465,12947548.96164073,1309689.6869708544,1479197.0251429568,1363614.917770089,1369017.2553310902,64396576.016918786,224589403.92383885,110592955.03926848,120464065.7843408,18413538.997274842,239919239.0060652,77857117.90369767,95940534.00035146,-58361422.13969132,2414042516.596804,645560745.2630062,806979956.418082,113.867,499.0833333333333,225.028,248.69271666666666,139.564,606.3573333333334,274.4395,302.94166666666666,23.234333333333332,35.022666666666666,27.811,27.36025,1.912443810313828,1.811393109090214,1.8436876683545,1.8770760648855631,0.8165972332982498,0.8207936860832526,0.8199966413411643,0.8180659917730009,0.07038420818059177,0.06687366521969333,0.06880835839341982,0.06915551814427731,0.0395597866162842,0.03797242244206549,0.03855792616383613,0.03900420915530765,57.524443507471325,63.9896973489837,60.862737546944935,59.78728235200066,52.84552370264936,47.586399200409495,49.35079391379842,51.00483012686541,904.9998751521224,5758.063230912442,2172.861519332893,2603.5720496682343,296.9686337028432,810.110020188503,511.19279322127636,476.5681189728241,11960781.266962675,66489438.251649454,27110286.71810037,31045811.211603045
44,17066.681834555657,86078.52550238447,36863.063996741235,41220.82711829574,85859728.63400435,485703863.6244984,196075748.4652287,225805175.88067728,17548650.078914072,78194795.10248858,34798645.533898465,38774800.83716515,2941749.968032767,13330455.44698819,6002665.870112667,6577796.885667165,15215285.686756877,22681030.74317576,17955770.371447723,17828296.456503484,1075373.2633823303,2782972.2884171214,1532251.9739342167,1673032.922144507,12649030.082845561,71132123.22601922,28816065.372937385,33118112.68295634,10698722.160958262,17707402.430795137,13059117.2974731,13151760.255401168,1228202.234443287,1163287.1449949758,1064777.4027616128,1205481.953136378,65911954.065357484,232461976.1805977,113540075.35664648,124204461.80569154,19947774.568646885,253241887.4439007,82535673.10858221,101600714.07498573,-38413647.571044445,2667284404.0407047,728096418.3715883,908580670.4930676,115.90766666666667,511.9053333333333,229.6865,254.50685,142.039,621.8893333333333,280.081,309.98661666666663,23.462666666666667,35.44133333333333,28.1035,27.6552,1.8805519683316045,1.7805840684976562,1.812227310145579,1.8455632033897227,0.8196376075931838,0.8239034153892059,0.8231784504586631,0.8211306403217915,0.06696842501398588,0.0635897662372502,0.06544251510049748,0.06578589444212839,0.03896023492241839,0.037441148500423,0.038301358746508946,0.038428554674720006,57.681830610912336,64.18321979629864,61.03683249706411,59.95731682579754,51.963983897972675,46.77693868707945,48.51141471063692,50.14851807416005,910.0513228660714,5823.30714613449,2194.2177259698556,2629.6908610100177,299.2833355096538,803.290979212404,511.39358194485783,475.6860108056163,12421517.252129044,69676296.4394856,28267510.94144492,32460689.967703834
45,17626.876220260467,89474.47231893614,38169.55197989319,42773.53485479695,88878818.67647696,506160724.13562435,203533271.645506,234927485.58717853,18068005.16947452,81175026.91180134,35905750.91113076,40155462.7792889,2891856.904958636,13177739.63148167,5910394.020382731,6491915.859241698,15539552.407204693,23211707.149928827,18349531.021818284,18224806.56715814,1089641.7014591575,2867021.1477882676,1563041.9720608857,1711724.507674346,13107438.93136317,74305508.65630782,29959726.237729102,34526763.335093796,10843108.451460928,17986368.717440326,13242714.482360186,13343249.544553716,861507.2513701086,849479.7320991411,831204.8474221203,857297.6196252699,67115969.38418898,240121774.48937806,116464752.35170536,127668001.17100516,21762849.292287968,266038949.64624634,87068519.29380062,107259484.4161734,-16650798.27875647,2933323353.686951,815164937.6653891,1015840154.9092411,117.84166666666667,523.7713333333334,233.908,259.91705,144.389,636.2766666666666,285.2215,316.5496833333333,23.676,35.835,28.38,27.931649999999998,1.8503326916027596,1.7518199957455454,1.782297247411565,1.8158532480527345,0.8225737361814569,0.8267738388514285,0.8263116258068464,0.824043772115947,0.06369859668595572,0.06044391359172486,0.06221978842983979,0.06255945760297492,0.038574658820555614,0.037188229889484586,0.03787203384087934,0.038089408694680756,57.83973442118453,64.37742301383095,61.211516058997425,60.12792542861077,51.12870804309681,46.022844391421394,47.7104065063991,49.34165576501041,913.9185450500627,5799.716450532226,2193.455871779204,2623.94781196882,301.43114523546546,795.297958319239,511.0371651108491,474.2845298147862,12878959.295100652,72855579.54367475,29411362.2697843,33870776.38210159
46,18163.78395630619,92755.83838869937,39465.07921214975,44271.0030076438,91790911.30131187,526098231.608099,210964343.8604691,243798473.40868735,18573964.892687343,84045670.72052945,37014505.45957884,41489061.932432085,2834757.0122113265,12983930.542086106,5813523.137526912,6386967.747667499,15851543.289834894,23729370.964777187,18745088.35879256,18608782.976064697,1103496.0767854827,2947127.3320471593,1594089.3489344828,1748767.0161270695,13558847.55844459,77369896.36102165,31084103.64296943,35892714.639346555,10978280.41372385,18250323.15311211,13417984.87394849,13523495.37250974,638812.6137220332,743982.7047307431,547500.5639229018,675622.1455750817,68408504.30490567,247672462.92846042,119310654.0856302,131150889.82314983,23382406.99640621,278425768.67963856,91653689.77483892,112647583.58553752,6731608.717649739,3211749122.36659,906818627.440228,1128487738.4947789,119.56733333333334,534.54,237.992,264.8077666666666,146.506,649.3516666666667,290.187,322.5019833333333,23.862666666666666,36.2,28.6485,28.180733333333333,1.8212205858135022,1.7242093332470334,1.7539006545294606,1.787266647415238,0.825579442721529,0.8297196510131722,0.8293256113560765,0.8270285156236041,0.06057189161833593,0.05743235975343167,0.059137869503449854,0.059473055465619436,0.03845601478593007,0.03675359317552534,0.03752685091434425,0.03786016722228841,57.99815683848423,64.57230964653172,61.38679045067307,60.29911032130085,50.32661742822412,45.29757330524702,46.95092970108992,48.56645198518214,908.0990278921881,5783.150962711947,2216.4515845741344,2614.3672050791038,303.2428825076487,787.303623369669,510.03356834729567,472.6641418093558,13331822.801471543,75924108.62034366,30529990.746825896,35239122.838076785
47,18707.411712295656,95864.82064863185,40710.72615029983,45712.504840013324,94753990.01381133,545164872.3137975,218175989.36388665,252397798.81880647,19087221.588470224,86808401.40931736,38126598.287964046,42789634.525766715,2777596.584032739,12746307.764098035,5698592.655966183,6266645.497055593,16166137.359160746,24235771.94616024,19127883.132415686,18990509.46461057,1117533.0254103558,3023458.34038457,1623768.7610634202,1784606.8856513307,13999482.966445455,80345779.02398176,32196628.30680638,37220686.58658317,11110756.21280468,18489275.108732365,13587941.88420108,13693237.82637937,320090.9212277005,327784.0048971129,304703.82062922325,322783.5005119948,69604123.08233103,254586025.51138085,122140441.09700982,134347788.93249846,25149866.931480326,290578846.8024166,96035548.26687683,118050009.88630803,31881475.649130065,3502327969.1690063,1002854175.7071047,1246537748.3810868,121.29833333333333,544.238,241.9075,269.3272166666667,148.61433333333332,661.0876666666667,294.963,327.97999999999996,24.045666666666666,36.53033333333333,28.8885,28.4153,1.7935852086612551,1.6978268541974073,1.7276777435271566,1.7600697845989082,0.8284552787980028,0.8326017797653197,0.8320121611563486,0.8299065541365638,0.05758568050144434,0.05455527902788726,0.05619694798693166,0.056525039985699355,0.037925703700344426,0.03655593712955996,0.03731877544215714,0.037446285400569865,58.15709977057066,64.76788235038956,61.56265789905161,60.47087367350727,49.56126971786248,44.60518643379639,46.2465229878517,47.82664056843935,923.3850849946912,5724.177131067646,2207.906910944066,2603.6623011202255,304.9772586448422,778.5520038953072,507.99142988636305,470.72841948250493,13768636.695196783,78914734.74121484,31644651.579070367,36569771.0113031
48,19230.970246839166,98838.59184655045,41928.0539517218,47093.637806738116,97628880.27264117,563644643.5021025,225289331.69849098,260734397.40295264,19600358.853914835,89541310.65413232,39201958.46267796,44079691.98399095,2716587.9303722545,12486960.956356732,5576367.961661428,6136218.489466821,16497382.591575028,24746648.333487183,19512205.426768184,19384625.601244282,1130840.7518254735,3096638.687462191,1652459.7654612518,1818870.0292983246,14441326.327476507,83196882.86313984,33275737.552975502,38505771.11495867,11236440.287870927,18712194.388965383,13742040.452203939,13852954.223253986,180216.49188818637,163763.8994678695,201164.0403550645,174458.08454107546,70980270.45076796,261530528.20669347,125010127.04777817,137672860.66534188,26648609.82187322,302114115.295409,100279204.65071283,123061536.73761074,58530085.47100329,3804442084.4644156,1103133380.357818,1369599285.1186974,122.96233333333333,553.22,245.5335,273.5525166666667,150.649,671.9893333333333,299.347,333.11811666666665,24.246333333333332,36.852333333333334,29.122,28.658433333333335,1.7681998704338233,1.6731000959049607,1.702383613742773,1.7349149493487213,0.8310000800173727,0.8352950206849846,0.8347385397035939,0.8325033092510369,0.054739363278752166,0.051813945962128426,0.05339369986617531,0.053715467217933854,0.037397682491737874,0.03636314492405093,0.036518546844875883,0.03703559434304744,58.31656513279799,64.96414379247916,61.73912064016499,60.6432176636864,48.85995755913093,43.9559435909253,45.56737340962084,47.14355267025896,912.9113016192247,5688.608064280874,2197.3565935700185,2584.4051685508016,306.33888430668105,769.5708175150929,505.7817601816722,468.4700609296252,14213098.502071701,81774730.84706962,32726398.404582996,37859669.82282098
49,19758.573606877213,101737.56518362991,43105.91424970781,48451.220658740654,100533439.33598685,581749170.7076591,232220319.2594297,268958945.31607217,20126657.43804304,92242175.20137106,40262851.303888686,45367088.65520784,2654773.578299727,12208643.358981587,5449570.3942474015,5998628.001538377,16819391.82310796,25241017.164302204,19903123.818124045,19766960.692525946,1144293.501847643,3167972.6078083375,1680500.1305177384,1852581.1889338861,14876629.646150727,85966841.27973405,34345561.29981566,39758203.71790489,11359631.803316174,18924296.502324,13887218.06921336,14007264.447968913,107252.68619231242,126622.7778696243,103549.35300038705,114032.21827937158,72419311.57441941,268417764.7051298,127845718.39662088,141018770.17016804,28114127.761567425,313331406.0025293,104374600.8628088,127940175.14590408,86644213.23257071,4117773490.4669447,1207507981.2206264,1497539460.2646015,124.64233333333334,561.6266666666667,248.8495,277.58685,152.69133333333335,682.1726666666667,303.385,338.00980000000004,24.423,37.13933333333333,29.3575,28.873716666666667,1.7437411089697312,1.6494736079471013,1.6782487436364897,1.7107474836118106,0.8335792599676755,0.8379508017234462,0.8374146546989358,0.8351092995821952,0.05203062290759369,0.04920939321280317,0.050731635269691454,0.05104319251441701,0.03706432503977577,0.03580590242628728,0.036541407676589734,0.0366238771250548,58.47655484814729,65.16109665101008,61.916180919155686,60.81614447914926,48.18524479361863,43.33577861023719,44.91942178541327,46.487931629435124,929.1904210181922,5680.579017674675,2208.6461801680484,2592.176429847961,307.5314384653674,760.8622690756408,502.87321784930083,466.1972291789631,14644332.04089618,84546696.52531537,33793399.754773654,39110159.61044289
50,20264.930877521543,104556.91766125604,44268.014141377505,49767.12625182862,103348486.19758897,599465646.6687773,239081025.1193458,276989492.3625049,20640861.324201666,94938992.42837647,41356159.38285727,46645207.21066284,2589333.4212552942,11920157.456924431,5315676.193759379,5855121.833739491,17130835.503524557,25735019.37826698,20285731.564043663,20142299.859684404,1157157.568439898,3237879.268862723,1707819.21387984,1885410.1635878868,15310280.851119068,88686149.98328394,35388883.612722754,40991835.04737677,11474447.17746407,19121263.06349637,14027143.05092321,14150832.737575375,127643.80189745215,156750.1665874348,78431.3753396447,137831.02953894608,73909992.03881219,275275206.8396864,130734486.06296496,144387817.21911815,29438494.158776768,324190439.8290909,108346539.05638085,132601675.1433867,116082707.3913475,4441963930.296035,1315854520.2770073,1630141135.407988,126.14466666666667,569.6406666666667,252.167,281.36826666666667,154.531,691.9006666666667,307.4265,342.6103833333333,24.577333333333332,37.413666666666664,29.567,29.07005,1.7206158760637458,1.6272531690452827,1.6559507157325342,1.6879389286072835,0.8360060155781813,0.8404226135522894,0.8398256044259892,0.8375518248691192,0.049460821063239784,0.04674075643421958,0.04820707453173114,0.048508798443082715,0.03668205897893598,0.03566340282440061,0.036186154963845155,0.0363255293248486,58.637070847258805,65.35874361537581,62.09384099031602,60.989656316099754,47.547060609167104,42.751531700470544,44.32148758609244,45.86862549112331,921.0598028841634,5695.097508540282,2223.3428952332306,2591.972999863805,308.3849082579458,751.4652392930373,500.00437442821874,463.46302412022783,15080015.900398025,87262375.60614887,34833047.88891445,40343841.797410816
51,20750.58753505234,107194.88634352823,45352.19349128364,51006.092118018896,106076217.69912276,616379002.9346335,245562963.55689004,284682192.5315515,21146137.443688348,97507769.73612781,42386522.55388785,47872708.74604216,2522732.0802476946,11614412.974449031,5176151.286357355,5704820.3932181625,17450191.237505767,26223349.534546345,20651535.217849497,20520796.64146997,1169659.5123773254,3302324.0683179526,1733672.1568261504,1916092.1069565448,15730929.371132065,91317764.24769053,36404568.06433637,42186321.57792753,11581593.135495031,19303108.866433084,14156427.034515008,14284123.64132335,115652.40172663172,112535.41506817512,89064.69528277917,114561.45639617191,75340249.68927431,281756014.4493841,133512820.08493316,147585767.35531273,30735968.00984844,334622988.48524946,112050143.47195685,137096425.1762388,146818675.4011959,4776586918.781285,1427904663.748964,1767237560.584227,127.56,576.564,255.056,284.71139999999997,156.25866666666667,700.3013333333333,310.9315,346.67359999999996,24.736333333333334,37.66833333333334,29.7455,29.262533333333337,1.6985909279613,1.6059773451198773,1.6349453620869365,1.6661761739668022,0.8383701168280516,0.8429125649461487,0.8421331383197719,0.8399599736693856,0.047022889524245166,0.044400779862213774,0.04581287015421681,0.046105151142534176,0.03656190115048116,0.035242049684006516,0.03574722672191482,0.036099953137215035,58.79811506846424,65.55708738620301,62.272103117127706,61.16375537967281,46.93986918064232,42.19521403905794,43.75943101212086,45.27923988108779,914.6257659748786,5591.66898949569,2169.657185737944,2551.5908942071624,309.08507552920776,742.0191108293717,496.6394567637414,460.6119878842651,15502272.929638343,89919847.0003166,35862153.76790187,41548423.854375735
52,21233.106428564155,109715.9322574466,46430.47407923266,52202.09546867301,108797746.89595838,632596777.5033623,252059432.4541491,292127407.6085498,21646140.015718497,100016971.3918451,43446567.618239336,49075930.997362815,2455683.3259020145,11291973.04963689,5036480.202982523,5548384.729209221,17768271.70600082,26705478.650485605,21035353.13382981,20896294.136570495,1182197.8438103409,3363575.463246994,1759747.1376301767,1945680.0106131695,16141970.957543204,93849288.63020477,37384137.296381615,43339532.14297475,11685477.78243536,19472208.55329083,14278977.438245863,14410833.552234773,91979.7815550555,159149.46428369443,93945.58797943123,115489.17051007913,76738976.94864313,288093155.1853653,136291527.61330724,150712939.33149588,32058769.947315246,344503622.3179971,115767904.84084187,141414468.2770539,178877445.34851116,5121090541.099282,1543672568.589806,1908652028.861281,128.87266666666667,582.7986666666667,257.8995,287.74676666666664,157.859,707.8653333333333,314.399,350.3612166666667,24.884666666666668,37.902,29.941,29.440733333333334,1.6768858099218873,1.5856093911893108,1.6144820917641467,1.6449390633654857,0.8409468131112748,0.8453932739073438,0.8445068653044228,0.8425030743898989,0.04470980887527331,0.04218251234137659,0.043542049855180495,0.043825255088409454,0.036154023070515816,0.03525272471796587,0.03560483844092084,0.035838568647123335,58.95968945781925,65.75613067540098,62.45096957230152,61.33844388397286,46.340215048741996,41.66097761354451,43.209557971556684,44.70248194642288,922.1532106991602,5569.752760039009,2198.771051392466,2548.8130529681075,309.7565554180867,732.3714496487095,493.37953716414125,457.6717683988046,15911432.654868413,92456850.44019502,36834444.533533506,42702328.87973273
53,21701.894651646464,112079.81324448192,47483.87324462658,53334.16615913888,111469127.90858197,648053639.1632774,258443501.19492498,299273706.84772533,22158233.995291386,102417016.90549764,44517932.695809335,50248808.01386357,2387326.017886383,10963560.63413217,4895732.744249754,5389008.133572408,18085748.456299942,27180843.59819931,21406948.277445335,21269031.755964722,1194387.4438065777,3421633.1286116703,1785326.4120169184,1973923.4334883601,16549285.517513819,96256925.12994255,38356907.3578912,44446959.38186388,11784439.475207448,19628695.414460022,14398340.397794666,14529929.053945849,118730.95065213108,69993.20985232605,152570.3912318292,101672.74137219932,78186308.74620314,293990668.59688115,139104009.19354677,153717834.69394043,33282819.162378825,354062970.5663963,119339492.00137821,145555872.15378493,212160264.51088998,5475153511.665678,1663012060.5911841,2054207901.0150657,130.186,588.1606666666667,260.7145,290.4771333333333,159.45266666666666,714.3533333333334,317.8285,353.6679,25.026333333333334,38.117333333333335,30.111,29.608183333333333,1.656895432917546,1.5663317179560439,1.5954886971073952,1.62519813268102,0.8431938518701354,0.8477282290481641,0.8466211850173287,0.8447808838824455,0.04251494642021569,0.04007939098167002,0.041388026795518,0.0416625020167247,0.03581805385454766,0.03482107078277016,0.03508366780163894,0.03546910977942553,59.12179596913614,65.95587620621143,62.63044263781718,61.513724052112494,45.78763131778726,41.156449271619806,42.70163936363669,44.16671760162865,918.4939324802564,5469.6340177527545,2191.9699590753253,2511.392962325631,310.29067877178335,723.1541967518862,489.95752705847633,454.79291006481935,16319662.034393758,94889516.62550436,37808914.86812236,43819111.14128247
54,22160.693872707692,114334.45593381008,48453.287659422625,54421.510594093525,114094644.13084003,663020820.4033625,264435397.68342265,306218805.8262229,22653034.688262064,104847675.03311303,45516740.22762897,51421158.8089599,2318419.2835102896,10626954.507310398,4748928.400168177,5226406.611840327,18398251.131166875,27654945.25784863,21772713.06750767,21638094.075505488,1206166.4813863877,3476260.4168347945,1808692.1083612782,2000699.35879333,16949564.79902792,98565770.78646064,39300224.478349306,45515236.894629374,11880011.162704093,19773520.923732296,14501379.13153957,14642739.579063963,88260.94615925608,108898.12772868985,155348.2679051402,95483.9597085579,79540964.85532485,299899447.0478707,141709669.48667583,156666433.6227159,34553679.27551517,363121373.3554918,122725728.19674683,149552372.203507,246713943.78640515,5838274885.021171,1785737788.7879312,2203760273.218573,131.35066666666665,593.2766666666666,262.9935,293.02476666666666,160.87733333333333,720.561,320.616,356.76661666666666,25.153666666666666,38.318333333333335,30.2645,29.7613,1.6375117952092768,1.548671515150753,1.5769077360210204,1.6064176971887933,0.8455225833182105,0.8497616465393015,0.8488591964253077,0.8470062554455924,0.04043203418825367,0.03808521880213377,0.03934457760962416,0.03961064880311171,0.035382267355613096,0.03461517501760602,0.034662081595993974,0.03511378503731062,59.28443656401649,66.15632671325838,62.81052460496339,61.68959811625115,45.2489034276007,40.691758489936255,42.20412012423559,43.65390269941815,916.7824509624858,5430.899647876107,2134.797196442242,2496.723469882253,310.56727663480257,713.9725656765395,486.19629861491296,451.75912779941046,16720369.186287297,97208045.87449162,38766525.179238744,44891056.02715881
55,22608.24068589746,116424.23159002567,49403.94741511106,55443.83750234233,116678933.96453463,677123282.2436556,270334537.46615666,312834455.86222696,23164693.60193262,107186646.37244456,46513527.84678083,52572377.07161179,2250843.9946665536,10285165.951766217,4602106.527156549,5062856.679651435,18715146.57896577,28115750.02481232,22148692.036444962,22005357.78501206,1217752.3929394302,3527940.769659785,1831487.2514832306,2026318.3247915544,17343141.702528156,100780657.37474264,40198851.653055474,46546272.187803224,11970289.93569118,19905757.82808928,14601416.568929458,14747703.698030515,104818.83922844843,140197.90715375944,131461.7709178108,117201.51300230729,80950498.26876056,305533619.3597599,144243279.9789933,159554590.65061033,35728435.69577407,371589662.8838956,126091257.48716342,153279865.21161658,282442379.4821792,6209864547.905066,1911829046.2750945,2357040138.430189,132.549,597.6553333333334,265.1665,295.3362166666667,162.342,725.881,323.2445,359.58065,25.281333333333333,38.489,30.4235,29.904016666666664,1.6194663151105377,1.5318360732914529,1.5595188627210341,1.588795730473858,0.8476235125966302,0.8517249903696307,0.8509296893217391,0.8490590298171803,0.03845514822764682,0.03619414369775621,0.03740582172380394,0.03766379664218511,0.035058136335764656,0.034299939385286166,0.03434366672856235,0.03479276740309718,59.44761321188418,66.3574849425983,62.991217774378086,61.86606831763413,44.7496363733126,40.25019866299057,41.73894678222085,43.174833174699884,915.7803316086186,5310.137256953054,2134.1680021682773,2453.805255479171,310.6684264412834,705.2595720054495,483.0052157094148,448.7753273887415,17114196.619626,99453123.06050438,39665309.65251341,45932820.87393343
56,23045.780660439243,118483.81443973939,50312.74914957313,56449.09248319429,119222282.20834926,691093815.7344021,276044373.7735245,319377318.94246775,23678235.14557113,109530339.33358446,47519015.575603545,53726471.611375794,2183356.6246486753,9952235.732082626,4455869.448251019,4902464.312250557,19030748.515387096,28586299.31640067,22512313.989210494,22375191.29574185,1228952.7251177945,3578392.8861409836,1853316.3229670653,2051256.7814759105,17730461.06590423,102903191.43524222,41082627.339607835,47540916.695172526,12058086.000982653,20032876.71547528,14698131.025823018,14849262.751055073,146134.5483717843,87227.74358013128,123569.51231762476,125517.16669470575,82374583.03971438,311001791.1038693,146759848.08730465,162394105.8621686,36847699.1686349,380092024.63053274,129284525.68621984,156983213.08029914,319290078.6508141,6589956572.535599,2041113571.9613144,2514023351.5104885,133.672,601.7216666666667,267.2235,297.48938333333336,163.719,730.7983333333333,325.74,362.19676666666663,25.401,38.668,30.5585,30.04445,1.6020371839711707,1.5152604743464095,1.5432068483655126,1.5716653356025043,0.8497165520792606,0.8538532258561683,0.8528558238678348,0.8511643879011783,0.036578689109844825,0.03440063864923512,0.035566201885023976,0.03581637144863143,0.03483169725123886,0.03415511548996302,0.03442220630007331,0.03459489363479232,59.611327890018465,66.55935365177062,63.17252445608881,62.04313690663172,44.26954679256536,39.81518909217876,41.30433277569801,42.71052159743005,914.4838848961436,5338.796394775561,2129.786878737348,2462.9932633539393,310.6708202370522,696.8514062712479,479.4724347142973,445.83402534902075,17501840.094680194,101568492.33654834,40550180.6199235,46925168.37933405
57,23469.468124860512,120374.17347107592,51217.19874727781,57386.1149960359,121709972.23269084,704166403.7434632,281746526.98574036,325569723.26146114,24173108.66469369,111816029.33413586,48546421.609659955,54848130.89899845,2116269.5845862543,9610636.628037976,4313743.702412115,4739298.049794357,19352831.196170457,29050953.154403962,22877417.139447648,22747173.881552182,1239919.818458896,3624741.6746718795,1874851.3634304632,2074607.4681334402,18110520.02384305,104970858.2286296,41942792.972650714,48511638.39551834,12139523.937713405,20148575.660177775,14788251.893648202,14942692.040575933,115957.44147661071,75703.18094872388,115200.18987575549,101868.45029185031,83698061.19764571,316323341.26456547,149273294.07134274,165116909.2210676,38011911.03504514,387843062.4788978,132473232.91439763,160452814.0403936,357301989.68585926,6977799635.014496,2173586804.875712,2674476165.550882,134.71066666666667,605.1793333333334,269.2175,299.3747,164.968,734.9823333333334,328.2025,364.47301666666664,25.521333333333335,38.826,30.688,30.17796666666667,1.5858027279284286,1.4998648442838238,1.5270160258672303,1.555724468652817,0.8516416241702137,0.8557646717882021,0.8549417790023786,0.8530846908365096,0.03479736357128306,0.032699483100333195,0.03382046582733405,0.034063105406450606,0.03457033592472802,0.03394488052319419,0.034098672697634835,0.03435142653419118,59.775582583587095,66.7619356098482,63.35444696955339,62.220806142778486,43.82265270257918,39.41189623985712,40.87103206972612,42.278887940626454,908.7107703626411,5227.143473877191,2144.5476264881463,2420.162216592734,310.5397611415909,688.4600792125084,476.3096065411454,442.81187246641196,17883342.331252392,103664072.3601603,41406656.06602867,47906597.841370165
58,23900.17210603954,122114.84358641037,52069.691210511315,58275.307124169325,124242098.41788812,716435581.9040056,287194685.06897265,331509817.6380292,24716230.43103256,114054011.57053514,49521586.784340106,55984453.82985846,2050777.623446649,9267089.367969716,4170785.736672412,4576486.734029722,19678462.202998605,29498823.84156621,23239774.29864407,23115588.776497267,1251390.7938799364,3667250.4720684597,1895126.2500054822,2096941.6812459193,18487673.24923245,106909327.03132623,42789744.18601091,49435252.07296527,12220826.527569031,20252785.089563582,14873691.617063763,15032012.024267124,165724.14629819617,100968.45064864866,134351.45773954465,143059.65282085454,85154646.54840717,321426240.5105814,151725182.0020583,167849704.43516815,39087451.869480945,395009341.39342433,135469503.06691438,163660113.2028611,396389441.5553402,7372808976.407921,2309056307.9426265,2838136278.753743,135.86066666666667,608.1533333333333,270.9475,301.1631,166.38166666666666,738.5823333333333,330.2845,366.65189999999996,25.64,38.953,30.804,30.29955,1.5702218714174536,1.4855404016759561,1.5116865854978863,1.5405833570079297,0.853522403739757,0.8575011398033752,0.8569838817116437,0.8549149613620234,0.03310616722468692,0.031085745432197644,0.032163649007754105,0.03239901959731568,0.03427293572080073,0.03379048315451403,0.03381601939724637,0.03410407732260039,59.940379285679725,66.96523359748834,63.53698764370063,62.39907829481274,43.391198594971776,39.03577413289827,40.459191093260294,41.86680003324605,924.709657315283,5137.465879227035,2111.060552599444,2399.174334984396,310.3972467772877,680.8299642252668,473.0822038371643,440.0486978840804,18256495.834903628,105624960.56151947,42261979.047861055,48835458.48921917
59,24303.376973563452,123740.27855027374,52879.735740224685,59106.29252541205,126647801.76033707,728120204.1961128,292459898.0049436,337163142.61285853,25220043.943073556,116239817.92644572,50502196.51198718,57076964.83725381,1985529.8732381836,8930037.716954317,4028716.828386444,4416107.61853883,19991437.983786993,29950943.69884665,23601985.896023437,23477264.984057873,1261902.700687548,3707209.7637362145,1914636.6538648237,2117760.172754581,18863418.92320574,108728132.00605366,43601784.23663956,50316068.50220251,12296120.467645243,20346123.596132882,14952373.183987636,15113621.562615916,119772.557000934,86277.10955978654,84411.37347961475,108049.1503965324,86448549.3185178,326281347.8831885,154061795.95977387,170390028.81615254,40199252.44181927,401838856.31292415,138398102.04516983,166773113.79670596,436588693.9971595,7774647832.720845,2447454409.987796,3004909392.5504494,136.78766666666667,610.6513333333334,272.552,302.63995,167.51,741.602,332.2365,368.4422,25.735333333333333,39.07566666666666,30.915,30.404449999999997,1.5549441314417145,1.471764390383522,1.497424037157966,1.525831222071347,0.8555115907331504,0.85919864188468,0.8587859434828194,0.8568020586361857,0.031500368275893954,0.029554766468383037,0.03059105834760775,0.030819407643265136,0.034083923861308214,0.03350723368457321,0.033582589207282174,0.033882082299450965,60.10571999734142,67.1692504069838,63.720148816971296,62.577955640716254,42.96722877039728,38.67618525053549,40.07726019603325,41.46536353844565,908.4166420901033,5051.1788818111845,2090.3259051746604,2358.3834259924815,309.98164997332077,673.8107654797412,469.7410996461248,437.3218404005679,18636314.762683216,107465337.28560086,43079202.7603459,49726472.64570439
60,24706.858381439677,125299.60007524851,53644.211915491185,59914.317974272766,129055922.55201966,739509149.0610281,297474834.1866783,342714551.8301726,25742685.391272724,118471253.3528993,51459800.93544928,58197684.17784202,1921886.4605552466,8595995.505460143,3888356.3092902317,4257824.62627196,20306886.835678205,30411911.48807615,23963742.065810136,23843645.464017488,1272417.6461564202,3745044.871045543,1932930.9788568106,2137837.1748676132,19226580.037160974,110471591.77778804,44387222.785658434,51162334.14638045,12367870.735798758,20436122.25884946,15025878.922453418,15191758.768866504,164382.58110897016,95730.39054104863,98598.07346464829,140354.3144101976,87840125.33345385,331126172.2016126,156395102.51088208,172990241.7373094,41215797.21856582,408382976.8594157,141079731.6757962,169724310.09286326,477804491.21572524,8183030809.58026,2588534141.663593,3174633702.643312,137.75466666666668,612.9756666666667,273.901,304.0820166666667,168.68166666666667,744.426,333.8855,370.19218333333333,25.829,39.203,31.0185,30.509900000000002,1.540596048735224,1.458803532310934,1.483469385873722,1.5119686679867226,0.8573629019330746,0.8607975776427789,0.8606871109611478,0.8585650384314711,0.029975492186124712,0.02810214394841051,0.029098256919206342,0.029319820302924737,0.03382291502009523,0.033204087304106074,0.033469086448414856,0.03360632531949903,60.271606727606226,67.37398884231418,63.903932837359335,62.75744046775401,42.57197054897465,38.3353897014473,39.702359912177954,41.089167252340076,917.6390924416597,5014.244593484506,2072.9523396675227,2351.4510178066557,309.4569182648629,666.855413846512,466.78776088297553,434.5463917184401,18997170.26405056,109218030.6294169,43868984.700741544,50574471.39192878
