month,users_cons,users_opt,users_med,users_plan,users_ind_cons,users_ind_opt,users_ind_med,users_ind_plan,users_fgn_cons,users_fgn_opt,users_fgn_med,users_fgn_plan,sub_rev_cons,sub_rev_opt,sub_rev_med,sub_rev_plan,commerce_rev_cons,commerce_rev_opt,commerce_rev_med,commerce_rev_plan,revenue_cons,revenue_opt,revenue_med,revenue_plan,labour_cons,labour_opt,labour_med,labour_plan,tokens_cons,tokens_opt,tokens_med,tokens_plan,eng_cons,eng_opt,eng_med,eng_plan,compliance_cons,compliance_opt,compliance_med,compliance_plan,geo_fixed_cons,geo_fixed_opt,geo_fixed_med,geo_fixed_plan,sales_cons,sales_opt,sales_med,sales_plan,gna_cons,gna_opt,gna_med,gna_plan,onetime_cons,onetime_opt,onetime_med,onetime_plan,total_cost_cons,total_cost_opt,total_cost_med,total_cost_plan,contribution_cons,contribution_opt,contribution_med,contribution_plan,cum_cash_cons,cum_cash_opt,cum_cash_med,cum_cash_plan,floor_heads_cons,floor_heads_opt,floor_heads_med,floor_heads_plan,blended_min_cons,blended_min_opt,blended_min_med,blended_min_plan,arpu_usd_cons,arpu_usd_opt,arpu_usd_med,arpu_usd_plan,gmv_cons,gmv_opt,gmv_med,gmv_plan,adds_organic_cons,adds_organic_opt,adds_organic_med,adds_organic_plan,adds_paid_cons,adds_paid_opt,adds_paid_med,adds_paid_plan,marketing_spend_cons,marketing_spend_opt,marketing_spend_med,marketing_spend_plan,adds_paid_ind_cons,adds_paid_ind_opt,adds_paid_ind_med,adds_paid_ind_plan,adds_paid_uk_cons,adds_paid_uk_opt,adds_paid_uk_med,adds_paid_uk_plan,adds_paid_us_cons,adds_paid_us_opt,adds_paid_us_med,adds_paid_us_plan,spend_ind_cons,spend_ind_opt,spend_ind_med,spend_ind_plan,spend_uk_cons,spend_uk_opt,spend_uk_med,spend_uk_plan,spend_us_cons,spend_us_opt,spend_us_med,spend_us_plan
1,258.51603551375797,296.13632324864056,283.2470107490927,271.68313622096684,258.51603551375797,296.13632324864056,283.2470107490927,271.68313622096684,0.0,0.0,0.0,0.0,1216683.6835927644,1468782.6239136395,1370406.6336175413,1304918.3127050707,0.0,0.0,0.0,0.0,1216683.6835927644,1468782.6239136395,1370406.6336175413,1304918.3127050707,911571.1567207628,962473.641846385,949322.4713606386,929387.0265147305,204408.13004062796,223604.10515546863,221036.9239881856,211126.7213308222,2887050.950285306,2900997.267861998,2879019.0202463153,2891932.161437148,413776.4630993311,412504.46087854105,418648.2663642037,413331.26232205454,0.0,0.0,0.0,0.0,308858.85598363815,313626.7332309958,311643.51755128393,310527.6130202133,1924921.109189406,1901621.0042971885,1899111.6395729047,1916766.07247713,130203.41160881096,117435.61196020446,95263.54290441428,125734.68173179869,6845086.055620482,6908957.436199812,6846019.924221282,6867441.038823247,-5628402.3720277175,-5440174.812286174,-5475613.290603741,-5562522.726118177,-5628402.3720277175,-5440174.812286174,-5475613.290603741,-5562522.726118177,11.377666666666666,12.210666666666667,11.9915,11.669216666666667,9.159646420181527,9.06448276085013,9.072120288761292,9.126339139415538,52.65903226163993,55.25521912221647,54.01753567899453,53.56769766284172,0.0,0.0,0.0,0.0,35.435423934552645,54.50693292398312,46.574070205135676,42.11045208085331,27.623602468567395,27.688904016673565,27.65100384867005,27.646458010404555,300000.0,300000.0,300000.0,300000.0,27.623602468567395,27.688904016673565,27.65100384867005,27.646458010404555,0.0,0.0,0.0,0.0,0.0,0.0,0.0,0.0,300000.0,300000.0,300000.0,300000.0,0.0,0.0,0.0,0.0,0.0,0.0,0.0,0.0
2,303.1277892768953,364.1516036756664,340.67496876326356,324.4861243164652,303.1277892768953,364.1516036756664,340.67496876326356,324.4861243164652,0.0,0.0,0.0,0.0,1429894.5370427952,1811513.8428242526,1652982.4508819066,1563461.2940663053,0.0,0.0,0.0,0.0,1429894.5370427952,1811513.8428242526,1652982.4508819066,1563461.2940663053,1004870.7222441934,1102871.1674516234,1070337.20203797,1039170.8780667939,231533.33886560274,265499.1174137299,256525.09432992907,243421.36135744725,3050692.622065619,3094558.9919465343,3064639.1652339953,3066045.8515239395,414900.3184298225,414178.42489441996,420098.3365233049,414647.6556924316,0.0,0.0,0.0,0.0,311247.68478469504,320964.30368482566,316017.82123114634,314648.50139974075,2051082.3354223978,2061804.4254822934,2040844.4885922095,2054835.0669433614,112992.133466979,123148.73524045206,149813.89582103692,116546.94408769457,7252882.814139882,7477605.548751968,7405100.715746204,7331535.771254113,-5822988.277097086,-5666091.705927717,-5752118.264864298,-5768074.477187807,-11451390.649124805,-11106266.51821389,-11227731.555468038,-11330597.203305986,12.532666666666668,14.015666666666666,13.522,13.051716666666668,8.754551848946672,8.654185351217551,8.666017176664093,8.71942357474148,52.79876801738207,55.42188520811449,54.17429049805609,53.716859034138416,0.0,0.0,0.0,0.0,42.08225651057972,67.33508197786742,56.328830858644714,50.920745424130416,27.657256219712536,28.028123872055982,27.79168292227153,27.787059898032744,300727.1206570501,304130.5331903588,301935.61351648514,301918.31504370813,27.657256219712536,28.028123872055982,27.79168292227153,27.787059898032744,0.0,0.0,0.0,0.0,0.0,0.0,0.0,0.0,300727.1206570501,304130.5331903588,301935.61351648514,301918.31504370813,0.0,0.0,0.0,0.0,0.0,0.0,0.0,0.0
3,351.36041819413333,444.26466165506156,405.1866956238133,383.8769034054582,351.36041819413333,444.26466165506156,405.1866956238133,383.8769034054582,0.0,0.0,0.0,0.0,1661567.1849300072,2216380.0842454643,1971751.6111500547,1855751.699690417,0.0,0.0,0.0,0.0,1661567.1849300072,2216380.0842454643,1971751.6111500547,1855751.699690417,1094399.7302794987,1258599.5502581305,1192453.9511017485,1151869.66727202,259404.50761521823,312734.48778887425,294607.06584055873,278070.0006759978,3217183.434237047,3303264.977228363,3249097.5217618807,3247311.9742840077,416125.95350385405,416141.92794387136,421733.6814043233,416131.5445578601,0.0,0.0,0.0,0.0,315691.0833128839,339879.21117375605,326813.0013771472,324156.92806418915,2174627.393794529,2227478.013127626,2182941.526126277,2193125.110561113,92564.58910690698,115328.21407266792,150435.15818547382,100531.8578449233,7657827.7589557525,8089134.10667864,7921667.301877897,7808784.980658762,-5996260.574025745,-5872754.022433174,-5949915.690727842,-5953033.280968345,-17447651.223150548,-16979020.540647063,-17177647.246195883,-17283630.484274328,13.617333333333333,15.977333333333334,15.047,14.443333333333335,8.319138460002431,8.21396555071653,8.229782235723404,8.282327941752365,52.938950861323015,55.58914012422587,54.33158031505129,53.866517103339014,0.0,0.0,0.0,0.0,48.850882837787864,83.3878227735564,67.10794631636777,60.93881181530685,27.86194806479393,29.297143432389944,28.462533244068034,28.364266443452536,303478.3626034369,319032.25548036693,310036.0147980552,308922.2251103624,27.86194806479393,29.297143432389944,28.462533244068034,28.364266443452536,0.0,0.0,0.0,0.0,0.0,0.0,0.0,0.0,303478.3626034369,319032.25548036693,310036.0147980552,308922.2251103624,0.0,0.0,0.0,0.0,0.0,0.0,0.0,0.0
4,403.7415258770322,538.5779998276896,479.01669511297615,450.9342917597623,403.7415258770322,538.5779998276896,479.01669511297615,450.9342917597623,0.0,0.0,0.0,0.0,1913992.7459643758,2696089.148941632,2337967.0200610296,2187726.4870064156,0.0,0.0,0.0,0.0,1913992.7459643758,2696089.148941632,2337967.0200610296,2187726.4870064156,1185174.088772636,1428900.0720615885,1325502.5997753777,1270478.1829237693,288122.4152394282,366032.25032410224,336237.2342304865,315390.85751906416,3376344.8892514408,3511548.360713052,3426681.4651576504,3423666.104263005,417439.61773118784,418440.0754962565,423609.31504601834,417789.7779489618,0.0,0.0,0.0,0.0,324656.63494661957,379377.4551613971,349931.05205920996,343808.9220217917,2297148.2905046022,2399613.1192390034,2328910.854058406,2333010.9805616424,120156.10077315204,127916.70062185697,107258.2261715174,122872.31072019877,8110231.506448524,8772571.959434768,8420964.606689697,8342050.664993709,-6196238.760484149,-6076482.810493136,-6082997.586628668,-6154324.177987294,-23643889.9836347,-23055503.351140197,-23260644.83282455,-23437954.662261624,14.682666666666666,18.070666666666668,16.655,15.868466666666666,7.880749638782027,7.771189551228852,7.791045001822024,7.842403608138416,53.07958240859895,55.75698617307204,54.48940715671204,54.01667372616453,0.0,0.0,0.0,0.0,55.810577783850825,100.45104817252509,79.19386566279373,71.43474241988682,28.447376180961495,32.30049193135731,30.155757396422167,29.79596669360003,310703.9905006569,354264.69311826595,330132.58564351144,325950.23641682003,28.447376180961495,32.30049193135731,30.155757396422167,29.79596669360003,0.0,0.0,0.0,0.0,0.0,0.0,0.0,0.0,310703.9905006569,354264.69311826595,330132.58564351144,325950.23641682003,0.0,0.0,0.0,0.0,0.0,0.0,0.0,0.0
5,462.30938794077895,650.6442139804444,565.1201584137988,528.2265770546619,462.30938794077895,650.6442139804444,565.1201584137988,528.2265770546619,0.0,0.0,0.0,0.0,2197741.5027881986,3268579.261917121,2766854.308978446,2572534.7184833214,0.0,0.0,0.0,0.0,2197741.5027881986,3268579.261917121,2766854.308978446,2572534.7184833214,1282780.577349558,1625176.3136141172,1473687.1670677036,1402619.0850421537,318956.2256079558,426783.9944126371,383109.4047789886,356695.94468959427,3542037.1972858543,3735399.5143956374,3624804.034884517,3609714.008274278,418927.2975701292,421179.5785136473,425764.5927741455,419715.59590036055,0.0,0.0,0.0,0.0,341477.40648254234,442356.18470718066,389606.8149573539,376784.97886116576,2422613.5905166827,2581898.8918676763,2482140.4676312082,2478363.4459895305,129965.95705684467,161847.86274295507,106058.6139078343,141124.6240469833,8572962.65781246,9565259.243988309,9030552.859453352,8920266.462974006,-6375221.15502426,-6296679.982071187,-6263698.550474906,-6347731.744490685,-30019111.138658956,-29352183.33321139,-29524343.38329946,-29785686.40675231,15.790666666666667,20.436666666666667,18.418,17.416766666666668,7.454842468379402,7.341414997234547,7.364967727514866,7.415142853478702,53.22066428070522,55.92542566684055,54.64777305804194,54.16733076585258,0.0,0.0,0.0,0.0,64.54195355611787,120.13092209539776,93.32706703626317,83.99809254486584,29.65963117250657,37.19513597985191,33.19358045850741,32.29705785507744,325341.9180935129,412323.45418333117,366275.0481982881,355785.45572494925,29.65963117250657,37.19513597985191,33.19358045850741,32.29705785507744,0.0,0.0,0.0,0.0,0.0,0.0,0.0,0.0,325341.9180935129,412323.45418333117,366275.0481982881,355785.45572494925,0.0,0.0,0.0,0.0,0.0,0.0,0.0,0.0
6,528.1950643880099,787.2444040126757,667.0497541533314,618.8623332566428,528.1950643880099,787.2444040126757,667.0497541533314,618.8623332566428,0.0,0.0,0.0,0.0,2518345.934451183,3968878.090206037,3275686.8036573334,3026032.188965382,0.0,0.0,0.0,0.0,2518345.934451183,3968878.090206037,3275686.8036573334,3026032.188965382,1384476.7541767824,1851686.6624020815,1642504.3784294405,1548000.2220556373,352436.3284868206,498647.5723949264,436733.26948480355,403610.26385465765,3713972.641156779,3970054.8535310426,3830866.8549024966,3803601.4154877714,420587.60177161184,424547.0158554483,428341.9268949901,421973.39670095465,0.0,0.0,0.0,0.0,369188.0855314409,528582.5033680563,448220.26802715263,424976.1317742563,2551679.968562169,2778753.177009944,2645582.227494116,2631155.59151889,109263.75354708238,97757.67074544347,179124.5189902853,105236.62456650875,9034770.342315665,10357214.356615288,9783539.91853528,9497625.747320533,-6516424.407864481,-6388336.266409251,-6507853.114877944,-6471593.558355151,-36535535.54652344,-35740519.59962064,-36032196.4981774,-36257279.965107456,16.94,23.142666666666667,20.4065,19.110933333333335,7.049095418248858,6.932265796361403,6.959145237622792,7.0082050505882485,53.36219810552302,56.09446092742793,54.80668006235201,54.31849009318974,0.0,0.0,0.0,0.0,73.46374170598844,144.842328767694,110.41390208141978,98.44624717758538,31.773950261903625,43.8237698935339,37.711549566428495,35.99138713297422,350822.15010494384,492371.92117613286,420616.7925067977,400364.56997986,31.773950261903625,43.8237698935339,37.711549566428495,35.99138713297422,0.0,0.0,0.0,0.0,0.0,0.0,0.0,0.0,350822.15010494384,492371.92117613286,420616.7925067977,400364.56997986,0.0,0.0,0.0,0.0,0.0,0.0,0.0,0.0
7,601.8799858429074,951.9160863478388,786.6970413538943,724.3926210196335,601.8799858429074,951.9160863478388,786.6970413538943,724.3926210196335,0.0,0.0,0.0,0.0,2877717.1352075553,4816242.899585136,3876665.7378189373,3556201.1527397083,0.0,0.0,0.0,0.0,2877717.1352075553,4816242.899585136,3876665.7378189373,3556201.1527397083,1492381.0819216254,2110627.7877510726,1830556.6683004582,1708767.428961932,388615.93560177565,582326.6730500839,497800.4552266565,456414.69370868354,3892376.1629903438,4218981.778786082,4053067.9792795456,4006688.128518852,422429.8223251121,428573.9975180697,431364.3815237129,424580.28364264726,0.0,0.0,0.0,0.0,408275.7284642613,639138.0312834396,525095.405062871,489077.5344509737,2685153.807488639,2988824.99506954,2818210.856407618,2791438.7231419543,105301.87041795209,107412.16400455538,120490.24362028894,106040.47317326324,9546752.249021601,11327333.122213554,10480373.658897985,10169955.554638784,-6669035.113814047,-6511090.22262842,-6603707.921079048,-6613754.401899077,-43204570.660337485,-42251609.82224906,-42635904.41925645,-42871034.36700654,18.145666666666667,26.203333333333333,22.5865,20.96585,6.66707592767943,6.547362615242016,6.577406921415994,6.625176268326335,53.504185517346144,56.264094286482546,54.966130221296496,54.47015358654389,0.0,0.0,0.0,0.0,82.3304761252211,173.60776441833715,128.76603560031384,114.27752702781171,34.81081664707139,52.16832246010785,43.620167816552645,40.88594368163415,387693.109432956,595736.0901788555,492903.8961627927,460508.15269402077,34.81081664707139,52.16832246010785,43.620167816552645,40.88594368163415,0.0,0.0,0.0,0.0,0.0,0.0,0.0,0.0,387693.109432956,595736.0901788555,492903.8961627927,460508.15269402077,0.0,0.0,0.0,0.0,0.0,0.0,0.0,0.0
8,687.8359404016801,1153.78883981973,928.4219837467607,850.9194551979975,686.4568118613507,1152.0465609648454,926.6551495105028,849.4132240475739,1.3791285403294247,1.7422788548845558,1.7668342362580027,1.5062311504237207,3303043.607435434,5863824.987119004,4595874.588958027,4199317.090324683,0.0,0.0,0.0,0.0,3303043.607435434,5863824.987119004,4595874.588958027,4199317.090324683,1616866.5686134396,2419124.546302243,2049144.5610610675,1897656.8608045208,429273.0269714215,681897.4155389818,567741.723371233,517691.5629700676,4082892.62392972,4493631.44156181,4282249.877757891,4226651.210100952,424594.4902008268,433504.1783755976,434945.69818291615,427712.88106199657,17156.686192081062,14335.67772184369,13199.29381380405,16169.333227497984,459272.14114519756,775758.7974459276,620235.2619364869,570042.470850453,2827420.314972246,3219015.59910104,3002254.2596974457,2964478.664417324,191013.48445795084,189186.97359702064,212145.27213098918,190374.20565662527,10223234.499875853,12532606.576575521,11423566.275866993,11031514.726720735,-6920190.89244042,-6668781.589456517,-6827691.686908966,-6832197.636396054,-50124761.5527779,-48920391.411705576,-49463596.10616542,-49703232.00340259,19.515333333333334,29.814,25.092,23.119866666666667,6.309752106232993,6.187829359553881,6.220447412899804,6.267079144895304,53.69638080363271,56.4679646510399,55.17336715312759,54.666435150225226,0.0,0.0,0.0,0.0,93.93232341976706,210.30660148910084,150.68583422188277,134.66332074403388,38.61019325270266,61.96932318973586,50.602899661946914,46.785888730664276,435386.26061697374,722482.928319057,581838.5848330746,535870.0943127029,38.59658099526417,61.9482773070224,50.585436137217314,46.769674704379554,0.013612257438485851,0.021045882713455377,0.017463524729600607,0.016214026284725184,0.0,0.0,0.0,0.0,434299.39253346744,720826.5031377337,580446.0035290868,534583.8812449606,1086.8680835062278,1656.425181323327,1392.5813039878142,1286.2130677422124,0.0,0.0,0.0,0.0
9,798.794925666475,1414.8706585312962,1113.1837747591271,1014.4214321691625,781.7490656188323,1389.8573113606512,1091.698222329313,994.586951628469,17.04586004764263,25.013347170644778,21.485552429814074,19.834480540693384,3894090.1407961827,7286444.76513692,5593030.144182237,5081414.25931544,0.0,0.0,0.0,0.0,3894090.1407961827,7286444.76513692,5593030.144182237,5081414.25931544,1780985.6343736493,2812850.5628495445,2328703.6239241306,2142138.3593402123,482378.94745179295,809193.5106320943,657512.7114519455,596764.0445648985,4345633.277812651,4874756.849917599,4598731.403274842,4530826.528049383,427365.3844110583,439895.23285304627,439564.0540862494,431750.831365754,172427.63397482777,190326.17509879608,177984.2600938639,178692.12336821668,529507.4860111154,954461.2050121092,743101.3661913413,678241.2876614633,2997332.4543084526,3481089.71777669,3220830.7955912207,3166647.496522336,940697.9125344848,1112771.6466941498,964942.8032879594,1000923.7194903676,11882410.716084952,15055618.205644574,13425492.368543142,12993033.33743082,-7988320.575288768,-7769173.440507655,-7832462.224360905,-7911619.078115378,-58113082.128066674,-56689564.85221323,-57296058.33052632,-57614851.081517965,21.346666666666668,34.38766666666667,28.304,25.91101666666667,5.979483901604666,5.855193615901572,5.890899127442004,5.935982301608583,54.325841725397886,57.120964534274364,55.850167747448126,55.30413470850465,0.0,0.0,0.0,0.0,109.37336037690673,257.22472558877564,181.8916067920546,161.12133820106084,42.62075789707212,72.10172078851032,57.61260929609182,52.93909490907549,496615.23965581955,879574.2663785969,689433.4746815648,630650.8990087917,42.45076441707254,71.75676548572632,57.359648696474615,52.707864791101365,0.169993479999571,0.3449553027839928,0.25296059961719797,0.23123011797411863,0.0,0.0,0.0,0.0,483059.81378375686,852149.3207737077,669000.0153902185,612241.1412302396,13555.425872062619,27424.94560488912,20433.459291346226,18409.757778551895,0.0,0.0,0.0,0.0
10,936.6023145924343,1746.6974612358547,1343.2762576870684,1220.1356159176314,889.2620788913256,1671.4029300199945,1281.3720116173067,1163.0113767863597,47.34023570110855,75.2945312158598,61.90424606976222,57.12423913127149,4665531.28664111,9167381.751736702,6881142.065300522,6241178.949424567,0.0,0.0,0.0,0.0,4665531.28664111,9167381.751736702,6881142.065300522,6241178.949424567,1997194.3280030987,3313022.1416997947,2690628.8815477453,2457734.062796942,547184.3056865549,964881.8812618196,766511.3023029948,693378.4571378975,4685675.899967719,5350235.81316209,5014562.150488498,4918271.869585749,430809.1847845997,448088.15332594275,445398.3159050556,436856.8237740698,462974.9372197427,555099.0901741495,466774.43457240437,495218.39075378503,632057.867553817,1203929.192150889,916957.6283010374,832212.8311627922,3188997.91151014,3772174.1507489975,3460235.591405648,3393109.59524374,1458590.9680271407,1857607.5188777908,1717093.6317433019,1598246.7608248682,13650474.271062937,17943479.5468847,15840000.097173057,15153026.117600553,-8984942.984421829,-8776097.795147995,-8958858.031872531,-8911847.168175988,-67098025.11248851,-65465662.64736123,-66254916.36239885,-66526698.24969396,23.680666666666667,40.071333333333335,32.33,29.4174,5.690135210582614,5.562572686862765,5.6015000677935,5.645488327280667,55.34331090143936,58.12112583899901,56.81944158764377,56.31554612958524,0.0,0.0,0.0,0.0,129.2086309200062,318.2222946973995,218.9895506955458,195.36341324209383,47.2004579407419,82.83777349506005,65.4080459855502,59.67351838475325,584408.4203490266,1092966.714770538,838954.5216273355,762403.8233965556,46.61312657919967,81.54604123736036,64.50966153262742,58.83964670955591,0.5873313615422301,1.2917322576996857,0.8983844529227814,0.8338716751973395,0.0,0.0,0.0,0.0,537141.2618078849,988896.970178572,766068.6122716902,695255.7597376254,47267.15854114163,104069.74459196591,72885.90935564518,67148.06365893013,0.0,0.0,0.0,0.0
11,1112.1053502865914,2160.0524469571587,1637.658202044826,1478.8868341212901,1008.9226549644934,2002.5440960041371,1500.608663257319,1356.6901593283687,103.1826953220979,157.5083509530213,137.04953878750686,122.1966747929211,5708261.0321264295,11576106.458642827,8601434.232236916,7762006.9314071685,0.0,0.0,0.0,0.0,5708261.0321264295,11576106.458642827,8601434.232236916,7762006.9314071685,2280604.4063970135,3935994.75382536,3148300.2392148916,2859991.027996935,628312.7707578578,1153275.4638721622,903692.5124165094,812049.7133478643,5140293.510268945,5938071.32311308,5536223.180942821,5419515.744764392,437361.07980898855,460373.45207737794,455528.7742875319,445415.41010292486,959967.9609502668,1075547.9714335978,983835.865556681,1000420.9646194326,771386.5350780695,1538811.9519568942,1151827.1126344833,1039985.4309856582,3409109.982846305,4095311.7432964733,3730878.656451311,3649280.5990038635,2541351.65320865,2837640.987679274,2764129.349291444,2645052.9202733682,16470415.774287948,21639126.567533843,19126963.452638317,18279464.551924013,-10762154.742161518,-10063020.108891016,-10525529.220401404,-10517457.620516842,-77860179.85465002,-75528682.75625224,-76780445.58280027,-77044155.8702108,26.69633333333333,46.98566666666667,37.381,33.7976,5.432987452429752,5.302383704032064,5.343462262200593,5.387276140490561,56.86028463156238,59.320161820997996,58.196525658971986,57.721241647864844,0.0,0.0,0.0,0.0,155.01656706148776,395.96660251294423,271.34872898153156,239.3490794694975,51.4423273250545,93.8172406366627,72.60951532276044,66.27354698411736,699867.3850189327,1375107.2627605055,1032171.3097950782,936201.3422284832,50.00061797717026,90.73423270779604,70.37851533610251,64.25738313288929,1.4417093478842478,3.0830079288666634,2.230999986657941,2.016163851228093,0.0,0.0,0.0,0.0,583011.0459056409,1123476.0755013372,850174.7109599032,772173.8062641346,116856.33911329176,251631.1872591683,181996.5988351751,164027.53596434853,0.0,0.0,0.0,0.0
12,1325.8148643833729,2664.8959100780867,1996.2264485741935,1794.4932303765227,1141.162387651441,2387.3392046457952,1750.6189751803727,1577.324273599465,184.6524767319323,277.5567054322917,245.60747339382092,217.1689567770581,7013495.783376808,14587936.416427676,10767376.081668723,9664550.004944611,0.0,0.0,0.0,0.0,7013495.783376808,14587936.416427676,10767376.081668723,9664550.004944611,2634209.668095734,4690412.612574104,3712642.4590705023,3353880.6986631635,724936.8914141963,1375738.171811379,1065178.9540887144,952717.3395532102,5693611.926129771,6613161.414369086,6179903.229231016,6015454.247013532,450407.631346478,480838.6346627682,471932.39576119435,461058.4825071796,1619156.3478371575,1733372.047138376,1696510.060294431,1659131.842592584,961496.90211413,1973728.4666686116,1463541.32551128,1315777.9497081987,3650924.4034921518,4443792.790645698,4024560.913524668,3928428.338995893,3455341.5715840403,3458891.391569513,3770838.4106210526,3456584.008578955,19561213.80036071,25531543.03518072,22952010.217625797,21650829.032547712,-12547718.016983896,-10943606.618753044,-12184634.135957077,-11986279.027603097,-90407897.87163392,-86472289.37500529,-88965079.71875733,-89030434.89781389,30.359,55.18866666666667,43.3885,39.04938333333334,5.209794172879699,5.068800176758507,5.119450712482841,5.160446274237282,58.69508052302959,60.66104931021812,59.84824929147806,59.38316959854558,0.0,0.0,0.0,0.0,187.44327081539555,491.11626531656054,333.08985847634324,293.72881889080327,55.78155307495072,104.90404357699444,79.9703682880395,72.97442475066602,856241.2409643009,1736415.9687964239,1290215.134835537,1164302.395705544,52.94169900348196,99.03531262665642,75.56882751374636,69.07446377159302,2.8398540714687677,5.868730950338,4.4015407742931325,3.8999609790729988,0.0,0.0,0.0,0.0,624482.412046343,1250897.4485452557,927920.8888676545,843727.6748209624,231758.82891795802,485518.5202511684,362294.2459678827,320574.7208845817,0.0,0.0,0.0,0.0
13,1561.0397137685623,3262.2696487295416,2400.487404137765,2156.4701910049052,1288.6322413261885,2839.9772889280507,2037.6370114407139,1831.60300798684,272.407472442374,422.2923598014905,362.85039269705146,324.8671830180648,8449105.915131181,18177668.51950751,13203139.722727781,11854102.826662896,0.0,0.0,0.0,0.0,8449105.915131181,18177668.51950751,13203139.722727781,11854102.826662896,3014508.314623497,5558505.923977707,4340171.60585726,3904907.4778974704,826184.4824121883,1627504.9698620266,1238856.7457949265,1106646.6530196317,6237455.741712317,7316073.387940727,6789128.741889535,6614971.9178922605,469505.57736349193,510645.48121040536,495907.37862119346,483904.54370991164,2250226.500164657,2414945.2532327054,2304874.5467406274,2307878.0637384737,1192659.938735548,2511738.8116311003,1848228.574331607,1654337.5442489912,3894154.8662078287,4807307.305486873,4323090.298672053,4213758.219955495,3152102.150918301,3394873.4141427195,3050207.9087146227,3237072.0930468477,21484150.15013162,29090410.93154599,25085563.142245762,24146341.42362665,-13035044.235000437,-10912742.412038485,-11882423.41951798,-12292238.596963754,-103442942.10663436,-97385031.78704378,-100847503.13827531,-101322673.49477766,34.175333333333334,64.40233333333333,49.9065,44.754783333333336,5.0143602128266975,4.85551109322953,4.915501210797376,4.958763020967689,60.25036651987875,61.862080277362566,61.14855888608899,60.81446633499809,0.0,0.0,0.0,0.0,222.90314327129164,607.4011147891104,403.9696659419383,357.4774333025282,61.37825563574306,117.89153697187302,89.5164022547347,81.15790410338855,1052024.3675065213,2188190.4624641514,1615106.4122503086,1449682.5007416918,56.83774782851506,108.49455827466635,82.50514048362963,74.91763148466801,4.540507807227997,9.396978697206679,7.011261771105089,6.240272618720535,0.0,0.0,0.0,0.0,678408.766394643,1398736.5814431857,1030687.8048722519,930523.5016616329,373615.6011118783,789453.8810209658,584418.6073780565,519158.9990800589,0.0,0.0,0.0,0.0
14,1815.4206082426515,3958.532575157869,2851.251564635585,2565.5097966629774,1451.7714238719648,3367.8736739485635,2360.6238822313094,2122.407211398774,363.64918437068707,590.6589012093058,490.6276824042752,443.10258526420364,9988750.511471672,22374840.237894103,15911667.944695568,14323881.915719522,0.0,0.0,0.0,0.0,9988750.511471672,22374840.237894103,15911667.944695568,14323881.915719522,3407221.885626438,6533382.892353368,4994687.5203890735,4501378.237980863,929477.2974921083,1910051.942729018,1423198.442897675,1272678.4233250269,6752184.686955397,7988580.360863248,7379305.373419337,7184923.172823144,495189.4535971417,548126.966264657,527762.7263646525,513717.58303077205,2777601.5933294347,2984151.65134868,2819362.852222591,2849894.1136361705,1443366.4214476305,3150601.721236768,2276069.361527566,2040898.7763738285,4131696.455435702,5183493.327921664,4624470.636134552,4499825.360805789,2887159.851840881,2748896.9019576847,2561282.594159303,2838767.8193817623,23352534.113210168,32215386.564394947,27444225.127839755,26454532.47112484,-13363783.601738492,-9840546.326500844,-11532557.183144188,-12130650.555405315,-116806725.70837285,-107225578.11354461,-112380060.3214195,-113453324.05018297,38.05233333333333,74.56466666666667,56.598,50.831649999999996,4.821842160774627,4.650298252309549,4.714452634674979,4.761801792811849,61.442652764417694,62.85156434675562,62.19803780723258,61.93577181823596,0.0,0.0,0.0,0.0,258.19659716691496,736.224773847793,474.6223210847387,425.50645900522227,67.65560922611526,133.78450065585918,100.48833166053195,90.80072122652564,1267365.8872696774,2726650.277926126,1980470.9584091671,1778115.4239994343,61.33729685852595,120.53678039137134,90.75846063039387,82.05711609502184,6.3183123675893205,13.247720264487851,9.729871030138082,8.743605131503806,0.0,0.0,0.0,0.0,742023.8426056765,1593144.6332369929,1157431.31211971,1039916.1193266371,525342.0446640009,1133505.6446891336,823039.6462894571,738199.3046727973,0.0,0.0,0.0,0.0
15,2091.5122985968874,4776.509818743636,3365.667310851872,3031.261430648249,1632.3164663792622,3981.2539270398597,2728.9751445843763,2454.4445776104712,459.1958322176251,795.255891703777,636.6921662674963,576.8168530377782,11659892.552496439,27329298.827309843,19019107.19865181,17144184.74868113,0.0,0.0,0.0,0.0,11659892.552496439,27329298.827309843,19019107.19865181,17144184.74868113,3810472.393883848,7631701.575109656,5714377.460991179,5147902.60731288,1036517.3029875741,2228461.5785293058,1625102.0530304054,1453697.79942718,7257256.982353508,8673725.044753341,7955540.948461284,7753020.804193448,526046.8149600151,593940.3363761695,564574.6988224619,549809.5474556691,3229087.32014431,3497252.632150107,3278870.918129539,3322945.179346339,1712695.1734112548,3896419.2257612436,2754117.122744842,2476998.591733751,4369866.96826514,5576216.96121786,4932799.082347402,4792089.465798592,2667828.506328632,2585241.6710154563,2612453.1473264857,2638923.1139690205,25226958.11176533,36109699.414361045,30439979.83812141,29035917.567673832,-13567065.559268886,-8780400.587051194,-11420872.639469603,-11891732.818992693,-130373791.26764172,-116005978.70059583,-123800932.9608891,-125345056.86917567,41.946666666666665,85.883,63.851,57.32438333333333,4.630608741281742,4.452390606314869,4.518766491115268,4.568232394043337,62.44635224511496,63.70055338047146,63.10910606464136,62.88532264248973,0.0,0.0,0.0,0.0,297.0871107415005,885.5319721073661,560.2619389001701,503.0428122195534,74.45944522947555,151.5894262923299,112.44056308000593,101.45493860147457,1498312.576720751,3356226.0356841153,2386750.191704335,2148582.287357928,66.31233747751622,133.99145508893275,99.81060068544578,90.000028641512,8.147107751959341,17.597971203397165,12.629962394560149,11.45490995996258,0.0,0.0,0.0,0.0,812613.6794280746,1817928.059524438,1300267.0584107041,1164473.7124618017,685698.8972926761,1538297.9761596771,1086483.133293631,984108.5748961264,0.0,0.0,0.0,0.0
16,2391.534081596787,5731.628159011645,3951.5345573128193,3560.567008691987,1833.6839270793055,4690.568238055442,3145.6450227970927,2833.593435920953,557.8501545174815,1041.0599209562038,805.8895345157263,726.9735727710342,13469278.24640146,33169871.31838228,22581769.0169943,20364485.82159475,0.0,0.0,0.0,0.0,13469278.24640146,33169871.31838228,22581769.0169943,20364485.82159475,4225086.146659099,8875051.10602569,6514926.670972005,5852573.882437406,1147435.715516133,2584681.554808467,1846719.425413726,1650471.75926845,7712331.880913582,9337228.55345321,8532802.67275934,8281045.716302452,564780.927911616,649595.9377939039,610631.4129184003,594466.1813704168,3580063.554484998,3968797.5800470803,3699627.2150544953,3716120.463431727,2001289.5107495848,4775839.328258355,3300331.7336588907,2972381.9468776546,4607072.018649157,5985557.388838757,5248576.629859398,5089541.898215517,2504312.750870061,2540269.066915261,2437370.726227741,2516897.461485881,27055530.903943058,40448678.01386174,33381135.33784715,31743132.3924146,-13586252.657541597,-7278806.695479459,-10799366.320852851,-11378646.57081985,-143960043.9251833,-123284785.39607528,-134600299.28174195,-136723703.4399955,45.894,98.44933333333333,71.7605,64.28836666666666,4.444817069061329,4.264640944255045,4.331459121876505,4.381755425379129,63.20673558615451,64.48804794094794,63.900092670825586,63.65519491033221,0.0,0.0,0.0,0.0,338.15205280659524,1054.2982796984297,651.7991414617377,588.8032322187373,82.3899252582351,172.76275139259917,125.93742501032273,114.02041440526253,1748983.882874466,4099394.8240964776,2852866.0797977713,2571627.7123021698,72.48814721483976,150.54626844031608,110.19303181334894,99.80848964375647,9.894967244707443,22.184959269551843,15.718652446242364,14.196464453402982,0.006810798687894933,0.031523682731268717,0.025740750731432945,0.015460308103075755,903614.1014719175,2107600.193414379,1470630.432818637,1325009.233651779,844653.7832178561,1988509.0224280122,1379578.7840862728,1245003.1169414106,715.9981846924182,3285.608254085666,2656.8628928614025,1615.3617089800548
17,2724.617645756087,6847.8770245514115,4616.707934358765,4167.75842833445,2057.383378073311,5509.890761882386,3615.204311629381,3265.760962406487,667.2342676827759,1337.9862626690253,1001.5036227293834,901.9974659279632,15488611.713730726,40047289.359278746,26650596.2758383,24084148.889672533,0.0,0.0,0.0,0.0,15488611.713730726,40047289.359278746,26650596.2758383,24084148.889672533,4668888.671371646,10285140.917208647,7380181.0870963,6634576.957414597,1266396.587729057,2986331.2260271795,2087659.326688671,1868373.7111334,8183150.234362709,10005446.449198412,9102715.711471349,8820953.909555204,607923.2597214996,708834.7303617285,661064.7996123567,643242.2744455797,3981387.820814368,4484858.691387515,4147329.502291557,4157602.625514969,2313639.2484214497,5810950.012744363,3925242.3489734516,3537698.015934469,4850684.801526038,6415094.678583371,5575752.581992703,5398228.258496105,2692928.1815373716,2537251.230511747,2680488.0727352304,2638441.248678403,29385109.681839075,45324684.828612596,36965070.42544397,34963960.9832098,-13896497.968108347,-5277395.469333851,-10314474.149605671,-10879812.093537273,-157856541.89329168,-128562180.86540914,-144914773.43134764,-147603515.5335328,50.05266666666667,112.47733333333333,80.205,71.90129999999999,4.263096830213081,4.08622087436279,4.153326743882091,4.2011902456654795,63.883766553043,65.20995839886518,64.61160601541631,64.34793369908076,0.0,0.0,0.0,0.0,381.8662292942806,1249.5966613990704,753.16609005329,685.5718805309571,91.01986978424867,197.48566907356795,141.74987223885628,128.2828995355104,2020391.736960219,4975480.697757342,3387265.3525491445,3054672.8732392117,79.37549657634992,170.4781103596637,122.90448940722237,111.26141140050974,11.544720595978623,26.75971751133678,18.69127226781528,16.869969516353976,0.09965261192011629,0.24784120256750142,0.15411056381861726,0.15151861864670108,1008585.8119679806,2478305.7831003405,1691728.0741852098,1522987.8018643064,1001372.378432409,2471024.0111435917,1679399.364919125,1515750.449881323,10433.546559829654,26150.903513409783,16137.913444810181,15934.6214935827
18,3087.873721818817,8169.721301469248,5373.57668966156,4866.520374696467,2304.075374382892,6463.828723588658,4142.547928279123,3759.98904660491,783.7983474359253,1705.8925778805901,1231.0287613824369,1106.531328091558,17697157.417220008,48289851.16185515,31323124.91476776,28404600.227842305,0.0,0.0,0.0,0.0,17697157.417220008,48289851.16185515,31323124.91476776,28404600.227842305,5134065.647914642,11920371.602791972,8339229.351125662,7509272.732121708,1390466.0832507587,3445919.7995098736,2350505.3364415304,2109874.8839414488,8628264.374862706,10712257.167653799,9694700.906634582,9357661.852339588,643830.7210247756,768756.8315169124,710591.8256239993,687554.8596970235,4352899.071992176,5111680.723485339,4654340.1605714075,4618472.650014783,2662317.414485097,7042526.094771907,4641317.708850023,4195390.45258548,5094277.621971227,6871280.746537108,5914390.3078441145,5716228.715569286,2542268.007890459,2910657.9182051364,2527478.769727872,2671204.476500596,31385542.778294858,51303972.47110091,40483768.85870764,38356993.17077698,-13688385.36107485,-3014121.3092457713,-9160643.943939876,-9952392.942934673,-171544927.25436655,-131576302.17465489,-154075417.37528747,-157555908.47646746,54.35633333333333,128.48566666666667,89.4215,80.30160000000001,4.091373325370621,3.917756452679358,3.9839236515143313,4.030607419928679,64.43265054758983,65.94790485020089,65.28072185154647,64.9629895535037,0.0,0.0,0.0,0.0,427.63854623496763,1485.693643647992,866.5676670936803,797.9578303295261,101.39438650920667,226.02215095572453,159.844591397447,145.0141040654879,2323291.757059609,6007093.403891811,3997589.4413757445,3612622.33345088,88.14590484837396,194.2339139724901,137.96750008261012,125.2767080418146,12.967284301644233,30.940530387333748,21.306717564663842,19.25792043163556,0.28119735918849204,0.8477065959007068,0.5703737501730464,0.47947559203776724,1146899.9890787087,2958325.129177093,1968663.9650939333,1780898.7881131433,1146899.9890787087,2958325.129177093,1968663.9650939333,1780898.7881131433,29491.77890219137,90443.14553762543,60261.51118787824,50824.75722459329
19,3499.1264466956195,9700.467753539951,6251.9908647828715,5669.595904091136,2578.618200668565,7534.872086920653,4744.435378341392,4313.307060856796,920.5082460270543,2165.5956666193,1507.5554864414805,1356.2888432343402,20224035.58428828,58005388.065960884,36800690.2083165,33447508.952873692,0.0,0.0,0.0,0.0,20224035.58428828,58005388.065960884,36800690.2083165,33447508.952873692,5641264.294677272,13766594.415367573,9435826.627456825,8485129.836918877,1527057.3201521733,3959627.3383890945,2648659.700124167,2378456.8265350955,9120088.526537634,11515722.448899146,10325887.621048618,9958560.399364164,677442.0961361267,828557.6254188678,755935.7214832602,730332.531385086,4875471.461855803,5945093.9403395,5234049.3975323215,5249839.329325097,3045723.029253439,8509247.887652703,5470706.787289494,4957956.729693182,5352804.693214901,7348972.650148229,6271993.674192811,6051463.478141566,3102104.731550629,3721423.8489445904,3199494.651485818,3318866.4226385155,34413357.35837499,58622930.84037969,45282831.74767415,42886708.077076636,-14189321.77408671,-617542.7744187972,-8482141.539357657,-9439199.12420294,-185734249.0284532,-132193844.94907369,-162557558.91464514,-166995107.60067037,59.012,146.28,99.806,89.5558,3.9259194240579527,3.7603698393322498,3.8234907318550726,3.8679770694039566,65.00069692822329,66.73535103001211,65.96500503970982,65.60782586384938,0.0,0.0,0.0,0.0,482.4124063760254,1728.2296512261619,1007.206350401103,918.448442073573,111.91409872425143,256.56403129361246,179.25062856389653,162.54157512352776,2654573.612583001,7243477.6742782695,4698468.737215163,4260690.034176345,96.96709701138347,219.22240579639262,154.11383219575274,139.75645508613667,14.308393040345395,35.274817063340585,23.977938495125557,21.64664144839371,0.6386086725225935,2.0668084338792427,1.158857873018267,1.1384785889974207,1293488.599077204,3510079.2523792395,2287467.7332323506,2069295.3277329165,1293488.599077204,3510079.2523792395,2287467.7332323506,2069295.3277329165,67596.41442859314,223319.16951979106,123533.27075046352,122099.3787105124
20,3959.4807576245885,11489.79450099802,7247.82354505244,6595.0905678052895,2878.0254588519956,8755.25280248241,5408.0535405860755,4935.055029122641,1081.4552987725926,2734.541698515612,1839.770004466364,1660.0355386826495,23098654.29016442,69514109.71117295,43107006.20132107,39344063.687517405,0.0,0.0,0.0,0.0,23098654.29016442,69514109.71117295,43107006.20132107,39344063.687517405,6206308.974512352,15893587.34847932,10649660.28343269,9596856.40540079,1673928.2085334836,4538262.865902084,2973238.0793617717,2676445.3386124936,9684709.929835033,12439762.236106059,11052286.381013718,10648978.237029891,708606.8613059908,889524.4508261633,801322.0406984366,771928.0176380512,5573451.949948696,7108621.49465182,6125279.643302599,6110761.290594789,3480343.9451957224,10241630.947414624,6428033.618241114,5846794.395972338,5621510.580838517,7851490.069355106,6646301.852905747,6402003.401819323,3533450.287432653,4622839.120380044,3933414.2485247888,3914736.3789642397,37706284.75189251,67214652.0487088,50882896.84391306,48034213.305778205,-14607630.461728096,2299457.6624641623,-7775890.642591978,-8690149.618260806,-200341879.49018133,-129894387.28660953,-170333449.55723712,-175685257.2189312,64.11866666666667,166.419,111.08,99.92378333333335,3.772646759585147,3.6140865766331776,3.6743072665722076,3.7171506955519575,65.64739401963405,67.5492691119651,66.70357078443617,66.31305030194991,0.0,0.0,0.0,0.0,534.7152844946576,2024.9156388423505,1142.6725509972835,1056.2854085163501,122.82989742020804,287.9569592485145,199.2223683051784,180.6243690601153,3033605.337643242,8700808.209894134,5520103.531247474,5017126.3429310545,105.93281797777668,244.00242760472938,170.27315298761502,154.25718134721012,15.675581226084924,39.5806440117169,26.649866107007735,24.042353201056116,1.2214982163464496,4.373887632068208,2.299349210555655,2.324834511849065,1451823.04843063,4110621.2218387546,2636463.5444715037,2382402.409123474,1451823.04843063,4110621.2218387546,2636463.5444715037,2382402.409123474,129959.24078198202,479565.76621662395,247176.44230446647,252321.5246841067
21,4470.752373453548,13571.237128116822,8350.856122124987,7655.922037585694,3205.2069647933363,10144.783569925043,6127.686142882018,5634.058776589433,1265.545408660212,3426.453558191778,2223.1699792429677,2021.8632609962601,26321314.36258887,83042867.27531178,50166724.505247176,46173857.88204189,0.0,0.0,0.0,0.0,26321314.36258887,83042867.27531178,50166724.505247176,46173857.88204189,6825292.621032534,18321355.926876776,11971618.217106508,10848914.77807802,1831543.7887004856,5188161.937229356,3315004.9360810355,3006360.14068559,10322949.262096776,13400087.396977378,11819233.206564063,11399947.609304987,736029.6507282057,954056.371948126,844971.2219538927,812339.0031551778,6522271.023159327,8391527.392121203,7063388.51256646,7176510.752295983,3973139.82110996,12297512.503429383,7516008.553196237,6886670.2599217575,5900064.131339516,8382778.321176979,7026037.109885986,6769014.097782628,4174492.851234631,3942033.7059157765,3957209.156913928,4093132.1503730323,41680557.07285602,75213261.10363322,56159477.05091748,53417003.483628035,-15359242.710267149,7829606.171678558,-5992752.5456703,-7243145.601586153,-215701122.20044848,-122064781.11493097,-176326202.10290745,-182928402.82051736,69.60233333333333,188.964,123.094,111.37891666666667,3.6301601363162397,3.477243275059153,3.5362966026650766,3.576639234876259,66.29024384150861,68.3615344379772,67.42611977199945,67.01519555027262,0.0,0.0,0.0,0.0,595.5569679151404,2370.2995726977983,1276.3531681347945,1216.7168795890707,133.9711351773764,321.6742846535697,220.50456158492617,199.66723749404406,3464798.143524662,10427116.456675943,6466050.930198162,5901609.55312761,114.79364916374566,270.25470781768144,187.26503254094237,169.20501969262318,17.01245446105915,44.12324833773387,29.415017079207292,26.5012323178953,2.1650315525716186,7.29632849815434,3.824511964776453,3.9609854835255707,1616527.3769943626,4807130.561188577,3025073.191817632,2733238.491462338,1616527.3769943626,4807130.561188577,3025073.191817632,2733238.491462338,231743.38953593682,812855.3342987901,415904.54656289925,435132.5702029354
22,5035.008161596666,15959.020042994594,9608.08155975965,8858.41232008594,3557.777398485089,11686.913990541074,6935.01567691325,6402.9752057046835,1477.230763111577,4272.106052453521,2673.065882846401,2455.4371143812577,29930010.595589396,98806976.34561665,58307480.137514494,54036948.60809893,0.0,0.0,0.0,0.0,29930010.595589396,98806976.34561665,58307480.137514494,54036948.60809893,7497303.468284823,21072351.78555634,13449183.383674964,12248570.379329853,1999136.9600497952,5907426.097802474,3691501.5038599004,3367038.1582632326,11002720.503461804,14536741.366464933,12666884.308726326,12239627.8055129,762497.155001341,1021781.1645345221,887223.3561428578,853246.5583379543,7544703.511264353,10065059.0045622,8177044.408279593,8426827.933918599,4528819.171100089,14707100.41825626,8755281.02452917,8091217.6076047495,6187732.273382787,8935683.931638716,7426704.511226032,7149515.353772362,4090683.4278901126,4885883.966058352,3900596.434095119,4369003.616248997,45199579.281319104,86291265.8392505,62029802.07055645,59581669.5765951,-15269568.68572971,12515710.50636616,-3722321.9330419456,-5544720.968496156,-230970690.88617823,-109549070.6085648,-180048524.03594938,-188473123.78901353,75.47066666666667,214.05233333333334,136.3355,123.97425000000001,3.4966459840184596,3.349992361995026,3.407323747821727,3.445317216310258,66.96533131644557,69.2327156702049,68.18801702965746,67.75891584026134,0.0,0.0,0.0,0.0,659.595599937475,2734.2807370350474,1463.969677938665,1385.7353979216252,145.52503879953184,355.31081907869986,241.28579150685383,218.95006189724063,3948197.154388331,12456430.091296766,7525008.675787075,6926078.682306282,123.78765658424193,295.0421800440899,203.2157907958316,183.7267397951887,18.362154536377478,48.347272177920445,31.979888700484864,28.856945710917515,3.3752276789124456,11.921366856689541,6.090112010537409,6.366376391134429,1792255.3126096046,5554680.0971079,3427735.5392552796,3109103.9871840077,1792255.3126096046,5554680.0971079,3427735.5392552796,3109103.9871840077,363686.529169122,1347069.8970809642,669537.5972765168,707870.7079382667
23,5658.839038857428,18673.646355183577,10997.754686650742,10214.02159957158,3937.0120416827986,13394.35076730476,7794.025273561662,7247.080595650485,1721.8269971746292,5279.295587878814,3203.7294130890778,2966.941003921094,33969949.95315697,116995094.27758238,67477471.94901855,63028750.46670586,0.0,0.0,0.0,0.0,33969949.95315697,116995094.27758238,67477471.94901855,63028750.46670586,8230865.911669678,24155861.834113535,15049371.854701657,13804614.484525029,2177303.287882675,6691704.183062048,4089547.5667284145,3757343.6011954555,11758958.904479478,15770076.634523999,13621089.317774843,13162850.10999506,785232.4401561995,1094609.522304849,929297.0316032749,893514.4189082268,8741469.115416517,11946507.476023478,9616422.298897222,9863232.541628953,5153650.491428832,17498529.4213816,10176785.826116452,9474358.1169123,6484692.851998116,9509962.546330828,7834359.41573314,7543537.245014565,3992214.8048329772,4778840.515582548,4312782.232473118,4267533.803595327,49124596.42705853,97555222.13174777,69189813.5137796,66075315.42369976,-15154646.47390157,19439872.1458346,-1712341.564761055,-3046564.9569939114,-246125337.36007977,-90109198.46273021,-181760865.60071045,-191519688.74600744,81.76266666666666,241.6,150.376,137.7057333333333,3.3726166640544064,3.2314729277355774,3.2859582852815667,3.323216356342816,67.68245500268004,70.10210029680933,68.99394037572475,68.52933085562529,0.0,0.0,0.0,0.0,730.7152461110493,3136.0468855060244,1628.9232277632766,1572.5813198992905,157.11350386446162,389.72504000128845,262.3348213377254,238.52754151235098,4489501.58933841,14821046.451842498,8746122.020627175,8105542.2912148405,132.46648796085915,319.06791385660216,218.52787048470105,197.7769870243692,19.630755260829172,52.261999401314085,34.39147279644171,31.051690709998894,5.016260642773308,18.395126743372174,9.415478056582677,9.698863777982911,1972628.7744452197,6351135.3786010435,3848888.827493946,3505106.085899758,1972628.7744452197,6351135.3786010435,3848888.827493946,3505106.085899758,544244.0404479698,2118775.6946404125,1048344.3656392823,1095330.1194153246
24,6343.1738748029375,21722.38500099819,12546.203453220547,11725.897768971276,4344.569157830141,15288.61305708162,8736.566499396522,8174.984522568158,1998.6047169727954,6433.771943916569,3809.6369538240237,3550.9132464031163,38465676.83413342,137609903.24840465,77802632.13502142,73166156.07912835,0.0,0.0,0.0,0.0,38465676.83413342,137609903.24840465,77802632.13502142,73166156.07912835,9032511.628643919,27556556.979923107,16814475.011144876,15515927.501591634,2362858.511171113,7534409.778305471,4514915.329329582,4172901.454668138,12597999.144361867,17082751.30244187,14709830.200524433,14167662.399689868,804457.7672604196,1171479.0907975165,970839.9834166009,932915.2304984035,10125650.910478426,14098474.889253018,11414532.858290726,11516139.303049535,5846185.1505678035,20654681.7983994,11757207.340397932,11029158.977308862,6789699.409310857,10102605.728250522,8253392.103377392,7949216.620939739,4641887.041065349,4580162.923319014,4849548.5700129345,4620283.599854132,54239889.725938395,109965481.5365542,77390025.42883456,73743846.85965392,-15774212.891804965,27644421.71185046,412606.7061868542,-577690.780525567,-261899550.2518847,-62464776.75087975,-181348258.8945236,-192097379.52653295,88.50033333333333,271.36766666666665,165.579,152.5039,3.257671335046506,3.1205252326093738,3.1730866361709094,3.2096701991935097,68.4431515813039,70.94746097374046,69.80449954128258,69.31965986865669,0.0,0.0,0.0,0.0,805.7273017805662,3565.685648332458,1825.356477195741,1771.7127230737283,168.77081786675265,424.5806312094668,282.50792130268,258.3042525367026,5095492.492973546,17549264.141637355,10121620.792352783,9454312.570005879,140.80921105475684,342.06684073244855,231.9543027237326,211.24938144194894,20.807759500898896,55.854648888724896,36.351180241273156,33.07417078663799,7.153847311096903,26.659141588293277,14.202438337674277,13.980700308115633,2156904.910286428,7207440.956067851,4259769.827321516,3924592.526309926,2156904.910286428,7207440.956067851,4259769.827321516,3924592.526309926,781682.67240069,3134382.2295016544,1602081.137709751,1605127.5173860276
25,7085.316459098137,25128.695092542803,14246.550611628421,13400.49898080377,4778.90711104828,17346.920503858793,9755.244886878016,9177.71179853196,2306.4093480498564,7781.774588684008,4491.305724750404,4222.78718227181,43395379.7179766,160939609.3573409,89235442.67328475,84535860.09175411,0.0,0.0,0.0,0.0,43395379.7179766,160939609.3573409,89235442.67328475,84535860.09175411,9886135.371361809,31285070.190617293,18743090.20212752,17375762.55810123,2556261.847948662,8429591.151692677,4962371.223446884,4611927.104259067,13471771.781301215,18479600.71862261,15791717.167357143,15224511.909363702,823137.3053793694,1254783.5166009944,1014074.3873537321,974213.4793069381,11723129.965911971,16272034.52816987,13027417.311063431,13315246.562702235,6614702.028757495,24279844.792425834,13545882.566142228,12797501.996041413,7100444.930647656,10706898.61239736,8685553.639854882,8362703.719260052,4870745.934238699,4370559.183676644,4278733.637053524,4695680.57154198,59345968.30615204,123480674.39847524,84757716.68411133,81793115.43846516,-15950588.58817544,37458934.95886568,4477725.989173434,2742744.653288951,-277850138.8400601,-25005841.792014074,-176870532.90535015,-189354634.87324402,95.566,303.3263333333333,181.823,168.28211666666664,3.151292589831861,3.0161272086681894,3.068151675405834,3.1039847064245762,69.18950483565844,71.8131700997922,70.57007851270295,70.10778767810525,0.0,0.0,0.0,0.0,883.4067245620748,4035.465832174088,2037.5221013046685,1986.6274122262794,180.59428030316462,459.3758460598425,303.8385120727584,278.16782831800185,5769851.525120012,20641485.487260696,11670394.820253212,10974923.41186925,148.867807054372,363.7331577133732,246.0755887237572,224.07067978502243,21.90846405177906,59.11837763267061,38.37975970905437,34.931933805091106,9.818009197013515,36.5243107137987,19.383163639946883,19.16521472788833,2343818.639182353,8127448.688299342,4725155.913173925,4368089.1563733,2343818.639182353,8127448.688299342,4725155.913173925,4368089.1563733,1082214.2467553066,4386588.110662013,2220082.993905362,2238745.0991226537
26,7885.493702314186,28900.320754814427,16093.195204747402,15240.68317068927,5243.485368873939,19574.239550387538,10847.108860362778,10259.249332403699,2642.008333440247,9326.081204426891,5246.0863443846265,4981.433838285573,48746246.07378493,187114982.1624526,101759963.34816425,97175303.7048186,0.0,0.0,0.0,0.0,48746246.07378493,187114982.1624526,101759963.34816425,97175303.7048186,10801207.066900566,35364319.77009641,20788853.06307556,19398296.513019107,2753344.1845900947,9372897.957730062,5420191.063289738,5070188.0051890835,14367055.611815058,19854620.547968145,16869225.14374773,16287703.339468637,843291.5583364025,1347142.9534114387,1060971.1834430997,1019639.5466126653,13267505.342113093,18371521.05379876,14732568.666079776,15053910.841203075,7451028.799235924,28331461.391891662,15488695.863189511,14759180.206665432,7415200.206397609,11329641.31005392,9122078.552750278,8785254.592677318,4026414.951260668,3704297.9781240895,3794578.029078126,3913674.0106628654,63508702.44340131,137443770.49656045,92646786.75022264,89385976.262007,-14762456.369616378,49671211.665892154,9113176.597941605,7789327.442811608,-292612595.20967656,24665369.873878065,-167757356.30740854,-181565307.43043244,102.95533333333333,337.603,198.7265,185.08201666666668,3.051042838390856,2.9183702762501587,2.9694083675360545,3.004607441641612,69.88901449459051,72.67011356065953,71.29979086475215,70.86239916771467,0.0,0.0,0.0,0.0,966.398769770502,4510.207848366523,2239.9714057839146,2206.731947279109,192.9732820900431,495.46030006522346,325.2473421546454,298.8437383813562,6509306.95769649,24140941.403601136,13385316.400992714,12680379.013763115,157.20580016688055,385.7094007239581,259.79633421684025,237.18206036185768,23.037270438953833,62.175560428510835,40.27309421180803,36.73567193529878,12.730211484208688,47.575338912754525,25.177913725997172,24.92600608419973,2546294.232738658,9141138.796181532,5226613.633352232,4854489.829943663,2546294.232738658,9141138.796181532,5226613.633352232,4854489.829943663,1416718.492219175,5858663.811238073,2932089.134288249,2971399.353875789
27,8743.64065507568,33073.55874632726,18098.91238722706,17259.111987013734,5738.062782500511,21994.61698141246,12004.316411270518,11427.856752119693,3005.577872575169,11078.941764914798,6094.595975956545,5831.255234894039,54519456.29729698,216360923.3593531,115543882.75334862,111163969.76901662,0.0,0.0,0.0,0.0,54519456.29729698,216360923.3593531,115543882.75334862,111163969.76901662,11757434.435401017,39835400.23185093,22979365.038930457,21584722.464158487,2952183.6467780634,10369540.741564507,5891474.427430322,5548258.629953318,15271644.893877817,21259733.63667112,18007147.35727152,17367475.953855474,864777.5204288368,1448283.088543918,1112345.940364388,1069004.4692691152,14798369.492659464,20549467.372690424,16572672.277185375,16811253.7506703,8350956.390887207,32879959.605621926,17642596.804025766,16936107.51604436,7733673.054988855,11962186.450462997,9562857.350503499,9213652.743404804,3782674.077246504,3079430.0182915744,3664019.5344425696,3536538.656612279,68401286.92372532,152679561.47560364,101530011.21743733,97898683.01688273,-13881830.626428347,63681361.8837495,14013871.535911273,13265286.752133897,-306494425.83610487,88346731.75762758,-153743484.77149728,-168300020.67829853,110.579,374.397,216.468,202.9153,2.955931721001444,2.826764193347908,2.8757428889051577,2.9107230863227063,70.54683339187575,73.49368958800162,72.050650239952,71.5782330605198,0.0,0.0,0.0,0.0,1048.540110108881,5060.886271408852,2463.07590031039,2452.8612665638707,205.49390799937288,532.2852308423429,346.75014059101744,319.87087099441237,7311936.911067739,28067247.32436789,15263994.502224635,14576295.55572279,165.3705119047816,407.4423194825575,272.8095180647138,250.09564455700317,24.09375719200096,64.98754890733315,41.9584872534922,38.40658429236723,16.029638902590342,59.85536245245226,31.98213527281141,31.368642145042017,2754445.02797111,10246034.80510897,5737298.7990997825,5376501.449969361,2754445.02797111,10246034.80510897,5737298.7990997825,5376501.449969361,1803046.8551255192,7575177.714149945,3789396.904025069,3823292.6557840686
28,9661.451765780372,37625.764466544606,20251.645499047278,19448.961211047856,6259.522697516471,24587.189605960586,13227.456825382344,12674.20611547191,3401.9290682639003,13038.57486058402,7024.188673664933,6774.755095575942,60737704.999630086,248657160.68226755,130520788.33697328,126509514.4885532,0.0,0.0,0.0,0.0,60737704.999630086,248657160.68226755,130520788.33697328,126509514.4885532,12773394.482611666,44636846.37862416,25307779.624671027,23925602.64621604,3151380.1293515996,11399443.048304208,6367057.068849316,6038202.150985012,16148229.277501842,22604441.613007527,19173473.379796136,18407903.59492883,887805.4664836337,1558747.2924103946,1167346.462645989,1122635.105558,16166807.351243632,22456468.31279327,18279130.441651728,18368188.687786005,9329998.563334387,37889088.42516017,19974824.104556184,19325680.01497341,8053725.450355167,12599131.275522202,10005463.874017632,9644617.48916363,2746591.095705602,2009321.5140982133,2973227.2550560893,2488546.742143016,72477125.76148391,168134396.96577296,110135217.47289605,105957170.68298507,-11739420.761853816,80522763.71649458,20385570.86407723,20552343.805568118,-318233846.5979587,168869495.47412214,-133357913.90742005,-147747676.87273043,118.5,413.0663333333333,234.848,221.59821666666664,2.866736024505174,2.740083557422473,2.788156316331134,2.8224076610262285,71.16452012709728,74.31552785798243,72.79370411880687,72.26737283290709,0.0,0.0,0.0,0.0,1137.32493778189,5581.013703217703,2677.96256691046,2692.6160056844246,218.74292848560793,569.2934114106286,368.7179855081621,341.43559750936515,8177918.444594546,32454138.503902968,17331582.413002294,16674595.465352492,174.16352991670394,429.5398269385698,285.9331115398807,263.545233874357,25.243435411007145,67.71603180667509,43.58362768040475,40.10884414949092,19.335963157896824,72.03755266538366,39.20124628787658,37.781519485517215,2988113.327782241,11536213.31022516,6294682.875378809,5979948.321637263,2988113.327782241,11536213.31022516,6294682.875378809,5979948.321637263,2201691.7890300634,9381711.883452646,4742216.662244673,4714698.822077967
29,10633.445253145937,42486.7812162478,22507.585239600405,21782.112840231588,6808.294831895708,27301.977361249472,14486.26253094884,13981.083717169526,3825.1504212502305,15184.80385499833,8021.322708651567,7801.029123062066,67378328.2376303,283580253.5848982,146357626.74414515,143049002.10917404,0.0,0.0,0.0,0.0,67378328.2376303,283580253.5848982,146357626.74414515,143049002.10917404,13833021.551702004,49671811.835663795,27696521.607342742,26376598.151088633,3348344.256964978,12423108.351268128,6828354.590870604,6524511.68997108,17020532.495226752,23903696.067803733,20272816.392696355,19429639.745628696,912234.4251816748,1676990.0940769212,1224833.906212481,1179898.909295011,17385954.546988048,24069704.032630533,19809534.084637154,19725266.866962917,10370774.186707912,43357308.008449756,22469599.862058792,21916061.024317555,8376016.981701772,13234725.150276037,10444561.517051833,10076564.840702765,2246752.7930155154,1586068.9668891795,2096942.21153203,2015513.453871298,77064989.99505088,184726710.33143267,118564692.25554492,114746592.1127845,-9686661.75742058,98853543.25346553,27792934.488600213,28302409.996389557,-327920508.3553793,267723038.7275877,-105564979.41881984,-119445266.87634085,126.59233333333333,452.7133333333333,253.3065,240.7346833333333,2.782581398227564,2.6590864664985236,2.706080368939297,2.7393581721223996,71.76439789988595,75.12311323364142,73.49843215464605,72.93994826670037,0.0,0.0,0.0,0.0,1223.8559495173402,6065.6133660808155,2863.973767067614,2918.4710453145567,232.5863554420191,606.2064251263579,391.6263450981636,363.3533798315377,9110655.749944512,37298574.10234013,19578118.25054599,18976427.173282977,183.4387358032282,451.6640482448219,300.0480884179474,277.317595157786,26.416360222117127,70.3518720107653,45.22388716684323,41.79378934814399,22.731259416673787,84.19050487077074,46.35436951337295,44.24199532560772,3244164.0524621797,12991743.669129517,6923876.946141801,6655816.918295748,3244164.0524621797,12991743.669129517,6923876.946141801,6655816.918295748,2622327.645020153,11315086.764081096,5730364.358262389,5664793.336691483
30,11659.089422749843,47702.743674694764,24923.2590116294,24274.368410930565,7383.559932129858,30170.55156155616,15831.071177023367,15359.007002429062,4275.529490619986,17532.192113138608,9092.187834606037,8915.361408501503,74434147.47654979,321482129.2333022,163496101.64379603,160900941.09141314,0.0,0.0,0.0,0.0,74434147.47654979,321482129.2333022,163496101.64379603,160900941.09141314,14930005.174846899,55008236.06009766,30239138.34679897,28957385.98468466,3539033.4101766343,13457283.385480719,7290573.489654605,7010420.9015330635,17877875.6863992,25169842.85618736,21391271.425000053,20430064.195825055,938230.8455448522,1803181.948587997,1286479.5991456786,1240963.7316099529,18483556.28518391,25567312.916526567,21258685.70911772,20962871.10615384,11476690.309025409,49278030.51351768,25114249.55878004,24707159.380597703,8695933.366217883,13878706.996830856,10887742.92673511,10509904.136932425,1910605.4992778928,1106397.5566353183,2023822.7268061584,1629132.7193529918,81796996.26299497,202050557.6131614,128116402.93707272,123885742.73555323,-7362848.7864451865,119431571.62014079,35379698.70672331,37015198.3558599,-335283357.1418245,387154610.34772843,-70185280.71209653,-82430068.52048099,134.81266666666667,493.7013333333333,272.4775,260.4237,2.702982519391879,2.5817836681238653,2.6284875610940297,2.660562921448074,72.34562879924994,75.91905966428844,74.19624684076057,73.59632960201341,0.0,0.0,0.0,0.0,1311.7036815639372,6602.6678448648345,3091.7916760323833,3163.5411387192507,246.80906533844944,642.4384790290184,414.01694414479283,385.2793601301486,10106749.235644544,42537038.03773473,21953644.01162177,21457350.31637611,192.96841578722552,473.78507189947027,313.55353289729965,291.25424542651115,27.631372367530673,72.62072685594208,46.715421095887905,43.37764643847466,26.209277183693242,96.03268027360605,53.74799015160524,50.647468265162715,3520480.860741219,14593198.606496338,7576480.743769986,7395932.07175551,3520480.860741219,14593198.606496338,7576480.743769986,7395932.07175551,3065787.514162106,13350640.824742055,6800682.5240818,6665486.172865088
31,12735.690885530288,53310.71513448107,27455.6422154098,26936.94937266306,7977.305464080259,33195.42575533531,17205.168235441328,16803.64756601953,4758.385421450029,20115.289379145757,10250.473979968472,10133.301806643532,81928530.88913544,362706078.21585745,181707656.16417858,180200672.4534881,0.0,0.0,0.0,0.0,81928530.88913544,362706078.21585745,181707656.16417858,180200672.4534881,16070691.151403936,60713125.98652416,32854937.421370927,31695543.343696013,3723555.794959984,14476521.668307004,7732037.4344198005,7487093.850631441,18764572.094248187,26466265.03231969,22441449.840390854,21460164.62257321,965452.6370498568,1939002.028174779,1350892.5475779518,1306194.9239435797,19721009.318348445,26993894.178300343,22503790.097256035,22266519.019331608,12648070.058785252,55703187.30606836,27991573.822384063,27717361.09533434,9015391.209748873,14525608.829134231,11329791.60457969,10943967.37653375,2201482.6195079526,1588760.2600541196,1824885.310071011,1987029.7936991109,87452551.16086106,221339146.69919685,137613859.8473026,134312859.59927857,-5524020.271725642,141366931.51666057,44093796.316876024,45887812.85420953,-340807377.41355014,528521541.86438906,-26091484.395220503,-36542255.66627145,143.14233333333334,536.5223333333333,291.7805,280.82533333333333,2.6279276582799267,2.5093740891536016,2.554964670482095,2.586433909085713,72.92571440290877,76.7198513194753,74.88968133273158,74.25366232370705,0.0,0.0,0.0,0.0,1393.117524812004,7163.340041767294,3306.470012605104,3412.6954057463554,260.9841002415865,677.1623978186045,437.1099013386615,406.6465043935427,11165122.121482467,48222319.384995334,24524415.246569403,24135141.16371197,202.14825623875223,494.19179414343733,327.7637789828433,304.36349450539205,28.76197980208693,74.52309261791574,48.32974779381155,44.778369287627015,30.073864200747348,108.44751105725142,61.01637456200662,57.50464060052377,3797004.7158914325,16290267.260811284,8301184.724881866,8169646.606613381,3797004.7158914325,16290267.260811284,8301184.724881866,8169646.606613381,3571112.689699604,15641784.863372756,7922045.79680567,7795847.950485207
32,13884.45188752262,59156.77715446848,30110.669449065914,29729.765730953673,8613.216182795233,36290.45718776459,18624.239573201765,18300.250534534505,5271.235704727385,22866.319966703893,11486.429875864145,11429.515196419163,89956161.95474486,406332914.5733941,201008351.40824845,200688025.3712721,0.0,0.0,0.0,0.0,89956161.95474486,406332914.5733941,201008351.40824845,200688025.3712721,17281312.07890587,66570884.72646409,35574482.08798404,34532662.50555125,3904056.415621272,15449802.04219223,8152813.297049647,7945067.384921107,19587466.68609526,27701955.086645335,23420987.053684372,22427537.62628779,994423.8784451731,2081235.9742336406,1417726.3846653323,1374808.1119711366,20624789.758074936,28264265.484569233,23480914.234515514,23298606.26234794,13896158.02088901,62555777.723012455,31006883.708488747,30927024.916632213,9341543.132410776,15159200.855648533,11766872.450474018,11377723.33554399,1536606.4338073833,1177884.9622113423,1373280.0215734895,1411053.918748769,91934051.587604,240170142.89675137,146797604.672562,143816683.54580557,-1977889.6328591448,166162771.67664278,54210746.73568642,56871341.82546652,-342785267.04640925,694684313.5410318,28119262.340465922,20329086.159195125,151.83466666666666,579.211,311.3705,301.41638333333333,2.5567503728403342,2.4409560246137905,2.4858051179783756,2.5162223509610437,73.47553122099923,77.51766658001698,75.58073056519675,74.89027859665543,0.0,0.0,0.0,0.0,1497.8320542792076,7623.190232267997,3500.1550088391705,3641.707416575284,276.29132068100307,709.9079365259959,460.1896877386003,428.0571362267506,12289279.633370316,54405911.732378624,27256148.42462679,27030100.868023224,212.72055057611533,514.1981915720678,343.10545014568845,318.2377249246987,30.086804564493193,76.12097965457711,49.959078498379334,46.19876584602257,33.48396554039457,119.58876529935088,67.12515909453249,63.62064545602928,4123281.6507749464,18227772.057225544,9148154.66128195,9059853.293032655,4123281.6507749464,18227772.057225544,9148154.66128195,9059853.293032655,4042716.331820422,17950367.617927533,8959839.102062888,8910394.28195791
33,15086.47926790115,65262.27195283974,32926.66304944167,32648.006707629655,9265.00088596935,39447.02212450066,20128.958545024925,19828.70831945531,5821.478381931799,25815.249828339085,12797.704504416744,12819.29838817435,98440746.32759406,452672155.6638104,221630481.7063966,222421739.59526977,0.0,0.0,0.0,0.0,98440746.32759406,452672155.6638104,221630481.7063966,222421739.59526977,18531693.42729424,72653714.42834903,38421765.709392786,37474400.77766342,4076598.142701575,16376661.280009974,8558017.29595563,8381620.240759514,20357977.826592173,28912776.19240187,24405350.980519272,23352157.254625566,1024787.9025006273,2230176.912705193,1489035.157557876,1446674.0560722253,21377266.55717427,29395985.76044058,24399641.988776892,24183818.278317478,15235655.491543267,69829518.66122736,34206912.58420341,34343507.600932695,9665047.671935773,15787033.506548839,12208159.980001686,11807742.714050345,1501842.816188284,1478805.7551841924,1753193.4301435128,1493779.844836852,96987858.68391737,260293069.87602422,157132632.80168873,154144682.60115477,1452887.643676687,192379085.78778613,64497848.90470788,68277056.994115,-341332379.4027326,887063399.3288181,92617111.24517381,88606143.15331009,160.631,622.533,331.443,322.2967,2.4895371195053624,2.376561664661045,2.4205441794124334,2.4499957103098513,74.0302806073103,78.33337861732845,76.2602944953291,75.53636491081666,0.0,0.0,0.0,0.0,1586.5792198962063,8095.895531441938,3746.368677597742,3864.839928937213,292.3434001800569,739.6020941554003,482.77179637953606,448.8839430714271,13493424.293211728,60949937.186009124,30151252.711237267,30103203.805690818,224.26407918653993,532.3564424461212,358.272130090998,332.0964063273933,31.56092966513851,77.56869736973319,51.525178497446646,47.663648361746645,36.5183913283784,129.67695433954606,72.97448779109133,69.12388838228708,4501434.228840623,20316645.728669707,10054956.006708989,10036758.253780803,4501434.228840623,20316645.728669707,10054956.006708989,10036758.253780803,4490555.835530482,20316645.728669707,10041340.697819294,10029687.29812921
34,16337.821070373677,71674.20167287948,35849.028942666264,35705.554281250705,9943.611197695243,42733.192383262736,21663.64050698477,21419.964612643864,6394.209872678434,28941.009289616737,14185.388435681483,14285.58966860684,107326005.65977344,501878381.86618584,243316237.48536474,245419337.33201778,0.0,0.0,0.0,0.0,107326005.65977344,501878381.86618584,243316237.48536474,245419337.33201778,19838521.734956354,78990752.71028899,41368249.531679735,40541802.57632278,4233757.5274718255,17254497.18371531,8936985.27813285,8791016.407157045,21098404.50858175,30071537.875836257,25327022.761144433,24239001.18712083,1056385.6036294752,2386883.0834830776,1563279.9405200917,1522059.7215782362,21988825.233451746,30346349.270537622,25128652.55780986,24913958.646431804,16622302.400711037,77529358.97130808,37618389.35612176,37939772.20042,9985509.372369055,16411466.591584051,12642317.534084616,12234594.399094302,1271200.8243776632,1241728.4824230121,1408800.4318531384,1260885.5046935354,101781546.52264021,280434339.15360224,166829142.66113448,164310023.94347692,5544459.137133229,221444042.71258348,76487094.82423025,81109313.3885408,-335787920.2655993,1108507442.0414016,169104206.06940407,169715456.54185098,169.59333333333333,666.5433333333333,351.702,343.5258333333333,2.426893559667531,2.3162226112548723,2.3592460663243453,2.3881587277231007,74.55559975426436,79.14491028525778,76.95134398111517,76.16185844011207,0.0,0.0,0.0,0.0,1673.8344647584445,8630.617277476224,3955.6019598578196,4108.708449209667,308.8940978576013,766.5469507876504,504.66771375371525,469.0725963831185,14766111.949139109,67900823.34957156,33244572.25595949,33363260.939290464,236.5601271975366,549.8502947055047,373.6748379152872,346.2116858253254,33.10777943610673,78.71991670909354,53.11199306144283,49.072027481652114,39.22619122395801,137.97673937305203,77.88088277698522,73.7888830761409,4922037.316379703,22633607.78319052,11081524.08531983,11121086.979763487,4922037.316379703,22633607.78319052,11081524.08531983,11121086.979763487,4922037.316379703,22633607.78319052,11081524.08531983,11121086.979763487
35,17645.609037370145,78323.04581511664,38811.49533054669,38882.71190958142,10645.868547434318,46098.42391115564,23179.57894203978,23054.26292473678,6999.740489935825,32224.621903960997,15631.91638850692,15828.448984844636,116697298.28433844,553550177.7498727,265678664.11403102,269595806.0972754,0.0,0.0,0.0,0.0,116697298.28433844,553550177.7498727,265678664.11403102,269595806.0972754,21169457.30727583,85498778.42767596,44332504.31220575,43684719.69941588,4381638.100402082,18068079.429800678,9270214.965093287,9171892.56569159,21842351.778955143,31240107.602131583,26245592.616666775,25131566.317066897,1089513.44090901,2549490.460188471,1638392.3200353798,1600505.3976568212,22557828.024350464,31275080.853160482,25820932.82595716,25608866.514433973,18079632.29350119,85623616.10008763,41154556.55383335,41720026.62580644,10307822.109479593,17029108.12477495,13064860.943072613,12660272.214832969,1753223.1002942552,1833164.818604215,2009029.2330536589,1781202.701702741,107363958.62164451,302020030.7981102,177550708.5352788,175493583.88340747,9333339.662693942,251530146.95176253,88127955.57875219,94102222.21386795,-326454580.6029054,1360037588.993164,257232161.6481563,263817678.7557189,178.55,710.5543333333334,371.5095,364.7515166666667,2.3662127190195945,2.259189397975616,2.3021884615095036,2.328754556654202,75.08156390262646,79.96099572152521,77.64970447402995,76.78936503924102,0.0,0.0,0.0,0.0,1760.7225348491938,9097.754681844082,4102.658508600151,4328.683786297404,325.23771220877234,789.7918147893679,525.4168056499232,487.83164811198077,16098900.848966014,75281757.27992786,36497435.62280471,36812900.59980266,248.71080075353734,564.5535836575865,388.36664465287714,359.25577476995454,34.66749655365928,79.56308298475567,54.569865045379686,50.38095180454302,41.859414901575676,145.67514814702574,82.48029595166635,78.1949215374832,5366300.282988671,25093919.093309287,12165811.874268238,12270966.866600886,5366300.282988671,25093919.093309287,12165811.874268238,12270966.866600886,5366300.282988671,25093919.093309287,12165811.874268238,12270966.866600886
36,19007.432561561258,85194.07654809182,41941.957400111285,42172.75795684695,11367.701942581212,49478.93994574149,24787.581073610334,24706.63524368731,7639.730618980045,35715.136602350336,17154.37632650096,17466.122713159646,126558300.44222614,607866374.2992468,289416338.90645635,295016126.29218334,0.0,0.0,0.0,0.0,126558300.44222614,607866374.2992468,289416338.90645635,295016126.29218334,22567182.045848828,92216283.94556676,47468761.49342784,46944367.7107501,4518478.013443084,18814068.03894407,9584350.122432275,9521934.522368427,22589031.49155088,32399558.298846234,27174353.970185883,26022715.874104254,1124137.1753190919,2716038.9716713484,1717399.8633433208,1681302.8040423817,23119944.748545755,32196642.054586213,26507942.0928396,26296788.805659916,19623540.90335176,94167885.16729559,44824674.20270153,45714061.3957321,10625565.814006086,17638724.536175154,13488598.875892973,13080171.36676526,1973195.2812806682,1948458.6182231305,1868739.406008029,1964537.44921053,112845606.78937691,323843111.0916547,187900507.08104804,186694733.29517412,13712693.652849227,284023263.20759207,101515831.82540832,108321392.99700922,-312741886.95005614,1644060852.200756,358747993.47356457,372139071.7527281,187.76633333333334,754.766,392.115,386.21621666666664,2.3103230750808805,2.20554392629807,2.248421624184436,2.273650373006897,75.61602318898585,80.79616886785901,78.33256470287631,77.42907417659146,0.0,0.0,0.0,0.0,1854.4934927588329,9545.76740659698,4349.746871740067,4546.439362602185,341.4844730425608,809.2942858380529,544.8908123512164,505.217907520983,17504594.742650766,83032526.6624809,39851799.61710464,40439370.91459131,260.78522763948223,576.6050101061392,402.34658719229344,371.3221515028122,36.183127217706186,80.10167926719427,55.798699413784924,51.55462043502702,44.51611818537241,152.58759646471947,86.74552574513797,82.34113558314388,5834864.914216923,27677508.887493633,13283933.205701549,13479790.304863771,5834864.914216923,27677508.887493633,13283933.205701549,13479790.304863771,5834864.914216923,27677508.887493633,13283933.205701549,13479790.304863771
37,20433.2683284236,92112.50698026919,45129.48412424074,45521.00185656956,12119.935937813525,52796.764370821555,26393.357388337725,26356.825889366333,8313.332390610076,39315.74260944764,18736.126735903013,19164.17596720322,136958292.37558907,663532758.8919837,313895588.53645325,321259355.6563272,0.0,0.0,0.0,0.0,136958292.37558907,663532758.8919837,313895588.53645325,321259355.6563272,24029109.644784678,98941212.3087445,50636095.648445554,50248345.57717061,4644628.303825447,19460590.46625617,9853085.247966511,9830215.0606762,23353510.796871282,33559589.16956655,28116760.282508958,26925638.227314625,1160427.800479293,2884861.140875757,1797483.2173956665,1763979.4696180555,23679698.786247913,33084045.879565243,27174023.42989232,26971220.268908978,21241139.67604777,102972044.39313258,48670969.62554231,49846956.327027455,10947107.04908778,18224076.885494895,13901864.47186873,13494046.49183027,2507965.293415057,2377044.2320170016,2265712.836214287,2462142.9219257375,118818594.93917428,346159281.04031616,198971457.1753063,198387835.07457393,18139697.43641479,317373477.8516676,114924131.36114694,122871520.58175327,-294602189.51364136,1961434330.0524237,473672124.83471155,495010592.33448136,197.20566666666667,797.584,412.3085,407.3380833333333,2.2576882588952234,2.1549038490451506,2.197320335184615,2.221713715447698,76.14878766661386,81.64486984548488,79.01637375290683,78.07241642921872,0.0,0.0,0.0,0.0,1955.3628729784302,9882.536810094369,4513.733176147731,4729.873750969009,357.5556838256024,825.1529093337874,562.7762783559813,521.2147127534671,18983745.06633392,91179956.14488703,43412450.83596846,44252418.94382751,272.74270199244955,586.1260179957933,415.0815587092959,382.42686259361983,37.64093032232753,80.30471144471552,56.93251153164073,52.573253715163325,47.172051510825355,158.72217989327854,90.76220811504449,86.21459644468396,6327915.022111307,30393318.714962337,14470816.945322819,14750806.314609166,6327915.022111307,30393318.714962337,14470816.945322819,14750806.314609166,6327915.022111307,30393318.714962337,14470816.945322819,14750806.314609166
38,21899.681655253713,99224.10854309279,48424.1660465847,48963.23106599739,12888.045430445678,56144.330936406834,28021.014556984304,28027.745357532083,9011.636224808037,43079.777606685966,20403.151489600394,20935.485708465312,147747643.3573505,721728282.6622523,339552484.0795251,348640867.1140661,0.0,0.0,0.0,0.0,147747643.3573505,721728282.6622523,339552484.0795251,348640867.1140661,25516033.969021566,105897122.39985861,53878582.53009265,53649414.91981453,4753647.44508699,20034923.54501413,10093523.845462762,10102094.08006149,24122000.479638066,34712265.979763374,29050005.571320225,27828593.40468192,1197714.3738282782,3058718.999161948,1880406.689023592,1849065.9926950624,24228518.525734767,33946062.05737765,27835931.66251355,27629658.761809774,22919961.28468057,112112402.96180838,52705982.66248871,54137315.871675305,11264819.580083052,18800584.856938936,14313487.796925297,13902337.426982611,2727429.970766181,2633991.7669941164,2466376.964296727,2694726.5994459586,124556264.64008065,368894458.5103833,210129605.14332047,210074632.49468657,23191378.717269838,352833824.151869,129422878.93620461,138566234.61937955,-271410810.7963715,2314268154.204293,603095003.7709161,633576826.953861,206.58066666666667,840.683,432.427,428.5164833333333,2.2078123526098796,2.1075073401495246,2.148405341072362,2.172705598248755,76.67243838724312,82.5181474963592,79.71574663392015,78.71843657543374,0.0,0.0,0.0,0.0,2037.309488481219,10315.846769196405,4737.921614586946,4934.797536731534,373.6227314703943,837.737891297731,578.9787314904523,536.0630374099621,20543743.856338363,99529913.83379754,47084338.28046799,48188903.348449074,284.69045134051805,593.5055169092485,426.62216083705175,392.7757242895737,39.085403110488066,80.31817525388595,57.88215956947258,53.51687336067732,49.84687701938812,163.91419913459657,94.474411083928,89.77043975971107,6847914.618779454,33176637.94459918,15694779.426822662,16062967.782816358,6847914.618779454,33176637.94459918,15694779.426822662,16062967.782816358,6847914.618779454,33176637.94459918,15694779.426822662,16062967.782816358
39,23425.349463616043,106456.76898146252,51780.08607253125,52486.34629486231,13675.248328900898,59460.7270348524,29665.159101714165,29700.165875983923,9750.10113471515,46996.041946610116,22114.926970817083,22786.180418878386,159086434.93844765,781818428.663236,366011934.19588983,377042632.74212354,0.0,0.0,0.0,0.0,159086434.93844765,781818428.663236,366011934.19588983,377042632.74212354,27068374.399826303,113000191.28086202,57193106.876344286,57144510.308188796,4851620.876380094,20522482.77065881,10293179.049726658,10336422.539377645,24896889.697870273,35866854.88477078,29995179.243149716,28736377.51328545,1236604.172948988,3236462.2555022435,1964974.6299399363,1936554.5018426273,24775592.045464847,34791778.957631,28475131.52830522,28281257.464723,24687909.307107534,121592864.69626746,56832028.02687189,58604643.6933135,11582451.630910179,19360923.994990602,14717997.113676308,14304916.958338328,2510217.625559212,2665693.4327885867,2737131.936598009,2564634.1580894934,130035969.41370983,391877131.01638854,221507590.3697472,221680375.9746474,29050465.5247378,389941297.6468475,144504343.82614264,155362256.76747617,-242360345.27163374,2704209451.85114,747599347.5970589,788939083.721337,216.16566666666668,883.4213333333333,452.4445,449.70515,2.160279473804178,2.062685208335514,2.1026339615866854,2.1261214808901454,77.20535553628521,83.39026808703906,80.41148827132807,79.37007492904905,0.0,0.0,0.0,0.0,2132.5121844494797,10703.988952806016,4910.005116091267,5132.529053374267,389.22442823077023,846.8606200354338,594.0038784290117,549.3970953624025,22162146.503602576,108259242.39933784,50932872.61192875,52296130.06710992,296.2544477967206,598.5027458563811,437.34222535500555,402.0413521176018,40.48603801051747,80.19768208745269,58.706249988586336,54.385113437444794,52.48394242353218,168.1601920916,97.95540308541973,92.97062980735592,7387382.167867525,36086414.13311261,16977624.203976255,17432043.3557033,7387382.167867525,36086414.13311261,16977624.203976255,17432043.3557033,7387382.167867525,36086414.13311261,16977624.203976255,17432043.3557033
40,25014.084892756935,113743.95413231576,55097.932367709014,56069.53912660252,14491.300201351127,62735.34376626139,31264.182711339952,31376.715449069714,10522.784691405805,51008.610366054374,23833.74965636907,24692.8236775328,170988600.67980376,843251442.7615254,392592733.81141806,406280595.40840626,0.0,0.0,0.0,0.0,170988600.67980376,843251442.7615254,392592733.81141806,406280595.40840626,28698508.478169885,120120034.98752262,60439983.35868947,60696042.756443344,4937366.909754644,20928339.221887898,10439161.117320523,10534207.219001282,25688265.363961946,37019896.9384232,30920093.59363259,29654336.415023386,1276982.5248939823,3415942.653589962,2048351.078899476,2025618.5699375751,25314959.141716268,35616034.83220059,29080794.433357984,28920335.633385777,26546558.28403607,131288573.59557478,61002247.58831284,63206263.64307462,11898878.629067326,19903193.02906923,15101241.381889686,14700388.669067994,2234633.4311953,2432237.3709804337,2246643.5053061573,2303794.810120097,135652030.53622246,414776296.30971503,231976611.22587126,233345523.55694485,35336570.14358131,428475146.4518103,160616122.58554673,172935071.85146144,-207023775.1280524,3132684598.3029504,908215470.1826055,961874155.5727985,226.05166666666668,924.7966666666666,471.3285,470.6124166666666,2.1160139126181963,2.020076390052321,2.0596173005914196,2.08243577972014,77.73674142096938,84.2746631729207,81.10805233451671,80.02501403415235,0.0,0.0,0.0,0.0,2245.3091720025695,11036.409454327832,4989.642093597624,5322.194270816411,404.5454750087865,853.2373340379437,607.3407082568016,561.5876256689916,23862965.240767147,117272764.29948539,54901790.129383475,56556394.91131853,307.60397333923896,601.7801786872086,446.9237249990306,410.56564521102837,41.81841440201006,79.95427753283349,59.374501281098,55.165966497798266,55.123087267537436,171.5028778179015,101.04248197667297,95.85601396016486,7954321.746922381,39090921.433161795,18300596.70979449,18852131.637106176,7954321.746922381,39090921.433161795,18300596.70979449,18852131.637106176,7954321.746922381,39090921.433161795,18300596.70979449,18852131.637106176
41,26643.02392867344,121081.78573649103,58529.424187393546,59696.5905614096,15325.533494847457,65943.14920248737,32892.54280409245,33041.69899252143,11317.49043382599,55138.63653400366,25636.881383301097,26654.89156888817,183292553.4082011,906165128.2399476,420321372.50340456,436297954.59931237,0.0,0.0,0.0,0.0,183292553.4082011,906165128.2399476,420321372.50340456,436297954.59931237,30352482.1050695,127311961.87965475,63834029.461556904,64288300.02617434,5007972.114704679,21237101.618053354,10565363.76067381,10688167.440876715,26486892.14582357,38177645.03448976,31859559.605101835,30578655.656856738,1318641.0487105588,3596838.1982675004,2134276.159998349,2116010.051055488,25841200.30260189,36416629.665433556,29679539.589807957,29542600.579592973,28448285.23807127,141219053.0572296,65381253.110282406,67918053.97477669,12211132.006881775,20432838.673071,15481733.90253153,15088729.340048004,2044104.4635829953,1927615.7414841193,2380028.9113644017,2003333.4108483887,141417575.47228143,437658337.7399337,243471958.34499884,245101842.26595974,41874977.935919695,468506790.500014,176849414.15840566,191196112.3333527,-165148797.19213274,3601191388.8029647,1085064884.3410113,1153070267.9061513,235.811,965.2483333333333,490.6995,491.11406666666664,2.073589870551593,1.980476870031661,2.018689409540338,2.041000320369617,78.25812533065965,85.163683663822,81.8019514578544,80.67507074726647,0.0,0.0,0.0,0.0,2320.9627633074256,11341.506843209143,5234.008363199438,5478.153191273026,419.5714946488816,857.0448785779018,618.9566179772826,572.6871790240386,25648290.10197056,126487716.4142288,58888910.0717127,60942089.31126094,318.7169699924719,603.644970621197,455.3935007297429,418.4417702125256,43.13572077464785,79.5398969551202,59.94722957887278,55.877182437813175,57.71880388176183,173.86001100158464,103.61588766866684,98.36822637369981,8549430.03399019,42162572.13807626,19629636.6905709,20314029.770420313,8549430.03399019,42162572.13807626,19629636.6905709,20314029.770420313,8549430.03399019,42162572.13807626,19629636.6905709,20314029.770420313
42,28323.509832960328,128502.02647677652,61959.46996530231,63385.990658295996,16176.55270920912,69081.43838779561,34502.094965361335,34693.26269671439,12146.957123751208,59420.58808898091,27457.37499994098,28692.727961581604,196102018.85128027,970838690.8398122,448393605.9681882,467259854.0472664,0.0,0.0,0.0,0.0,196102018.85128027,970838690.8398122,448393605.9681882,467259854.0472664,32084677.010832287,134613611.2470348,67241701.05257411,67969803.99350315,5066357.410300414,21460782.228956573,10639198.593839254,10804406.09683007,27283907.271019608,39318222.69944338,32785517.689389884,31495917.67096793,1361434.074696991,3779210.997356182,2219862.3740573456,2207655.9976277077,26359523.455976203,37197083.79482211,30263004.123257853,30152669.57457227,30441820.26071284,151426141.54494697,69737009.49168396,72786332.71019478,12523144.932760894,20949800.032719523,15853033.357150288,15472474.217746414,1841175.1611772175,1714034.9146822763,1959557.0520076521,1796676.0749039883,147346498.6636433,461183981.80107915,254333217.8351488,257189617.7617458,48755520.187637,509654709.0387329,194060388.1330395,210070236.28552055,-116393277.00449573,4110846097.841697,1279125272.4740508,1363140504.1916716,245.86166666666668,1004.975,509.442,511.55133333333333,2.0342598394417557,1.942576734393556,1.980453391392363,2.002170752674886,78.79139023027425,86.06690852175537,82.49092213566557,81.33782163229264,0.0,0.0,0.0,0.0,2414.6696247627206,11713.396795810097,5321.4672729511685,5669.224134629301,433.99634768574714,858.1796820043901,629.410537356565,582.4605146972722,27493883.011230163,135924769.23599216,63048205.87551067,65444693.18989686,329.3767340223499,603.7674135373608,463.04293795278494,425.4134718526037,44.390160539964555,79.22971429769652,60.42659071958852,56.58400435517074,60.22945312343262,175.18255416933283,105.94100868419156,100.46303848949769,9164627.670410056,45308256.411997385,21016068.625170223,21814897.72996562,9164627.670410056,45308256.411997385,21016068.625170223,21814897.72996562,9164627.670410056,45308256.411997385,21016068.625170223,21814897.72996562
43,30024.12439706855,135809.37715094665,65412.973310870984,67048.96286092588,17028.248249771783,72100.43896640773,36094.196183672495,36303.515000594365,12995.876147296762,63708.938184538914,29318.777127198493,30745.447860331515,209205254.09615213,1035670330.7348151,477059841.437097,498468030.9196842,0.0,0.0,0.0,0.0,209205254.09615213,1035670330.7348151,477059841.437097,498468030.9196842,33843005.04998389,141835095.34470695,70693040.46348557,71640236.65313695,5106709.899250796,21593146.355827246,10678188.809714956,10876962.659052553,28096425.26678165,40453016.572146535,33716401.631469175,32421232.22365936,1404926.097610123,3959469.7903542025,2305573.4990862175,2299016.3900705506,26865866.793785695,37941366.59769304,30821898.028539855,30742291.725153267,32492812.80194089,161614188.6923233,74240569.67309305,77685294.36357473,12825683.000115007,21441149.96315875,16210869.368379436,15841096.437180316,1587428.8692651952,1453480.2354466636,1458642.8087622882,1540546.847428709,153299813.66063482,484407211.45746624,265267486.95130295,269187402.88952583,55905440.43551733,551263119.2773488,211792354.485794,229280628.0301583,-60487836.56897839,4662109217.119047,1490917626.9598448,1592421132.2218304,255.75166666666667,1042.6173333333334,527.9015,531.15465,1.997073401943038,1.9065810331738813,1.9443068744596281,1.9654010728738331,79.32653579518576,86.95984850310619,83.18350319785709,81.9981952429579,0.0,0.0,0.0,0.0,2491.5889903709067,11865.38646724776,5482.413711944347,5772.418107277805,448.0333398086901,858.1865609798136,638.241551544928,591.5869672185834,29415302.827692047,145625803.6259718,67259040.89522824,70088978.10708995,339.74182868421605,603.4878336725667,469.53964905093534,432.05293043013876,45.595857997899934,78.81602788100888,60.84262607878818,57.222917456988064,62.69565312657408,175.8826994262383,107.85927641520449,102.31111933145655,9805100.942564014,48541934.5419906,22419680.29840941,23362992.70236332,9805100.942564014,48541934.5419906,22419680.29840941,23362992.70236332,9805100.942564014,48541934.5419906,22419680.29840941,23362992.70236332
44,31789.205425914148,143127.40849889704,68917.92311600687,70757.57650145816,17911.85992898952,75041.85731255772,37710.247952163605,37907.35901323839,13877.345496924634,68085.55118633933,31207.67516384329,32850.21748821978,222887468.2659166,1101532127.4717243,506347800.9445038,530413098.98794925,0.0,0.0,0.0,0.0,222887468.2659166,1101532127.4717243,506347800.9445038,530413098.98794925,35677059.4743394,149097440.27028883,74152031.20357694,75374192.7529217,5136404.936109065,21647083.679052927,10683293.802051526,10915142.496139416,28907840.21224556,41573063.41500316,34652121.78527513,33340668.33321072,1450004.5962452947,4139171.4526967495,2393915.049314342,2391212.9960033037,27363582.004094258,38663676.63420049,31372201.316172842,31318615.124631442,34607224.3765937,172001288.2964185,78794870.32108195,82695146.74853237,13129620.451660268,21916695.26553581,16563864.081840111,16205096.636516707,1147571.6684084984,1127873.0499471696,1288661.543404915,1140677.1519470334,159218916.59203905,507724541.0908809,276581511.77318084,281195885.16663367,63668551.673877545,593807586.3808434,229766289.171323,249217213.8213156,3180715.1048991494,5255916803.499889,1720683916.1311674,1841638346.0431457,265.8736666666667,1079.0766666666666,545.7825,550.4947166666666,1.961505630730369,1.8723951267752175,1.908487402282142,1.930316954346066,79.85194645688607,87.8377714811997,83.86412168372343,82.64698521539583,0.0,0.0,0.0,0.0,2596.6256746436256,12172.651270982808,5634.5713673687,5948.234633362339,461.57817731196906,856.3490021601375,645.8681097572432,599.747966008828,31380788.11442282,155350549.61022225,71558976.21556455,74770204.63795263,349.71730051932235,602.3212664107126,475.1280907151849,438.12868858130895,46.77273666460776,78.42872016003388,61.239562595787625,57.852330888006904,65.08814012803902,175.59901558939112,109.50045644627066,103.76694653951225,10460262.704807607,51783516.53674075,23852992.07185485,24923401.545984205,10460262.704807607,51783516.53674075,23852992.07185485,24923401.545984205,10460262.704807607,51783516.53674075,23852992.07185485,24923401.545984205
45,33578.44023975849,150378.7800756022,72420.8866255438,74458.55918230378,18797.292459119617,77916.0215088443,39293.756710237605,39488.84762652325,14781.14778063887,72462.75856675791,33127.129915306214,34969.71155578054,236895263.00305006,1167608651.9281895,536006501.77626383,562644949.1268489,0.0,0.0,0.0,0.0,236895263.00305006,1167608651.9281895,536006501.77626383,562644949.1268489,37538059.06058003,156399352.84207186,77707556.17433594,79139511.88410217,5155308.981496101,21621714.824017093,10663144.239008017,10918551.026378449,29722203.322371613,42695698.10884389,35587847.72788756,34262926.497636914,1495292.2956053244,4317643.416501019,2480727.38241858,2483115.1879188176,27849219.131025687,39345807.56480549,31902043.668401107,31873025.08284862,36799468.711248435,182323252.3077096,83414899.61710553,87732792.97000983,13424230.643889455,22371568.523688644,16904635.240726534,16555798.901819173,859086.250333812,758958.1649579983,748259.8335697935,824041.4204522772,165383267.03466064,530845176.50107354,287647187.4045124,293294935.34790516,71511995.96838944,636763475.4271159,248359314.3717514,269350013.7789437,74692711.07328859,5892680278.927005,1969043230.502919,2110988359.8220892,275.85333333333335,1114.3706666666667,563.687,569.3344,1.9274562598467346,1.840139441520563,1.876236738236205,1.8968953734325746,80.38266097350686,88.68967861518314,84.53456563668567,83.29011714809356,0.0,0.0,0.0,0.0,2679.7267673477154,12345.214226011738,5734.109663300326,6062.647377880123,474.5561420792301,852.6374571643596,651.8854075975613,606.8846023590254,33433120.23988749,165229819.12075862,75952170.14167556,79561964.8481924,359.24858357017536,599.9842908318232,479.4596070683344,443.5060811117521,47.89310744262813,78.0032834453036,61.54340709371406,58.43166904356454,67.4144510664266,174.6498828872327,110.88239343551298,104.94685220370874,11144373.41329583,55076606.373586215,25317390.04722519,26520654.949397463,11144373.41329583,55076606.373586215,25317390.04722519,26520654.949397463,11144373.41329583,55076606.373586215,25317390.04722519,26520654.949397463
46,35386.897748760355,157472.88823414742,75890.13171599573,78116.99441864583,19689.86299515161,80651.53987590277,40834.8060500374,41026.44990341451,15697.034753608748,76821.34835824462,35055.32566595833,37090.544515231304,251174207.10084167,1233216360.8998704,565814870.5661263,594888960.9305017,0.0,0.0,0.0,0.0,251174207.10084167,1233216360.8998704,565814870.5661263,594888960.9305017,39428779.82298424,163589463.13547504,81265810.89757624,82885018.98235601,5160999.147694805,21520676.610035934,10611607.889641773,10886886.2595142,30549012.299903452,43799073.6789831,36512175.7994617,35186533.78258133,1541129.6401450608,4491550.62585902,2567252.93588211,2573776.9851449467,28319416.659253433,39991596.297414884,32409542.886753824,32404679.53260994,39018801.34646992,192620133.90581363,88115160.0945719,92779267.7422402,13714057.009316787,22804154.136217643,17232199.00519265,16895591.003732085,605594.4476277395,660556.3994022261,725109.5618325348,624831.1307488098,171633054.51748487,553917418.7248886,299241884.9640572,305432581.9900762,79541152.5833568,679298942.1749818,266572985.6020692,289456378.9404255,154233863.6566454,6571979221.101987,2235616216.104988,2400444738.762515,285.7633333333333,1147.6516666666666,580.891,587.4242499999999,1.895666138977468,1.809327746237938,1.8454794198071272,1.8654477015186326,80.90282465469635,89.51543914306676,85.19954562281481,83.91723972562599,0.0,0.0,0.0,0.0,2753.6630137419284,12448.28637670805,5850.322268139727,6146.7811907800715,487.11165160715484,847.4095433638944,656.2903455851206,613.2159137220137,35534289.45045751,175141297.7892284,80400975.26643957,84396742.36902732,368.4606851194352,596.7245679932412,482.6415008806249,448.3530441252673,48.97802297491954,77.58963239852123,61.72713773616453,58.992086273180135,69.67294351280012,173.09534297213196,111.92170696833115,105.87078332356626,11844763.150152506,58380432.59640946,26800325.088813193,28132247.45634244,11844763.150152506,58380432.59640946,26800325.088813193,28132247.45634244,11844763.150152506,58380432.59640946,26800325.088813193,28132247.45634244
47,37230.45615239965,164341.30605974974,79315.48526996629,81719.25361997218,20587.960955053702,83198.28813110608,42362.65418689163,42501.57546667203,16642.49519734595,81143.01792864366,36952.83108307465,39217.67815330015,265886221.1457661,1298024324.0704374,595499866.7805537,627134557.169401,0.0,0.0,0.0,0.0,265886221.1457661,1298024324.0704374,595499866.7805537,627134557.169401,41380413.99321785,170564898.25480038,84758904.21421564,86594983.48477173,5155820.294081356,21344627.411641743,10527205.698073324,10821902.785227492,31377003.37976592,44887313.51418099,37430150.667398036,36105611.926811196,1588146.9051511765,4660113.689778661,2652023.3071883316,2663335.279770796,28785254.135219306,40601126.7609451,32887680.083030444,32920809.554223333,41316252.00305607,202892118.28491598,92726696.8681034,97867805.20170704,14001953.260308549,23208131.748828202,17546508.558340065,17224115.73129043,591165.9598951732,497720.53761532996,468103.6065840529,558460.0620972281,178269196.80899182,576487487.7472569,310358975.5605059,317645598.6373846,87617024.33677427,721536836.3231804,285140891.22004783,309488958.5320164,241850887.99341965,7293516057.425167,2520757107.325036,2709933697.294531,295.7416666666667,1178.1906666666666,597.0515,604.5988166666666,1.8653582803097413,1.7798130754022465,1.8153523764527724,1.8354174585921181,81.4261414697519,90.32826088906697,85.8423805527801,84.54188326651217,0.0,0.0,0.0,0.0,2844.0468445970714,12536.710666688841,5921.73311969726,6236.479182329191,499.02648329530695,841.8487572869932,659.2007132208666,619.0142791923972,37676131.06512625,184982454.13498056,84872230.58491896,89233344.13957526,377.15084764109474,593.6654352120469,484.6891281206721,452.93095329092796,50.04266872478958,77.23043034786308,61.89148562393278,59.55838529286531,71.83296692942262,170.95289172708326,112.62009947626179,106.52494060860384,12558710.355042083,61660818.04499352,28290743.52830632,29744448.046525083,12558710.355042083,61660818.04499352,28290743.52830632,29744448.046525083,12558710.355042083,61660818.04499352,28290743.52830632,29744448.046525083
48,39107.820527101976,171165.8742240881,82711.64845032766,85328.13932104711,21509.657182179442,85751.19839669585,43836.96500922506,43994.196607260186,17598.163344922534,85414.67582739225,38874.6834411026,41333.942713786935,280935498.67505586,1362879679.590494,625330979.9829795,659615961.9954591,0.0,0.0,0.0,0.0,280935498.67505586,1362879679.590494,625330979.9829795,659615961.9954591,43378022.70490953,177661071.33627334,88286398.75008313,90377089.72588687,5141621.931747474,21122064.22167445,10419958.76519395,10734776.733221915,32206886.370311413,45973666.90450067,38344277.11375087,37025259.55727765,1636305.608447565,4827330.710994379,2736168.0909573333,2753164.3943389496,29234893.088318903,41172035.258408315,33347769.244928718,33412892.847850196,43629400.999912165,212862183.9605433,97366301.32649988,102860875.03613305,14283548.03949024,23601167.643712338,17849399.22997249,17544714.900967974,175227.89325938604,172563.8181464883,118588.09505394752,174295.46696987184,184554220.27257177,598609774.3940085,321397633.0723407,329473664.21507466,96381278.40248413,764269905.1964854,303933346.9106388,330142297.78038454,338232166.39590377,8057785962.621654,2824690454.235675,3040075995.0749164,305.6886666666667,1208.221,612.8785,621.5749833333333,1.8368862903982928,1.7519134906262528,1.787059554617509,1.8071458104780789,81.93780201174651,91.09218223214883,86.48079618632272,85.14183508888732,0.0,0.0,0.0,0.0,2925.829769692718,12675.908583127908,5987.520422320966,6338.357354395034,510.26398521945845,836.2205545676342,660.7385196080472,624.34878449132,39882933.17186491,194703648.6105656,89324980.01708306,94070183.57541014,385.33066000754997,590.7430212612732,485.5619616680208,457.22498644635306,51.02942339387502,77.03167063735825,62.17906519510565,60.13020992909415,73.90390181803339,168.44586266900268,112.9974927449208,106.99358811587264,13294311.057288302,64901216.20352186,29774993.339027688,31356727.85847005,13294311.057288302,64901216.20352186,29774993.339027688,31356727.85847005,13294311.057288302,64901216.20352186,29774993.339027688,31356727.85847005
49,41020.06848876622,177752.65587075835,85989.24945294562,88876.47407246346,22434.98421110137,88134.64824622906,45248.96257230092,45429.86662339606,18585.084277664857,89618.00762452932,40740.286880644686,43446.60744906742,296427342.1444976,1426665103.7961345,654514516.2996187,692010558.7225704,0.0,0.0,0.0,0.0,296427342.1444976,1426665103.7961345,654514516.2996187,692010558.7225704,45435201.83906311,184482374.96746436,91717268.98170859,94101712.43400353,5119472.566780915,20841343.790750388,10278098.001840452,10622127.49517023,33056327.306940027,47050314.1265234,39241423.71280878,37954222.693794206,1685102.1040181017,4988821.253876856,2817395.347699834,2841403.8064686656,29677322.98249328,41708996.63154053,33777638.655351825,33888408.75965982,46049801.40787707,222831557.5072213,101906872.36726153,107923416.04264756,14561979.928120852,23965607.625897873,18132896.287647527,17853249.62234281,148278.23338333043,123576.18851249389,114592.25058981394,139632.51767853764,191419598.71712425,620532175.4086659,332444496.00691676,341609000.5591638,105007743.42737333,806132928.3874686,322070020.2927021,350401558.16340667,443239909.8232771,8863918891.009123,3146760474.528377,3390477553.2383227,315.7,1235.3836666666666,627.481,637.5892833333334,1.809685840475531,1.7249481368556006,1.760291528874568,1.7800276442085554,82.4515280934044,91.83613349795264,87.09432947964896,85.7361399849963,0.0,0.0,0.0,0.0,3015.132985280536,12668.186981921077,5998.064316771235,6393.701884104725,521.0682111193767,828.5316216134149,661.0819426983008,628.68040479229,42140324.801258385,204431951.93857405,93799646.99744691,98942394.29931885,393.1685834539876,586.2400358373891,485.73097241722655,460.74359178817815,51.99258060664342,76.74641366046767,62.28095602823925,60.65642217548191,75.9070470587456,165.5451721155581,113.07001425283492,107.28039082862998,14046774.933752792,68143983.9795247,31266548.999148972,32980798.09977296,14046774.933752792,68143983.9795247,31266548.999148972,32980798.09977296,14046774.933752792,68143983.9795247,31266548.999148972,32980798.09977296
50,42929.21440013368,184226.71170881056,89241.73922818653,92383.33845817059,23347.645889778643,90420.18132724332,46627.76921419518,46823.03329289128,19581.568510355028,93806.53038156724,42613.970013991355,45560.3051652793,312053082.2007752,1490100083.1707273,683796628.4521797,724369532.5402584,0.0,0.0,0.0,0.0,312053082.2007752,1490100083.1707273,683796628.4521797,724369532.5402584,47506469.396622896,191411929.19331074,95189391.65893917,97873380.32546364,5088703.486996584,20524696.33066684,10128690.022707317,10491300.982281175,33890583.82234893,48104345.02105845,40146212.39425943,38865400.24189726,1733561.460218891,5149431.49342521,2896692.196247676,2929115.9718411025,30110405.76227844,42216236.3159625,34193922.03003635,34347446.45606786,48483292.93780812,232752672.4143553,106489820.49716248,112977575.75459963,14829252.447574621,24319627.71089203,18401274.203431413,18150883.789735712,115673.08761927644,161638.06737357055,184981.79548998864,131760.83053327937,198268984.37388197,642483478.8134466,343629095.02565867,353744057.4277296,113784097.82689323,847616604.3572807,340167533.426521,370625475.11252886,557024007.6501703,9711535495.366402,3486928007.9548984,3761103028.350851,325.4626666666667,1261.869,641.643,653.2048833333333,1.783665294909364,1.6996959186733305,1.7346093118153567,1.7542760132267523,82.96007302546379,92.5464002641986,87.70337144162276,86.31528755902097,0.0,0.0,0.0,0.0,3071.7531613141136,12789.805057881136,6083.604706773994,6473.071325112572,531.1745850745795,821.2003170216392,660.456687355218,632.6835912560504,44464101.32167464,213999765.56942016,98177177.44494282,103801583.80838557,400.4293175889912,582.3722920687469,484.98898784196575,464.10935865690567,52.93501980416077,76.53012100709644,62.45870799407948,61.193305225188254,77.81024768142763,162.2979039457958,113.00899151917282,107.38092737395648,14821367.10722488,71333255.18980671,32725725.81498094,34600527.93612852,14821367.10722488,71333255.18980671,32725725.81498094,34600527.93612852,14821367.10722488,71333255.18980671,32725725.81498094,34600527.93612852
51,44836.85642688591,190370.17488455816,92377.42000541187,95773.5178870712,24252.161780310973,92555.29544001265,47947.41242062003,48158.25856120656,20584.69464657494,97814.87944454551,44430.00758479182,47615.25932586464,327820648.49026227,1551318046.063291,712402398.8527464,756044737.6408223,0.0,0.0,0.0,0.0,327820648.49026227,1551318046.063291,712402398.8527464,756044737.6408223,49617097.18936499,198122480.13289502,98542469.22336909,101593981.2196005,5046721.974963567,20159328.966663428,9948938.512716737,10336134.422058519,34729115.776181094,49145844.521223225,41026011.90641166,39774970.83694584,1781814.863124128,5299561.980528485,2974653.6333824648,3013026.3542156527,30523542.182236347,42676996.5064994,34578964.44172525,34777251.195728414,50924704.16610901,242258785.30468562,110974928.99012646,117891632.56461082,15089635.212165603,24648260.21969826,18662064.533105962,18435153.964802034,121724.51306175142,112330.42180740905,86776.7815298711,118436.58112273159,205178254.58630407,663449461.2030817,354295607.69623965,365573176.90217626,122642393.90395819,887868584.860209,358106791.15650684,390471560.7386459,679666401.5541285,10599404080.226612,3845034799.1114054,4151574589.0894976,335.1406666666667,1285.9353333333333,654.5575,667.9188,1.759345800523514,1.6757255651375496,1.7100798948984903,1.7300787181384263,83.46073740139076,93.21414261410324,88.2862285761584,86.87442922584012,0.0,0.0,0.0,0.0,3119.735220169321,12694.238316884916,6107.129590667572,6470.811304019779,540.6810795394412,813.0988046836387,659.6053785306898,636.0272833399104,46807962.33011627,223515012.47560912,102569494.26782694,108655429.88103876,407.24774929801765,577.9410297380375,484.31286589997774,466.9903974520246,53.82653786686253,76.31763951194014,62.619608324132265,61.698423442639694,79.60679237456114,158.84013543366115,112.67290430657985,107.33846244524614,15602654.110038757,74505004.15853636,34189831.42260899,36218476.627012916,15602654.110038757,74505004.15853636,34189831.42260899,36218476.627012916,15602654.110038757,74505004.15853636,34189831.42260899,36218476.627012916
52,46758.80707609183,196276.74403593913,95480.27874997478,99090.08501203838,25156.433564958643,94606.94113278754,49265.118583676085,49464.11121369875,21602.373511133195,101669.8029031516,46215.16016629869,49625.97379833963,343812307.18303025,1610797319.198743,740931108.7117298,787257061.3885297,0.0,0.0,0.0,0.0,343812307.18303025,1610797319.198743,740931108.7117298,787257061.3885297,51778647.35468514,204612126.7015126,101972617.14448236,105270365.12607476,4998231.341772998,19765526.53220577,9760572.76588534,10166784.658424469,35565852.5075392,50167292.69425301,41912361.72106908,40676356.57288903,1830626.080380178,5444061.248728784,3052342.8262150167,3095328.38930219,30927654.8070531,43102935.95031168,34938800.73871923,35189003.2071936,53420610.49297243,251431663.72250077,115298465.06992652,122724479.12330735,15342146.585091047,24949495.88773771,18909890.864732426,18704718.84101738,80090.87964409617,121079.18080995214,105494.5469500896,94436.78505214576,212134039.62510827,683717631.4896839,364949330.6539484,377188296.7777097,131678267.55792198,927079687.7090592,375981778.0577814,410068764.61082,811344669.1120504,11526483767.93567,4221016577.169186,4561643353.700317,344.7746666666667,1307.767,667.4085,681.8219833333333,1.7360743375779082,1.652375987478383,1.6868609701277322,1.7067799150430742,83.96040737447093,93.84613680535116,88.84608029595303,87.42041267527901,0.0,0.0,0.0,0.0,3198.741466431603,12657.755864601075,6136.218400946323,6509.396505790917,549.4335563508238,804.8591039404597,658.3802150922027,638.8324980071964,49173097.27353933,232697706.90949363,106860359.82791196,113406710.64612332,413.5228526636792,573.3581919425039,483.355531319861,469.46522141126786,54.6374656245898,76.25735573853012,62.78136959848937,62.20442716446891,81.27323806255494,155.24355625942573,112.24331417385241,107.1628494314597,16391032.424513113,77565902.30316453,35620119.942637324,37802236.88204111,16391032.424513113,77565902.30316453,35620119.942637324,37802236.88204111,16391032.424513113,77565902.30316453,35620119.942637324,37802236.88204111
53,48681.38642978462,201897.16828002696,98503.89924487771,102306.91007736944,26051.944233567323,96524.79048353505,50543.92877464504,50717.440421056024,22629.4421962173,105372.3777964919,47959.97047023268,51589.469656313406,359983274.9300764,1668183764.3071647,768961623.4629416,817853446.2120572,0.0,0.0,0.0,0.0,359983274.9300764,1668183764.3071647,768961623.4629416,817853446.2120572,53941674.22245735,210961280.0489052,105381897.99990597,108898536.2617141,4943088.738702611,19324995.65600781,9558407.725512097,9976756.159759432,36407972.92083344,51180201.725903146,42794444.35765544,41578253.00260784,1879566.8186550608,5580620.76432436,3128311.0494198143,3174935.6996393153,31313389.43669669,43491270.93688783,35277739.06960786,35575647.96176359,55927650.93814075,260316780.14562222,119682331.14468291,127463846.16075926,15587732.52073056,25228429.432116613,19144549.213833198,18961976.439715676,103311.63719783572,119385.21322729095,84471.24416472587,108937.38880814506,219148842.29316816,703309491.294079,375518967.26578385,388605069.4434869,140834432.63690826,964874273.013086,393442656.19715786,429248376.7685705,952179101.7489587,12491358040.948755,4614459233.3663435,4990891730.468887,354.09,1327.747,679.648,694.86995,1.7133069313522429,1.6305531046119501,1.665292503456652,1.6843430919931404,84.44941447767202,94.44062054514767,89.3861018413598,87.9463366012885,0.0,0.0,0.0,0.0,3253.813297198288,12576.448909389295,6175.127378787384,6516.735761465141,557.658112906745,796.1247628762607,656.0622652708424,641.1214403960755,51571846.07745453,241619597.87981144,111139666.30675948,118088559.20827945,419.40663590037747,568.4724758272763,481.49162731653047,471.5796798747921,55.409317466127995,76.1179357189856,62.94103907973152,62.65733385462816,82.84215954023949,151.53435132999886,111.62959887458052,106.88442666665526,17190615.359151512,80539865.95993717,37046555.4355865,39362853.06942649,17190615.359151512,80539865.95993717,37046555.4355865,39362853.06942649,17190615.359151512,80539865.95993717,37046555.4355865,39362853.06942649
54,50593.0226419905,207291.32791705194,101467.54151501223,105437.429488262,26934.32063520047,98319.98625162148,51774.577540289036,51919.303600947824,23658.70200679003,108971.34166543046,49692.9639747232,53518.12588731418,376238517.8818859,1724271570.3984597,796827226.7701433,848050086.2626866,0.0,0.0,0.0,0.0,376238517.8818859,1724271570.3984597,796827226.7701433,848050086.2626866,56134885.10836375,217202823.46189815,108766611.01106876,112508663.5321008,4880019.125705157,18861000.9065055,9345411.795041768,9773362.748985276,37253270.37150861,52173864.39665954,43656195.56734331,42475478.280311435,1928346.9889870943,5713397.06783676,3202081.7662140657,3253114.516584477,31688860.524062775,43853748.87966769,35602425.77523393,35946571.4485245,58456195.985797904,269080806.2551881,124006251.1029494,132174809.58008447,15825438.918616781,25488798.107761636,19366521.3718952,19207614.63481748,93590.79977198815,92906.06660520895,92148.48542631643,93351.14316361543,226162587.4576525,722483158.1078067,385968011.14798564,399874787.1852064,150075930.42423338,1001788412.2906526,410859215.6221577,448175299.07748014,1102255032.1731923,13493146453.239412,5025318448.988502,5439067029.546369,363.1936666666667,1345.8056666666666,691.1425,707.1078666666666,1.6916640182611051,1.6091447080561465,1.6444691110861038,1.6627822596893695,84.93778901146972,95.01863665668365,89.91336513026405,88.4660856872946,0.0,0.0,0.0,0.0,3306.663980158817,12571.520833867513,6208.055254454368,6549.363878956861,565.2827121595287,787.7988921177946,653.6470276540523,643.1633751449217,53997491.23951145,250227564.6460747,115344243.51944125,122678016.93180859,424.7975743967141,563.8386255020157,479.658444992122,473.46194228356967,56.191751116227884,75.9979681372448,63.2106405874161,63.1239270735838,84.29338664658678,147.96229847853422,110.77794207451413,106.57750578776839,17999163.74650382,83409188.21535824,38448081.17314708,40892672.310602866,17999163.74650382,83409188.21535824,38448081.17314708,40892672.310602866,17999163.74650382,83409188.21535824,38448081.17314708,40892672.310602866
55,52515.274156497064,212391.2472787288,104365.52802007734,108471.86474927817,27814.514708608003,100039.6281891251,52965.08209697036,53093.304426788985,24700.75944788906,112351.61908960366,51400.44592310697,55378.56032248917,392720293.25715226,1777662948.1303432,824438062.8757949,877450222.462769,0.0,0.0,0.0,0.0,392720293.25715226,1777662948.1303432,824438062.8757949,877450222.462769,58368957.43512264,223286282.64027506,112198213.1698486,116090021.25692599,4813073.664218907,18368876.329397038,9123831.014239285,9557604.597031252,38096410.69104314,53152489.14509346,44525871.571697004,43366038.14996076,1977092.3004691957,5838282.959260623,3274338.720529335,3328509.031046195,32050499.82021531,44172206.348483235,35908216.0234267,36293097.10510908,61008061.75348167,277263141.9100754,128233716.26383372,136697339.80828947,16058477.9262113,25726897.839296326,19579415.748093203,19442424.895791057,160387.7790374452,94549.10314567045,119308.05328924934,137344.24247532405,233303502.53696948,740689571.2539082,396342619.90539706,410888626.587898,159416790.72018272,1036973376.8764346,428095442.97039795,466561595.87487084,1261671822.8933747,14530119830.115843,5453413891.9588995,5905628625.421238,372.2583333333333,1362.1413333333333,702.45,718.7173833333333,1.6710833746819995,1.589245094802746,1.6246857830935946,1.6424399767242608,85.4194744640236,95.54853969245724,90.43390908482267,88.96464729397536,0.0,0.0,0.0,0.0,3375.0640656775818,12434.710316218823,6209.792674889503,6545.940253367016,572.4021809376029,779.8049318764756,650.916755628229,644.9931437662083,56435777.68228288,258640735.5597689,119524084.01552148,127207512.93940298,429.83948933354026,559.6154813464791,477.6951622374422,475.26108653806887,56.936326023875544,76.0797992237444,63.42737352087468,63.636541643829645,85.62636558018714,144.10965130625212,109.79421986991204,106.09551558430988,18811925.894094292,86213578.51992297,39841361.33850716,42402504.31313433,18811925.894094292,86213578.51992297,39841361.33850716,42402504.31313433,18811925.894094292,86213578.51992297,39841361.33850716,42402504.31313433
56,54445.679575111506,217191.59044525647,107111.88504236171,111406.74837966223,28693.976596464167,101610.76702579399,54078.37399720446,54214.8532467296,25751.702978647332,115580.82341946244,53033.511045157255,57191.89513293262,409373629.1969459,1828930335.308803,851033193.8479822,906218476.3360958,0.0,0.0,0.0,0.0,409373629.1969459,1828930335.308803,851033193.8479822,906218476.3360958,60665021.3267866,229340083.6202016,115506442.1870356,119701293.12948184,4741006.523432637,17859599.005605068,8884902.671161722,9332513.892192988,38945243.54558964,54119719.43778092,45387740.539301485,44256310.10785659,2026073.3230326995,5956740.88167698,3343689.7774528577,3401806.968558198,32402222.939376514,44465073.64974925,36189016.55740438,36624220.68800697,63601173.92194648,285162264.24478996,132381251.38703045,141147555.5349417,16287300.04116396,25943299.217962526,19773199.440190777,19666899.753043458,94239.06696690702,134740.10229944807,113175.00237902786,108414.42933329639,240409150.31618702,758417284.891434,406351798.00990355,421711997.41752344,168964478.88075882,1070513050.4173691,444681395.8380787,484506478.9185724,1430636301.7741337,15600632880.533213,5898095287.796979,6390135104.339811,381.30966666666666,1377.2456666666667,712.5745,729.8872666666666,1.6519109432337489,1.570695138477363,1.6060303970090308,1.623485411569014,85.89361747115173,96.05682929419883,90.93141665391325,89.45074160921821,0.0,0.0,0.0,0.0,3436.7985367806523,12283.71867786121,6176.431261602914,6533.220586158848,578.9513112178329,771.8962493378855,647.7341392978556,646.4820395598513,58908043.988572836,266649442.21955144,123665709.43136925,131617533.36941534,434.4727203640282,555.1351345766674,475.55490254624834,476.7045653384519,57.586530228999365,76.15790347969107,63.53121728038134,64.08651086674146,86.89206062480523,140.60321128152714,108.64801947122594,105.6909633546579,19636014.66285761,88883147.40651713,41221903.143789746,43872511.12313844,19636014.66285761,88883147.40651713,41221903.143789746,43872511.12313844,19636014.66285761,88883147.40651713,41221903.143789746,43872511.12313844
57,56340.27244222319,221624.69636263396,109794.81785326141,114189.82081436695,29551.432900690845,103015.46166760489,55163.34067586623,55263.84296911076,26788.839541532354,118609.23469502907,54631.477177395165,58925.9778452562,425923200.5023358,1877432082.8989062,877183288.2780068,933951309.3411354,0.0,0.0,0.0,0.0,425923200.5023358,1877432082.8989062,877183288.2780068,933951309.3411354,62951998.86178347,234997284.09242702,118812895.93925646,123167848.6925087,4660078.017827268,17328231.593647916,8646940.015376467,9093931.769364495,39787353.280862324,55069331.64128661,46253817.17344348,45136045.70701082,2073654.5770647023,6064883.415342369,3411048.0719886646,3470584.6704618856,32734729.30301059,44728635.10443583,36450952.740320586,36932596.33350942,66151507.49446399,292707122.0184401,136382101.65598926,145445972.57785565,16502880.63741508,26141108.302294534,19958581.36509262,19876260.32012289,154104.99798538853,114608.57164039309,101945.50449199119,140281.24876464013,247536739.8850559,775099098.686092,416161442.7057056,432183565.4654185,178386460.6172798,1102332984.2128146,461021845.5723012,501767743.875717,1609022762.3914135,16702965864.746027,6359117133.369279,6891902848.215528,389.9653333333333,1389.5493333333334,722.225,739.8197333333333,1.6335493380329917,1.5528098401741457,1.5885305590806602,1.6052905137823954,86.35769971760932,96.54245805653132,91.40591479910759,89.92236513623202,0.0,0.0,0.0,0.0,3453.4543309071255,12123.423435158129,6177.670606050939,6487.943517394977,584.861920060513,764.2279634068273,644.7112534451813,647.640035231723,61406044.37954188,274339550.2963205,127654979.07719733,135932771.4504144,438.6002071339596,550.938604185175,473.44402603499196,477.918646101885,58.231452383000246,76.17966144879075,63.776226100192034,64.51332555602693,88.03026054355306,137.1096977728616,107.49100130999729,105.20806357381105,20468681.459847294,91446516.76544015,42551659.69239911,45310923.8168048,20468681.459847294,91446516.76544015,42551659.69239911,45310923.8168048,20468681.459847294,91446516.76544015,42551659.69239911,45310923.8168048
58,58271.37524140433,225876.00950870808,112354.20324003459,116932.99723496064,30435.67501877864,104425.99338374304,56154.11314015141,56332.286446516184,27835.70022262569,121450.01612496503,56200.0900998832,60600.710788444456,442817534.0338561,1924090405.9827905,902797338.7971426,961263039.2159832,0.0,0.0,0.0,0.0,442817534.0338561,1924090405.9827905,902797338.7971426,961263039.2159832,65334664.524098024,240643097.7794008,122046492.01446076,126692616.163454,4579689.014183288,16791175.919722673,8400858.160495257,8853709.431122072,40645515.40274499,56017158.14498932,47107214.12351001,46025590.36253051,2122376.7897770335,6169982.016695725,3474900.596980512,3539038.6191985756,33059731.76097381,44964471.40733848,36700719.2288691,37226390.63720144,68738434.45787722,299777174.83695805,140431657.49823725,149601993.59055552,16718893.593553044,26322256.94529781,20134333.35251876,20080070.76666371,120726.12774152297,88273.18212415805,141469.59874556205,109367.59677544524,254730498.54955956,791129435.2921549,425927322.32668984,442470126.40946794,188087035.48429662,1132960970.6906354,476870016.4704528,518792912.8065152,1797109797.8757102,17835926835.43666,6835987149.839732,7410695761.022043,398.85266666666666,1400.9523333333334,730.9695,749.58755,1.6161963185734354,1.5358562262030937,1.5713987038778692,1.5880772862438157,86.80219827791574,96.99780194693714,91.88821799015099,90.37065956207323,0.0,0.0,0.0,0.0,3536.847498871792,12059.084147133803,6180.033196686948,6519.630325763495,589.8585080160974,757.2682621855813,641.4096769628642,648.4519219754168,63888480.07535036,281614812.4348359,131577493.24170102,140092696.4011703,441.95876840543934,547.1727173392503,471.17513615934416,478.7836505322732,58.83753200581189,76.38617342971037,63.952418774905354,64.97955650417636,89.06220760484624,133.70937141662074,106.28212202861471,104.68871493896731,21296160.025116786,93871604.14494531,43859164.413900346,46697565.467056766,21296160.025116786,93871604.14494531,43859164.413900346,46697565.467056766,21296160.025116786,93871604.14494531,43859164.413900346,46697565.467056766
59,60111.184580496956,229790.7394601486,114818.48867801458,119499.02878837503,31261.084390121112,105687.68312270162,57143.565491069705,57310.39394652429,28850.100190375844,124103.05633744696,57674.923186944885,62188.634841850726,459194377.94903564,1968008424.6105993,927419470.5936974,987279294.2805829,0.0,0.0,0.0,0.0,459194377.94903564,1968008424.6105993,927419470.5936974,987279294.2805829,67636682.73769166,246116015.3284635,125293239.63962482,130104449.1444618,4488875.866969054,16236210.041749015,8152582.825807853,8600442.82814204,41488606.99542732,56951042.17573612,47940615.522013135,46900459.3085354,2168700.717251365,6267969.804482325,3536168.6575281527,3603444.897782201,33362957.202956397,45177819.439108536,36925930.80925303,37498158.98560964,71288422.0557879,306435735.217707,144148304.73011902,153589981.66245958,16920325.60553242,26489489.581077434,20297940.391994722,20269532.996973176,125483.78238496724,96605.16975433378,130051.12496353318,115376.26796424552,261751953.4501652,806390588.5503223,435208147.66396046,452375475.7352202,197442424.49887043,1161617836.060277,492211322.9297369,534903818.5453627,1994552222.3745804,18997544671.49694,7328198472.769468,7945599579.567406,406.97833333333335,1410.6743333333334,739.306,758.2719333333334,1.5996709808636416,1.5200447726162516,1.5551784876214152,1.571801807977055,87.24668335284164,97.43912114106595,92.33192409145754,90.81403657872015,0.0,0.0,0.0,0.0,3510.8595457404117,11763.779834395606,6130.699365140721,6399.381646769729,594.3652145184334,749.9783612443224,638.5792936892342,648.8298158724945,66422630.10507843,288613560.8974185,135419600.81957138,144189455.88239744,444.88647739965467,542.9559274316201,469.4901177951028,479.21078491084256,59.44486883213064,76.5438655964254,64.1708217555615,65.4295176996338,90.03386828664807,130.47856821627704,104.91835413856988,104.18951326201821,22140876.70169281,96204520.2991395,45139866.93985713,48063151.96079915,22140876.70169281,96204520.2991395,45139866.93985713,48063151.96079915,22140876.70169281,96204520.2991395,45139866.93985713,48063151.96079915
60,61965.89967669509,233347.14025839765,117158.39639577268,121949.33388029099,32081.669187032367,106829.74998082795,58067.00585058986,58243.49746486082,29884.23048966272,126517.39027756969,59091.39054518281,63705.83641543016,475859439.4523903,2008679243.446836,951358371.3773361,1012346370.8504462,0.0,0.0,0.0,0.0,475859439.4523903,2008679243.446836,951358371.3773361,1012346370.8504462,69984399.2081319,251253652.83599153,128417515.76561032,133428637.97788277,4397242.906572353,15674630.125719002,7903027.569047773,8344328.43327368,42329957.52160332,57862249.244789995,48767430.29862643,47766259.62471866,2215602.8366210256,6357174.626446314,3594380.4213419775,3665152.963059876,33656937.35575461,45357582.33311748,37136157.653253004,37752163.097831614,73883683.37507969,312648571.241921,147842973.37937734,157451394.12847415,17115713.402626466,26635912.63079667,20450953.784514256,20447783.132486038,138987.920290289,99383.51022226593,148703.83367148205,125126.37676648094,268871934.63814443,820606202.0560215,444299570.88480926,461978928.23440135,206987504.81424594,1188073041.390814,507058800.4925268,550367442.6160448,2201539727.1888266,20185617712.887756,7835257273.261996,8495967022.183452,414.97566666666665,1417.8596666666667,746.6015,765.9850666666666,1.5830566969597963,1.5043117146209581,1.5396103810992994,1.555495953141203,87.68928221877032,97.85203470233645,92.76972802117564,91.24624558801847,0.0,0.0,0.0,0.0,3590.4142950633845,11523.727583597918,6098.0770312635805,6367.073946050471,598.3674522962262,742.9684858814834,635.1937420173987,648.9778140510662,68879156.69235535,295201263.6915899,139112920.5890546,148091894.14208743,447.4632494370678,538.9627382487271,467.1730663353725,479.48807052114853,60.02254496418093,76.68236013881904,64.38740610054583,65.85348027530426,90.88165789497761,127.32338749393723,103.6332695814804,103.63626325461348,22959718.89745178,98400421.23052996,46370973.52968487,49363964.71402914,22959718.89745178,98400421.23052996,46370973.52968487,49363964.71402914,22959718.89745178,98400421.23052996,46370973.52968487,49363964.71402914
