month,users_cons,users_opt,users_med,users_plan,users_ind_cons,users_ind_opt,users_ind_med,users_ind_plan,users_fgn_cons,users_fgn_opt,users_fgn_med,users_fgn_plan,sub_rev_cons,sub_rev_opt,sub_rev_med,sub_rev_plan,commerce_rev_cons,commerce_rev_opt,commerce_rev_med,commerce_rev_plan,revenue_cons,revenue_opt,revenue_med,revenue_plan,labour_cons,labour_opt,labour_med,labour_plan,tokens_cons,tokens_opt,tokens_med,tokens_plan,eng_cons,eng_opt,eng_med,eng_plan,compliance_cons,compliance_opt,compliance_med,compliance_plan,geo_fixed_cons,geo_fixed_opt,geo_fixed_med,geo_fixed_plan,sales_cons,sales_opt,sales_med,sales_plan,gna_cons,gna_opt,gna_med,gna_plan,onetime_cons,onetime_opt,onetime_med,onetime_plan,total_cost_cons,total_cost_opt,total_cost_med,total_cost_plan,contribution_cons,contribution_opt,contribution_med,contribution_plan,cum_cash_cons,cum_cash_opt,cum_cash_med,cum_cash_plan,floor_heads_cons,floor_heads_opt,floor_heads_med,floor_heads_plan,blended_min_cons,blended_min_opt,blended_min_med,blended_min_plan,arpu_usd_cons,arpu_usd_opt,arpu_usd_med,arpu_usd_plan,gmv_cons,gmv_opt,gmv_med,gmv_plan,adds_organic_cons,adds_organic_opt,adds_organic_med,adds_organic_plan,adds_paid_cons,adds_paid_opt,adds_paid_med,adds_paid_plan,marketing_spend_cons,marketing_spend_opt,marketing_spend_med,marketing_spend_plan
1,259.5400318556053,294.7869227904718,281.8815616910967,271.8764436828086,259.5400318556053,294.7869227904718,281.8815616910967,271.8764436828086,0.0,0.0,0.0,0.0,1200518.246498168,1478473.943501594,1370681.9815997516,1297802.740449367,0.0,0.0,0.0,0.0,1200518.246498168,1478473.943501594,1370681.9815997516,1297802.740449367,904376.7698439378,974183.8985084892,939484.3776796029,928809.2648765309,202768.9150831856,225701.31324893178,218742.6477304003,210795.25444119674,2889741.439785656,2887704.304517241,2873735.3922181088,2889028.4424417107,414262.84435083246,413594.1157971645,414007.8922351783,414028.7893570487,0.0,0.0,0.0,0.0,308956.57556832815,313666.61194015807,311468.70371890545,310605.0882984686,1954391.9022111068,1880111.9555048114,1890608.156793582,1928393.9208639034,100238.01519247834,127906.99836866373,112024.73639219397,109922.15930414322,6838501.9539961545,6900119.80811218,6832417.176140578,6860068.202936763,-5637983.707497989,-5421645.864610587,-5461735.194540826,-5562265.462487398,-5637983.707497989,-5421645.864610587,-5461735.194540826,-5562265.462487398,11.299666666666667,12.378333333333334,11.885,11.6772,9.173390839121023,9.08402013998649,9.049157838335947,9.142111094423937,51.78553053343461,55.935210978811206,54.325834424098375,53.23791868931642,12401134.998899933,14417359.874441493,13566922.197186913,13106813.70533948,35.8263022733127,54.66644776063234,45.87481487562168,42.420353193874575,27.577646278240806,27.72209749209069,27.66443450922988,27.628204203088266,300000.0,300000.0,300000.0,300000.0
2,304.15443632345995,363.49679367056785,338.4970850244838,324.92426139494773,304.15443632345995,363.49679367056785,338.4970850244838,324.92426139494773,0.0,0.0,0.0,0.0,1409804.4636222844,1827882.7400854165,1649771.450322994,1556131.8603843804,0.0,0.0,0.0,0.0,1409804.4636222844,1827882.7400854165,1649771.450322994,1556131.8603843804,997842.939601115,1119754.8801969846,1059579.448913505,1040512.1188096693,229634.85253419034,268682.425515329,253581.37165604922,243301.50307758886,3059270.166496348,3085480.163887127,3053020.2027377444,3068443.6655831207,415381.36742781237,415279.49594770995,415401.450584526,415345.7124097765,0.0,0.0,0.0,0.0,311228.7797905056,321162.11433649063,316062.76740438375,314705.44688160036,2081776.141812776,2039528.0025052433,2031298.621539259,2066989.2930551395,109948.95509660637,80114.49867237994,119540.39145219684,99506.89534812712,7279971.441362683,7425516.65372839,7335548.62832808,7330912.265690681,-5870166.977740397,-5597633.913642974,-5685777.178005085,-5774780.405306298,-11508150.685238386,-11019279.77825356,-11147512.37254591,-11337045.867793696,12.451333333333332,14.252333333333333,13.3895,13.081683333333332,8.765228553000766,8.673610631840845,8.644144697348503,8.733162280594794,51.923494509190576,56.10332835058944,54.47953857635136,53.38643635368018,14533736.636610582,17775248.871755563,16292046.9958313,15668265.918911327,42.49346536352765,67.7989799617641,55.30618847539952,51.35039547291041,27.589767144198337,28.076765233234095,27.83330368573118,27.760216475360853,300605.4134496237,304212.3693460496,302236.2202855338,301867.84801337274
3,352.1520135066916,443.7728393065554,402.42279981497984,384.2193025366439,352.1520135066916,443.7728393065554,402.42279981497984,384.2193025366439,0.0,0.0,0.0,0.0,1635932.891966201,2237351.179354774,1965713.7241228689,1846429.2925522013,0.0,0.0,0.0,0.0,1635932.891966201,2237351.179354774,1965713.7241228689,1846429.2925522013,1084908.898715829,1278643.747943984,1180812.4824649196,1152716.0959456833,256965.43777579998,316820.0489667843,291043.19079710933,277914.5516926445,3220855.1390631837,3288035.9590699878,3231071.4459363567,3244368.426065565,416588.3397371626,417246.83807349164,416970.8285898762,416818.81415487773,0.0,0.0,0.0,0.0,315028.3378244967,340658.79147128854,326682.4356294062,323998.9966008738,2206579.5026870253,2202683.9351208205,2174336.0032644058,2205216.054038854,76765.62995870035,134297.64801806005,107807.66646826555,96901.83627947624,7664595.440486667,8095332.169027448,7832461.553164624,7815353.295475939,-6028662.548520464,-5857980.989672674,-5866747.829041756,-5968924.002923738,-17536813.233758852,-16877260.767926235,-17014260.201587666,-17305969.870717436,13.501333333333333,16.249,14.8895,14.463016666666666,8.327182505354822,8.233247041128816,8.2091276894198,8.294305092875721,52.06190054063505,56.27203889921716,54.63375819886239,53.53544896613879,16828028.08960738,21694456.89202608,19360836.702852424,18531278.170453925,49.03664403966183,83.33687592898194,66.21243376103695,61.041725200923864,27.73060438520511,29.418602604473087,28.487949021471543,28.3214037619489,302769.1768145812,319824.57248904306,310129.32718914695,308738.56530064286
4,404.1608852428336,538.7605234501765,474.7210992564006,451.27075861540357,404.1608852428336,538.7605234501765,474.7210992564006,451.27075861540357,0.0,0.0,0.0,0.0,1881852.4911692378,2724360.8318446437,2324465.851490853,2176730.41040563,0.0,0.0,0.0,0.0,1881852.4911692378,2724360.8318446437,2324465.851490853,2176730.41040563,1172668.819264611,1452423.9593886223,1309662.629526013,1270583.118308015,284980.404454571,371440.0440193099,331584.7629048055,315241.27830222965,3382054.114142079,3500840.5240541724,3418533.1616059733,3423629.3576113116,417893.6694709436,419566.474976857,418744.192218498,418479.15139801335,0.0,0.0,0.0,0.0,323077.2581624051,380798.77552435803,348698.02274980623,343279.78923908866,2329799.292308971,2373701.994768277,2319464.584003246,2345165.238169728,111082.75043060994,140808.27990279728,117815.0277345911,121486.6857458755,8121501.453940478,8781965.524012951,8387200.975193924,8352663.878465844,-6239648.962771241,-6057604.692168307,-6062735.123703072,-6175933.468060214,-23776462.19653009,-22934865.460094538,-23076995.32529074,-23481903.338777646,14.539,18.395,16.4575,15.8886,7.886430613526055,7.7903819957866025,7.771136612873654,7.852813597317246,52.20075022281654,56.441344938649735,54.788495224617556,53.68495837335816,19310705.250777103,26333709.682471007,22835175.70518302,21768756.80186997,56.141569684088296,100.80466579360258,77.6950519034184,71.7736533224183,28.21702004875369,32.48546187631765,30.100351586532213,29.710974688401073,309041.86574138305,355597.6090759573,329274.2597739516,325336.37590848404
5,462.0225987849099,652.2858093947557,560.120798129306,528.614722498356,462.0225987849099,652.2858093947557,560.120798129306,528.614722498356,0.0,0.0,0.0,0.0,2157006.012286144,3309260.3450772017,2750084.650633741,2560295.028763014,0.0,0.0,0.0,0.0,2157006.012286144,3309260.3450772017,2750084.650633741,2560295.028763014,1265739.7810374575,1655257.8678136896,1452238.6802933714,1402071.111409139,315036.1165156935,434145.31573139085,377639.6678090107,356724.3362411875,3543468.6728402073,3724138.226850361,3607168.432960922,3606703.0167437615,419351.6302013626,422340.0979047736,420845.4013821031,420397.5938975565,0.0,0.0,0.0,0.0,338592.74693105684,445508.9957833962,387173.6571723539,376013.43402937555,2455775.8438399546,2554588.5472184084,2474093.3431579913,2490360.2900224132,124998.49979150185,132085.8953625952,118411.72038012529,127479.08824138452,8577511.540612107,9541057.381199438,8982775.92086385,8914752.584817672,-6420505.528325964,-6231797.0361222355,-6232691.270230108,-6354457.556054659,-30196967.72485606,-29166662.496216778,-29309686.595520847,-29836360.894832313,15.595333333333333,20.838666666666665,18.162,17.4305,7.45858438996001,7.360277097971043,7.345858665735788,7.424176837763872,52.340045157050056,56.611248792519135,54.943751594443626,53.83496642946423,22065493.060290575,31860828.369536683,26926529.15584865,25493860.418526713,64.5804111814674,121.14714418732649,92.66179844660991,84.37876773351809,29.2993031175824,37.54048987844623,33.023074183668896,32.18371848388474,322447.64413568994,415222.20973656455,364008.20756070135,354918.74209599604
6,527.4532783171115,791.1074587429222,658.7505351178253,619.7322414661453,527.4532783171115,791.1074587429222,658.7505351178253,619.7322414661453,0.0,0.0,0.0,0.0,2468897.2212345777,4026764.3717107126,3243159.250582772,3014150.723901225,0.0,0.0,0.0,0.0,2468897.2212345777,4026764.3717107126,3243159.250582772,3014150.723901225,1362966.5323514105,1892189.655191251,1612938.3068780499,1548194.6253453547,347852.1174309556,508398.315729046,429141.76400510554,404043.28683528723,3718226.352977048,3958898.2715289486,3805864.0511803245,3802461.5244702133,420998.316719425,425741.3282887244,423281.1719416431,422658.3707686798,0.0,0.0,0.0,0.0,364193.3290386417,534508.0270044234,444452.5570667651,423803.4733266653,2586373.4859865345,2750955.4755452625,2635692.136066697,2643977.182332089,121755.46869036424,98703.0734252022,105374.07186911053,113687.13034755751,9053446.82323103,10379916.016877064,9627987.81761251,9517711.041007143,-6584549.601996453,-6353151.645166354,-6384828.567029739,-6503560.317105917,-36781517.32685251,-35519814.14138313,-35694515.16255058,-36339921.211938225,16.702,23.664,20.041,19.1387,7.050762636685456,6.950750044227716,6.9408257351385805,7.015758229325247,52.47978695094335,56.78175279417662,55.09952925704171,53.985474996075,25183335.032869376,38617659.27177125,31659522.09948025,29885348.51648503,73.85386077758257,146.82363062962148,107.3820083679187,99.39328022579619,31.19418118122154,44.416397974963886,37.48653301617853,35.82195705903136,345729.863844246,497802.1193470182,417607.0549747854,398955.1532702163
7,599.4964612696926,957.5528348725519,776.6563046930044,724.8161920306934,599.4964612696926,957.5528348725519,776.6563046930044,724.8161920306934,0.0,0.0,0.0,0.0,2813736.4677346246,4889648.213234422,3833779.456780017,3540305.5786595535,0.0,0.0,0.0,0.0,2813736.4677346246,4889648.213234422,3833779.456780017,3540305.5786595535,1464491.4113242128,2156891.5438130847,1796719.1018933577,1706831.457695318,382375.9347883124,594321.2051580669,489048.4413239433,456556.7794177265,3890724.7553857607,4214414.402598304,4024882.5723756924,4004016.131910151,422805.12345408136,429810.2083841963,426178.2216653523,425256.90317962156,0.0,0.0,0.0,0.0,400998.1488044362,647937.2625887563,519489.1750878118,487426.8386289482,2719705.9768030117,2960222.969921895,2808897.5841809693,2803886.9243946206,162115.16182117502,110573.1335755531,104534.08447980053,144075.45193520735,9592581.208667614,11369785.132345257,10372249.343704894,10214602.581954788,-6778844.740932989,-6480136.919110837,-6538469.886924878,-6674297.003295235,-43560362.067785494,-41999951.06049397,-42232985.04947546,-43014218.21523346,17.839,26.804333333333332,22.164,20.976866666666666,6.666892994595241,6.565729812913841,6.559800270819888,6.631485881006752,52.61997721842327,56.952859286735425,55.25583016902106,54.13648594233253,28621509.122604158,46723687.19886763,37328199.59221649,34957271.44929637,81.93060246255736,174.85074838179506,126.92669145700131,114.45265353429055,34.01365211965845,53.06072018445384,43.22891197890829,40.68012594233684,380515.498188797,604224.5754933076,487757.50222356146,458813.6752453757
8,682.3685836005038,1160.6350298020996,912.7956141811428,849.7618397710623,682.3685836005038,1160.6350298020996,912.7956141811428,849.7618397710623,0.0,0.0,0.0,0.0,3211712.828774407,5946010.133155057,4519418.937413245,4168716.8853076342,0.0,0.0,0.0,0.0,3211712.828774407,5946010.133155057,4519418.937413245,4168716.8853076342,1582681.495304978,2474475.1632243856,1999402.8407631058,1894809.2790767706,420967.5333942586,695652.5046041787,555610.6634453636,517107.27331773064,4075385.884215713,4484609.189632815,4243080.321757588,4218614.041111698,424880.07881026843,434789.04748368356,429536.7072088873,428348.21784596366,0.0,0.0,0.0,0.0,449141.6930436681,786416.7238092861,611680.7570256067,567187.9538116344,2861106.5556907887,3186452.118792805,2989681.0118612195,2974977.5027764942,122318.85153969268,124621.83547531815,83353.08957106942,123124.8959171616,10106963.099721553,12497877.205839096,11151110.67548992,10943783.036862694,-6895250.270947144,-6551867.07268404,-6631691.738076674,-6775066.151555058,-50455612.338732645,-48551818.133177996,-48864676.78755214,-49789284.36678852,19.124666666666666,30.519333333333332,24.488,23.1128,6.308508798310024,6.206271954063475,6.203767731403838,6.2727259028237325,52.76061757976226,57.12457062311371,55.412656294933086,54.288001144935265,32562696.877020076,56578886.3217368,43863275.54493605,40968363.18267093,93.32832308925116,211.8609225533773,145.7600853293949,134.8147329016953,37.64652272801271,63.24265782690476,50.2157697960268,46.605170012624924,425809.6122713553,733451.4931709417,575240.7356932579,533484.2705862105
9,775.658652257526,1406.1787359853508,1074.5047165516285,996.3406815622646,775.658652257526,1406.1787359853508,1074.5047165516285,996.3406815622646,0.0,0.0,0.0,0.0,3661139.513277908,7225855.866125149,5334218.427119543,4908790.236774443,0.0,0.0,0.0,0.0,3661139.513277908,7225855.866125149,5334218.427119543,4908790.236774443,1709121.1499701417,2839632.303210709,2232168.736400425,2104800.05360434,462752.6779101185,814120.5568618412,632022.8714933487,585731.4355432214,4267953.125668647,4770261.246400863,4481005.500645984,4443760.967924923,427227.76541642536,440812.79622437875,433538.26167118235,431982.52619920904,0.0,0.0,0.0,0.0,508889.6113422693,955688.4168146073,720851.7633224163,665269.1932575876,3008479.7209606827,3429863.3169256714,3184014.3240419845,3155963.9795484287,154264.65397064298,172108.90699654058,136559.87276492646,160510.14252970714,10733012.876542138,13800318.605697209,12102028.357229672,11806569.881746413,-7071873.36326423,-6574462.739572059,-6767809.930110129,-6897779.6449719705,-57527485.70199687,-55126280.87275006,-55632486.71766227,-56687064.01176049,20.499333333333333,34.751333333333335,27.131,25.48753333333333,5.974195267314887,5.871914616634287,5.872239112877295,5.938397039576676,52.90170966160491,57.29688916607784,55.57000960730546,54.44002248817044,37008907.968757875,68487080.69850616,51613781.94516194,48026268.42416978,104.40905550213166,255.14758736539432,171.74662699640695,157.16754165427358,42.13378271957975,75.2843506790443,58.176106616218995,53.73648150539234,482787.34746673633,891901.5199732586,677915.1065733144,625977.3078440191
10,881.6327887617228,1701.7036772173012,1263.7629897025754,1168.6575997211753,881.6327887617228,1701.7036772173012,1263.7629897025754,1168.6575997211753,0.0,0.0,0.0,0.0,4173296.9658628395,8771990.38979822,6291266.579426349,5782839.664240222,0.0,0.0,0.0,0.0,4173296.9658628395,8771990.38979822,6291266.579426349,5782839.664240222,1850350.2161102016,3262692.47561782,2493072.89549984,2344670.006937868,508900.3895829279,952342.1061722393,718312.824046514,664104.9903891869,4466686.275420298,5071869.329450025,4737189.550686867,4678500.344330702,429893.7647476886,448068.9509169932,438199.5889961338,436255.07990694523,0.0,0.0,0.0,0.0,578727.0381095288,1160366.9702265435,850126.8702528458,782301.0143504839,3163683.771267699,3689483.1227744776,3391526.88040207,3347713.5442950716,114020.75500111493,117399.05135680974,132362.7538995772,115203.15872560811,11333763.7099016,15160915.578019956,13093288.536357725,12673266.863743024,-7160466.74403876,-6388925.188221738,-6802021.956931376,-6890427.199502802,-64687952.44603563,-61515206.060971804,-62434508.674593635,-63577491.211263284,22.008,39.599666666666664,30.06,28.16508333333333,5.6646202685965985,5.561646281454638,5.563869204876241,5.628579373096912,53.043255096994706,57.46981728828559,55.727892086676405,54.59255186394651,42059543.40796007,82870702.47109291,60672385.4354343,56343449.08005656,117.30806303833565,305.9543612310846,199.97642473965783,183.3342674057978,47.253629191072704,89.2835335247018,67.32603848800515,61.96409570784289,549400.0223499449,1083878.3799187723,800132.7640679314,736467.4474990345
11,1001.6833601331459,2059.467100645282,1484.158372691072,1371.9076693123934,1001.6833601331459,2059.467100645282,1484.158372691072,1371.9076693123934,0.0,0.0,0.0,0.0,4755287.399465113,10646811.765420543,7408423.63027693,6817320.927549513,0.0,0.0,0.0,0.0,4755287.399465113,10646811.765420543,7408423.63027693,6817320.927549513,2004904.6738971672,3753600.098740414,2787946.9615072445,2616948.072592303,559694.7852151277,1113628.8711508587,816128.2366909824,753571.7152926335,4678304.774191911,5399859.4278506115,4997972.542567409,4930848.902972456,435298.80219306244,459761.31377033534,446230.7834017557,443860.6812451079,0.0,0.0,0.0,0.0,659098.2611242717,1408095.149639721,1001667.4211079021,921247.1721046789,3325886.9832089245,3971315.4962871983,3608227.3527990086,3551786.9627863206,230237.09344128642,262468.75174048723,203145.32742399295,241518.1738460067,12145791.57601915,16925512.351679612,14252970.523024417,13818693.847500311,-7390504.176554035,-6278700.586259069,-6844546.892747489,-7001372.919950796,-72078456.62258966,-67793906.64723088,-69279055.56734112,-70578864.13121408,23.655,45.182,33.3315,31.18945,5.37788504406864,5.273908003222239,5.279159997430226,5.3414930797724,53.185255525400805,57.643357372329795,55.88630572162915,54.74559117182595,47784556.961933,100235523.97397843,71257342.88049698,66142395.4161489,132.27673284720078,369.1863646799517,231.90973677579896,215.1951039886636,52.9865700594103,105.41690848046476,77.66365390439782,71.33718850677936,626029.0779124716,1315798.558469733,943689.9869139523,867448.396107513
12,1137.9061832966586,2485.2847658654896,1743.1151114179436,1609.4886871957494,1137.9061832966586,2485.2847658654896,1743.1151114179436,1609.4886871957494,0.0,0.0,0.0,0.0,5416748.289519277,12887707.673885025,8722903.69415227,8031584.074047289,0.0,0.0,0.0,0.0,5416748.289519277,12887707.673885025,8722903.69415227,8031584.074047289,2171749.764443244,4322478.59382519,3125055.499356656,2924504.8547269255,615408.9918724813,1299482.5588937511,927414.2872531803,854834.7403299257,4900783.235301154,5744835.757905162,5276539.162147332,5196201.6182125565,446152.0942514943,479128.35293779493,462570.4055295154,457693.7847916995,0.0,0.0,0.0,0.0,750463.9993461967,1706749.3748780931,1178969.049628091,1085163.8807823602,3495550.0080963667,4269540.402898141,3839199.091225724,3766446.646276988,400479.13559986645,330822.54415767465,398697.8587522719,376099.32859509933,13068034.772017103,18827020.392386824,15669628.017740736,15083679.739146505,-7651286.482497824,-5939312.718501801,-6946724.323588466,-7052095.665099217,-79729743.10508749,-73733219.36573267,-76225779.8909296,-77630959.7963133,25.423,51.562333333333335,37.05,34.57176666666666,5.111772856705179,5.008192511718833,5.01541159161303,5.075519735959958,53.327712592745016,57.8175118107821,56.04525250882651,54.899142319058,54252924.87997901,120971797.29299761,83667017.57403465,77604530.22453552,148.67521312437273,438.9104402600475,270.8220203462064,250.2575426218589,59.292613039190826,124.00559034634364,89.20487928912993,81.94215509669431,713295.1960651035,1597021.7648130811,1111263.5445415394,1022599.4951268957
13,1291.9155265441295,2996.0926242515557,2044.783042511722,1888.3775107417287,1291.6677278355548,2995.891757686401,2044.5693791150063,1888.1461382833509,0.24779870857491135,0.2008665651551787,0.21366339671575657,0.2313724583780049,6166682.570998655,15583214.325645644,10260752.981336415,9462468.685125101,375.66026072842595,845.4255412842123,463.1814042991975,540.0781089229512,6167058.231259383,15584059.75118693,10261216.162740713,9463008.763234025,2360423.3296114076,4977436.864895828,3507771.0299204323,3276378.066960955,676075.2820401144,1514432.0593513248,1052748.2688470364,969500.154099038,5134929.685687008,6109286.483096679,5574362.744566563,5475954.564780394,464308.5508661004,505253.5123703523,483614.1905591521,478639.28739258857,8056.426590520849,4089.614923508083,6430.368575019844,6668.0425070663805,854207.6597707297,2064885.0314875979,1387294.854125567,1277944.7398716337,3673633.481588342,4586068.16487512,4085308.316645548,3992985.620738714,546907.4274458714,504834.77025595953,513483.35657168465,532181.9974294023,14045802.013958912,21081116.39792669,17153686.411305625,16508162.048347633,-7878743.782699529,-5497056.646739754,-6892470.248564914,-7045153.2851136075,-87608486.88778701,-79230276.01247244,-83118250.13949451,-84676113.08142692,27.385,58.818333333333335,41.21,38.38666666666667,4.86532667835066,4.76145933306613,4.771159855670727,4.828973107501074,53.48111022866342,57.99685030183714,56.21169789346507,55.06161925427422,61561164.83670408,145785065.47429615,98231084.4526916,91039530.0598613,166.78166537135266,526.9155216193759,315.43720001090617,292.8285150581608,66.12240883364981,144.8709471921834,102.03567775072865,93.68439725913656,812512.2434278917,1933156.151082754,1308435.5541228405,1204737.6111070935
14,1464.7262917852008,3603.2172360981267,2390.939262091384,2213.1981222947247,1463.2164979859454,3600.9444417092955,2388.5264456555506,2211.4212782891177,1.5097937992553785,2.2727943888315885,2.4128164358337383,1.776844005607052,7012968.071360892,18798054.447291166,12034672.507793449,11137748.302936487,3377.857517816459,7585.633710510552,5286.923307793252,4850.579185259392,7016345.928878708,18805640.081001677,12039959.431101242,11142598.882121745,2562239.0732597224,5742368.607739319,3932669.8003100283,3675284.410327581,741927.0621364039,1762045.9250931826,1192412.544091834,1098968.6641712764,5385942.898982287,6516033.188319209,5904227.594637512,5781474.50025021,488626.70206153375,540795.6618721321,511622.3307649535,506885.8379952432,36635.514541830875,37104.98606213149,48420.024699208734,36799.82957393609,971513.6959607041,2494203.8820371004,1629393.7484862742,1504455.2610874427,3859276.5643956997,4925532.095139333,4341066.576031507,4232466.000155971,928744.6182751743,879466.8250123649,903462.7917847888,911497.390633191,15347242.515300822,23880776.03383625,19100134.57516397,18333979.24678822,-8330896.5864221165,-5075135.952834571,-7060175.144062726,-7191380.364666475,-95939383.47420913,-84305411.965307,-90178425.28355724,-91867493.44609338,29.473333333333333,67.16333333333333,45.765,42.664833333333334,4.6372348776472005,4.533596085799876,4.544714280252178,4.600961300500637,53.67623944087364,58.211829577983984,56.42596785228139,55.26369598886225,69939839.11266507,175561591.96872294,115236365.70748581,106907452.61228532,185.81984508718742,626.3796774362448,360.8452963006686,340.0157864093575,73.2753759995403,167.56574886762718,115.4657512919756,106.2770065033707,925058.7346889073,2337608.9626780394,1539182.424411107,1419451.3144851034
15,1657.1003085213872,4320.698876787485,2792.343906648796,2589.359807414521,1652.046237647558,4313.511692394418,2785.519220392303,2583.5591468089588,5.0540708738290805,7.187184393066321,6.824686256492798,5.800660605562115,7964881.423922451,22617499.386642847,14101493.860240266,13093297.710874591,12212.493137400395,30743.119930186193,20119.682451189354,18698.212514875424,7977093.917059853,22648242.506573033,14121613.542691456,13111995.923389465,2784971.4972500447,6616096.096382849,4412134.621579447,4125865.106946526,812791.7871291554,2043660.7635180308,1348638.401022608,1243595.9288652618,5680289.979023357,6985099.2248427095,6282637.846578982,6136973.215060131,520151.2198131435,580813.39975717,546041.1400772502,541382.9827935528,112968.0179615471,120167.40399474339,146969.04943830808,115487.8030731658,1103929.8079016854,3006515.7864699187,1910855.5792778025,1769834.900400567,4050661.867012328,5284114.157210542,4611031.149867212,4482370.168581703,1462795.6330446007,1542366.9928630213,1626705.9454193106,1490645.6089810478,16951844.712092157,27363064.431412164,21631968.28558627,20595771.61385416,-8974750.795032306,-4714821.924839131,-7510354.742894815,-7483775.690464694,-104914134.26924145,-89020233.89014612,-97688780.02645203,-99351269.13655809,31.737,76.55433333333333,50.8395,47.423066666666664,4.426541077830106,4.322247791045262,4.3363461427616725,4.390038427455411,53.95215335667584,58.484841233333434,56.69800908610374,55.538594113505994,79609518.31409748,211233241.00148,135192727.75507826,125677821.25468136,205.9116742795165,742.6790972786695,419.446658450465,393.78027232922,80.31844975353603,191.45998817587954,129.2013201165536,119.21798820135625,1052451.8893318062,2820846.0121502513,1805993.914665186,1671389.832318262
16,1871.8539971010741,5158.609835250847,3236.5901289103963,3022.218540453495,1861.5313453742508,5142.732862484953,3222.7008983170717,3009.9518763629967,10.322651726822837,15.87697276589363,13.889230593324665,12.266664090497613,9033932.288926791,27099330.037280224,16407689.417954974,15356821.500850491,31402.612502196378,88500.72552170181,55599.3418572802,51386.95205902328,9065334.901428986,27187830.76280193,16463288.759812253,15408208.452909514,3029936.4096715264,7609367.785353788,4925463.415466973,4632737.391160319,889259.8138368352,2358434.2247280637,1513864.436579762,1403470.8576487652,6007544.467916112,7504197.622713276,6689119.371927946,6531373.07209512,555113.5227887168,631909.8785463099,588645.9411525116,581992.2473038745,223977.3591031058,255863.6631429304,258068.0831263691,235137.5655170444,1254134.9356757423,3616190.348048335,2235408.5540807443,2080854.3300061496,4251685.868569608,5659980.410384453,4884638.677462567,4744588.958204804,2088775.1573873349,2130899.4948649337,2006751.1990546165,2103518.6755044945,18781450.819095403,31188694.54591353,23972850.05795526,23123986.123481747,-9716115.917666417,-4000863.7831116,-7509561.298143009,-7715777.670572231,-114630250.18690787,-93021097.67325774,-105198341.32459506,-107067046.80713032,34.194,87.06866666666667,56.169,52.70013333333334,4.232523000053698,4.1281907036614225,4.144046326727421,4.1960066963164016,54.30697275771279,58.82882484770168,57.048183431584434,55.88962098920891,90612577.67939045,253014529.9722273,157557931.30114576,147453260.98188335,230.2833924670587,875.815888249518,468.6660907081045,456.2197659909194,87.45699190355624,216.10206802732404,143.52938211818616,132.48276854687498,1196564.0875589778,3397236.375985955,2118242.0314037185,1966799.3885084195
17,2110.017506167184,6131.627399790821,3749.039226681394,3517.5809689354564,2091.6373669413483,6101.641042086711,3725.213185040493,3495.1386532422252,18.38013922583561,29.986357704110016,23.82604164090076,22.442315693231652,10230256.621631999,32327171.89033164,19081567.879348185,17964176.965676874,66915.72689908222,206113.6317303283,124154.6392484544,115634.99359001833,10297172.34853108,32533285.522061966,19205722.51859664,18079811.95926689,3292012.9773569745,8730152.300125265,5509206.94951003,5195361.740325876,971436.4372102108,2711356.77462009,1699079.2708279192,1580408.5553036686,6379328.99730688,8088632.250182824,7138136.409765664,6977585.13581346,594486.1220643554,689287.4918812029,637135.4590479557,627666.601500252,395917.7491472266,440956.9841109887,405324.141711521,411681.48138454335,1423907.115478461,4334744.258490497,2605468.5979755386,2442700.1155326734,4460158.729500933,6052686.513880012,5174305.754751826,5017543.4540336095,2660329.356392463,2901703.694457397,2515130.4768985766,2744810.37471519,20724025.398100216,35650788.56347011,26700129.3461016,25948392.50597968,-10426853.049569137,-3117503.041408142,-7494406.82750496,-7868580.546712789,-125057103.23647699,-96138600.71466587,-112692748.15210001,-114935627.3538431,36.799,98.76066666666667,62.151,58.48558333333333,4.052604086722236,3.947967372483597,3.966043992416305,4.015981236738712,54.76290150181007,59.25986795147342,57.47388138048782,56.336839759192245,103129277.96542504,302367267.9292716,183636844.07433796,172862574.4527713,256.4275210564516,1026.2785762808332,543.9011360148037,525.8753903849852,94.29581153648203,240.9634525973888,157.45106331658602,145.6294859077994,1359800.235214348,4078174.614420289,2469493.313971838,2311231.267936427
18,2371.572751945416,7255.046884881959,4323.556320843568,4080.788698473206,2342.239111336239,7204.054345374892,4284.130518983721,4043.8744432497674,29.33364060917669,50.992539507067086,39.42580185984778,36.91425522343833,11557213.309830869,38400139.9041735,22089107.64972702,20952237.617850788,124134.65646428792,409176.0113702083,236438.78350913737,223899.13068136002,11681347.966295157,38809315.91554371,22325546.433236152,21176136.74853215,3579260.9643609887,9991491.980700742,6143469.429919508,5823541.820079902,1057764.4673981604,3104634.3623451367,1897280.3149762827,1774168.930629602,6789037.511815377,8743277.244249972,7652609.648182421,7473021.418167485,630313.8944250994,746985.7255437726,678152.8686354803,671149.0353166349,593853.0752727181,684462.5993636174,626609.4892546403,625566.4087045329,1615346.1158865315,5179263.8338765055,3034942.8038637224,2862717.3171830224,4671015.235117947,6464038.382124873,5471676.818444606,5298573.336570371,2899273.0453462717,3038539.7048252956,3263016.8406080487,2948016.37616393,22455905.49143694,39981931.467990175,29949537.643043987,28590014.58323057,-10774557.525141781,-1172615.5524464638,-7623991.20980783,-7413877.834698421,-135831660.76161876,-97311216.26711234,-120316739.36190785,-122349505.18854153,39.586333333333336,111.694,68.5205,64.82401666666667,3.886995143347862,3.7813603250977517,3.800965180937568,3.8500229569603235,55.30651619821222,59.77777262663207,57.98804401102531,56.871455948159166,117167064.3863056,360054989.3314548,213445605.89786854,202177838.1171078,283.08105442747853,1197.0840222688432,616.3377042969066,602.9820931719562,100.73520029169111,265.71197545007567,170.5424430855938,158.4770715971257,1544575.852279662,4879992.828309295,2880858.377789496,2711971.7938900334
19,2650.6911100959096,8541.738078691287,4958.634276528126,4712.557549104292,2607.358163454272,8460.594089801538,4897.451842095438,4655.990737675815,43.33294664163742,81.14398888975028,61.18243443268827,56.56681142847692,12984490.499079121,45387010.25314557,25445089.542050067,24325372.41300238,205935.43285907383,716947.6984737084,404003.31775284675,384789.7258241959,13190425.931938197,46103957.95161928,25849092.859802917,24710162.13882658,3876061.7977064755,11412625.611792034,6824452.781479088,6513859.13263642,1146031.410403653,3538416.456145313,2107748.8407197525,1983366.1764132339,7237404.274863432,9473715.261685116,8229621.108419701,8020113.120251022,661663.8283725382,801198.8877484064,717316.9424305031,710501.099154092,845551.9686163629,991455.8839576028,913482.9797881653,896618.3389857968,1829154.6070331808,6168838.215162168,3521262.2657538145,3348043.869878326,4884107.828763792,6889974.260646629,5778200.399280368,5586161.079922785,3393182.311687926,3709103.851999466,3273027.7177724135,3503754.850796965,24573370.972087543,45395991.91318582,32733479.350957494,31861288.30147194,-11382945.040149352,707966.0384334668,-6884386.491154579,-7151126.162645365,-147214605.80176815,-96603250.22867885,-127201125.85306242,-129500631.3511869,42.411,125.99233333333333,75.27,71.66446666666667,3.7324504294494987,3.6268177368364207,3.6474576134612127,3.695478987034921,55.913256647705296,60.36267658452374,58.58770840096541,57.470553625591755,132442293.09538993,426821871.11193645,247088505.31579208,235475145.4011812,307.8096483556301,1389.7633113224476,689.7212030735642,686.4934303940163,106.6983109330288,289.2203651060652,182.47870177747996,170.58102989359153,1752202.1949442732,5821397.387331556,3348831.9649854233,3176420.512279822
20,2954.8918985071705,9981.823997557414,5655.999002831448,5414.3181331747555,2892.0440667577964,9860.493899394181,5564.795307114356,5331.00150818053,62.84783174937333,121.33009816323191,91.2036957170931,83.31662499422383,14556410.375451772,53254301.913496524,29160284.156004876,28100672.413767435,316748.1521941608,1151044.0511097223,630718.2951229804,608751.7168146074,14873158.527645934,54405345.96460624,29791002.451127853,28709424.130582042,4190523.902507465,12953282.106765497,7558673.070483232,7257489.273997776,1238189.8978366938,4001998.011613543,2329550.771481271,2205522.737658591,7747502.838259234,10231675.049942493,8885970.323980678,8616963.112348374,687057.1453371269,854407.592152729,753733.7038148434,745629.8017225877,1167543.6901849261,1318099.7354107657,1274515.2647388459,1220238.30601397,2062998.1386698782,7310993.328121373,4069392.0479611084,3899796.454977901,5101569.6970978035,7326305.909391777,6088643.964122529,5880227.371400693,3662000.1779139917,3449662.029887252,4008858.1869401704,3587681.8261046326,26647017.91662495,50291384.59198664,36546535.835039556,34922546.25300154,-11773859.388979014,4113961.372619594,-6755533.38391171,-6213122.122419502,-158988465.19074714,-92489288.85605928,-133956659.23697414,-135713753.4736064,45.371,141.23466666666667,82.399,78.92328333333333,3.5896269038272495,3.4833328372994403,3.5051361009835538,3.552423980542516,56.61646528344285,61.001948447388926,59.25136451303838,58.15138439082398,149814134.6552756,502869895.39121515,284752854.6686633,273383650.91285443,337.7369955165965,1581.5985415139235,768.1124759626838,773.0885366156609,111.13957609098294,313.20678216695416,192.35582284445715,181.86309821757288,1978563.8897907296,6915593.692742892,3877363.928970437,3706524.320823986
21,3281.8619789523273,11620.108127992704,6398.752107435567,6200.248131116459,3196.1378644480124,11445.531435184213,6272.994419627,6083.425614205682,85.72411450431505,174.57669280849333,125.7576878085672,116.82251691077745,16254196.943958532,62260736.33416688,33128931.16045598,32356485.730531454,458231.54006679426,1733438.9369494272,921099.0245074386,904554.1289757157,16712428.484025327,63994175.2711163,34050030.18496342,33261039.859507166,4522669.329132787,14676724.540859278,8320165.800998121,8076588.653237059,1332953.3252830114,4511319.422867995,2553687.576507531,2445381.4594377554,8277877.896085552,11053571.592357786,9486621.460322086,9249370.689780833,710010.3594719779,910331.6339200484,786788.0046825252,780122.8055288026,1502473.949328862,1696017.6934164762,1590171.2313038025,1570214.259759527,2323775.470934078,8616252.859730367,4679037.551959379,4526142.55701278,5320709.844157865,7778455.832228571,6394866.788737022,6180920.939982612,3565675.2430801056,3332511.309657369,3162563.53308216,3484067.8663821477,28443415.34326055,55922358.14868328,38776711.59052653,38061045.32515851,-11730986.859235225,8071817.122433028,-4726681.405563107,-4800005.465651337,-170719452.04998237,-84417471.73362625,-138683340.64253724,-140513758.9392577,48.43233333333333,157.975,89.6105,86.77226666666667,3.456715211740307,3.349713821315434,3.3737300095058997,3.419264725091601,57.34757006740551,61.681013386942716,59.92890597099262,58.86427522924353,168685981.56868005,590071809.8267308,325376975.06701845,316171021.45899785,371.20676714875333,1821.803860157724,841.5487371608036,878.915749701893,115.55875717114424,336.12339365118,203.9049390169214,192.75637993915674,2230973.77914689,8160801.8946909355,4468650.367669178,4306413.619587306
22,3622.8131311299985,13433.64574184124,7215.524065593241,7056.604544878933,3512.070789573837,13190.569011864945,7048.3511007514135,6899.545167375724,110.7423415561614,243.07672997629336,167.1729648418285,157.0593775032076,18035000.843293868,72277327.20132768,37521858.62329674,37019815.068605706,629035.9290022157,2485746.0847299136,1285515.9562349769,1278884.48350691,18664036.772296086,74763073.28605759,38807374.57953171,38298699.55211261,4864199.536845142,16548703.510359706,9146896.305548748,8953775.92757524,1425917.1789628982,5051460.067577057,2788149.047541948,2694857.1899778536,8780814.711908938,11881603.41769158,10118366.670328734,9866090.758932862,731449.0226149333,964924.534424583,815464.5902395602,813165.4517483107,1796995.7744678631,2083940.3737122552,1902357.5344939614,1897426.3842034005,2606106.6531230235,10110923.214776201,5341070.156292961,5232792.449701635,5535582.321568431,8237598.158635996,6710742.058621918,6481287.864542079,2887092.3054884593,2948686.329134169,2764848.373723942,2908650.2137644575,29619119.478473146,61737723.2607198,41642435.38968574,40860630.802259475,-10955082.706177063,13025350.025337804,-2835060.810154034,-2561931.2501468603,-181674534.75615942,-71392121.70828845,-141518401.4526913,-143075690.18940458,51.481,175.825,97.273,95.00139999999999,3.3327218265741396,3.2260861757100825,3.25013672569745,3.2953993487717197,58.071654887121575,62.38978964921058,60.62001643876021,59.58300205385273,188489043.40194175,688044953.8550547,370532377.3950504,363333612.06053126,396.969522076899,2047.1876964350233,934.2625141937958,974.5458831022424,120.69087000365622,360.8266005749612,215.82631757209762,204.73837570361297,2506864.272603799,9599126.290667446,5107504.527744513,4989155.978926076
23,3984.702836567388,15440.59948796898,8088.727175506557,7994.266664557946,3846.3716606756752,15113.100771509797,7871.713635358649,7789.726849467617,138.33117589171226,327.49871645918677,217.0135401479085,204.53981509032835,19934590.6001732,83422558.47570008,42244839.579652414,42155379.35660761,829980.2153426396,3426542.0808319156,1724147.0679436196,1738776.8682638863,20764570.815515842,86849100.556532,43968986.64759603,43894156.224871494,5217559.274775118,18583856.766835272,9995303.998875342,9895763.39699617,1520152.028871687,5622650.29855601,3023641.3298835857,2956026.4232612,9263236.633599345,12721541.937353918,10755577.317928677,10473643.489913445,746893.8275406631,1021602.8569274881,841984.9302290173,843041.9878260519,2052828.9326972002,2458043.2761253268,2214934.101450242,2194653.9528970444,2906371.452367045,11788440.06458992,6075315.0467488915,6015095.466645051,5752891.325883235,8707690.96046139,7024220.473378181,6787071.197985589,2202262.5601139367,2466349.2540542157,2425366.6963894484,2294692.9029930346,30764770.008501515,67912003.53020719,44684540.36372439,43766301.74109849,-10000199.192985673,18937097.02632481,-715553.7161283571,127854.48377299495,-191674733.9491451,-52455024.68196363,-142233955.16881964,-142947835.7056316,54.58533333333333,194.85333333333332,105.0245,103.67913333333331,3.216577762046505,3.1100871899500593,3.134611552674246,3.179306061812749,58.79413346241271,63.10954270943043,61.332381350293815,60.30452669886891,209698453.54088005,798489207.4795417,419640269.8391792,415775217.41941166,427.0637460905297,2295.916286725121,1016.8354392765443,1081.1621353126368,126.43790960986684,386.2339086365883,227.5989473643526,217.36650926921936,2799605.5158444126,11214460.99290864,5821106.186929756,5744804.932816892
24,4366.507481932383,17638.83225890171,9023.620767156963,9011.821153871648,4197.289545832068,17209.25806954178,8747.008088156817,8751.478529130467,169.2179361003141,429.5741893599331,276.61267900014565,260.3426247411807,21949040.31517199,95696124.3270153,47335500.57386888,47760519.719317146,1063746.1574125744,4571040.263111528,2247651.885024523,2291299.0944072083,23012786.472584575,100267164.59012683,49583152.4588934,50051818.81372437,5581712.725371825,20756955.32690854,10899208.340244444,10893047.635909675,1613966.0065674197,6217688.724948468,3264964.8290641853,3225268.9580007866,9759221.287151568,13537071.540087966,11400019.98567105,11081468.875679307,758161.1776387827,1077741.346574034,867290.896207001,870014.2367661207,2307053.580812053,2806499.1006630035,2547119.7706195717,2481859.5127598858,3229379.435785424,13664639.821299775,6870801.015727145,6881720.570715447,5969796.970994686,9185357.348743508,7339087.011430975,7095243.103206773,1950643.9186154136,2000312.053286642,2090178.6205654808,1968027.7657503437,32392033.799166545,74489465.25720553,47904216.74347101,47126134.80948019,-9379247.326581977,25777699.332921304,1678935.7154223947,2925684.00424417,-201053981.2757271,-26677325.349042326,-140555019.45339724,-140022151.70138744,57.714666666666666,214.76133333333334,113.077,112.681,3.107668393077364,3.0016177786176463,3.027003019105644,3.0705506780164624,59.512824517306676,63.83490403929393,62.05198150892741,61.025552350002215,232327014.3507998,920370511.1736939,473237826.457188,473142238.2388127,458.77525383219125,2549.098951279898,1101.81207435096,1190.3885479388887,132.4249214766051,413.411300790179,239.4814968576188,230.77015423635595,3114685.622327376,13027365.0834798,6595347.9971394045,6584123.433730724
25,4767.783308313238,20052.253561761507,10028.227322898525,10117.347897020132,4562.84655398052,19497.371376275027,9683.26423849677,9789.930241783597,204.93675433271767,554.8821854864839,344.9630844017542,327.41765523653584,24083587.430910442,109250408.21943481,52834872.1786028,53891974.70689397,1334183.1338983385,5962765.730381367,2864533.9658745797,2954187.042667398,25417770.564808782,115213173.9498162,55699406.14447738,56846161.74956137,5962384.017817025,23110326.367980663,11855369.80807569,11964163.840374298,1706361.9449793606,6843601.392152453,3511387.50976319,3504395.7514899424,10259734.57560032,14366207.568889659,12022989.161463836,11697000.123251587,768298.6949094926,1137473.023562788,891921.6633706074,897509.7099381459,2561610.9223856195,3140808.7433293583,2823852.7197816307,2764330.159715928,3573895.1486008186,15748303.389121462,7738453.24619531,7834938.032783044,6188128.040251144,9669710.646766799,7659239.0561410505,7406681.952531623,1650364.819213578,1527634.3781658884,1551665.2136055883,1607409.1648468869,34020809.81994785,81567911.46830562,51003809.122636214,50662295.39687307,-8603039.255139075,33645262.48151056,4695597.021841168,6183866.352688295,-209657020.53086618,6967937.132468237,-135859422.43155605,-133838285.34869915,60.937333333333335,235.90266666666668,121.435,122.1752,3.0064130573342998,2.9005461871363867,2.9261788621196185,2.9693596527650303,60.24338653570978,64.57566253241328,62.773147812784444,61.759683134556006,256638145.20266023,1056624100.8823932,531482086.72850364,536633229.6905668,487.908710852533,2832.9148024097526,1203.9215094451986,1308.6608428975596,138.5196242175346,441.5953120334968,253.43208871385752,244.59611495312134,3451917.970887685,15040074.688519023,7437472.86883401,7507772.822058653
26,5190.782111803231,22625.463868401974,11092.968028657562,11292.92072661279,4946.841220878819,21919.257962231288,10667.533650564279,10887.187080352183,243.94089092441237,706.2059061706905,425.4343780932849,405.7336462606097,26343594.886159465,123804870.6953628,58702338.90046993,60455041.419380635,1643332.3273466262,7603823.886258621,3586059.309886322,3729504.3729658243,27986927.213506088,131408694.58162144,62288398.210356265,64184545.79234646,6352981.132347256,25563848.554389603,12848643.68029093,13076784.730062077,1796829.3627638435,7468997.7757813595,3755721.9200595664,3782088.307319974,10723729.365377838,15184722.271235235,12616421.932743357,12285076.882427927,779015.8219643796,1200929.1645830395,918159.7367029068,926685.4918809106,2780221.4814067525,3473227.3269624547,3106336.930585775,3022773.527351248,3942965.966655973,18048088.08383111,8677579.99551392,8879758.70766727,6403472.4602735555,10156971.625873188,7980737.177938487,7717197.168233426,1250713.2940093784,1264134.7681270612,1195634.4071859403,1255410.8099505673,35516763.496578194,89231393.4644756,54396900.765036196,54316883.98534229,-7529836.283072107,42177301.11714583,7891497.445320059,9867661.807004169,-217186856.81393823,49145238.24961407,-127967924.98623602,-123970623.54169494,64.16766666666666,257.41366666666664,129.942,131.80376666666666,2.9109199402754524,2.8057427536082895,2.831110605477421,2.8741079249419452,60.97275247233095,65.33629518480716,63.51567793351873,62.49999242169763,282482665.82983774,1204069249.7964919,594496471.3857192,605037970.2181667,521.201527738623,3064.4479654347383,1290.6762953692498,1411.3377809322633,145.7919945469469,470.393382429881,268.1093761626466,259.4024803059738,3812665.5847213166,17281976.092472427,8354910.921671606,8526924.262434205
27,5638.665222324833,25427.526764038757,12216.513229216222,12564.766761924706,5349.792722059501,24541.53972561233,11695.805552874283,12066.90417330299,288.87250026533115,885.9870384264325,520.7076763419406,497.86258862171655,28753932.36592598,139748493.26853812,64966162.52226596,67602028.68184023,1999220.2691232369,9553163.021342443,4417200.789293085,4643100.232399959,30753152.63504922,149301656.2898806,69383363.31155905,72245128.91424021,6765027.037890149,28213042.14431086,13888398.177059516,14271832.325137397,1887679.5043252583,8112835.419981922,3997279.287775676,4066484.07480509,11224385.399330083,16032254.359486029,13272289.582772585,12907139.535384664,790341.5156756236,1269600.830108387,945434.8743589217,958082.2757270907,3027498.826694017,3864519.2779635037,3440776.390646886,3320455.984638337,4336687.964484016,20555402.923744384,9687866.44093593,10013238.200225145,6623634.311329999,10648011.113971194,8301793.353421995,8032166.192254417,1050429.4840524788,1130577.588150495,1178855.3037266575,1078481.3204867844,37339582.238917574,97631011.6667912,58385796.24868236,58441582.53867334,-6586429.60386836,51670644.62308939,10997567.06287669,13803546.375566848,-223773286.41780666,100815882.87270345,-116970357.92335933,-110167077.16612813,67.512,280.2373333333333,138.6385,141.96586666666667,2.820926185681759,2.717493523405535,2.7435566372592137,2.7847247538850803,61.723311822959126,66.10966684917533,64.28031484723964,63.258536082134796,310501171.0929219,1366892324.654637,662254779.1314739,680238074.8395222,554.5955298324118,3376.394946004691,1378.4268375299653,1542.2253254927095,153.3271101771589,499.5866169979601,282.1534822380365,274.5179375644393,4198039.0820259135,19711304.187243216,9343259.731553439,9627681.868851969
28,6112.443575999026,28425.795297982524,13390.713059348293,13922.11667869325,5772.462021333625,27327.870959233285,12761.023595132925,13316.855149598507,339.9815546653999,1097.9243387492393,629.6894642153683,605.2615290947437,31324397.976086706,156922963.48270768,71578746.11815286,75283895.90340404,2402638.2470542067,11814984.595857814,5367643.511491487,5696959.469135469,33727036.22314092,168737948.0785655,76946389.62964435,80980855.37253952,7202011.127040835,31021562.88942985,14953748.326160425,15538854.24387699,1975999.0454153416,8764437.259289997,4233021.795643439,4351952.420271471,11742394.03930234,16885884.876754556,13908598.135143459,13542615.832410615,802453.7878101998,1343937.130031588,974332.7868407321,991972.9575876857,3325291.195711459,4283592.885073445,3834501.625711647,3660696.786988154,4760392.407332582,23307484.795667853,10771822.176546654,11251874.743249927,6844210.2903346,11139442.067406947,8617522.32406382,8347541.412309921,1115691.8857943725,1156679.5158408673,1260553.6202935644,1130037.5563106458,39560520.53489929,106721934.71924773,62627456.82883385,63067015.49942124,-5833484.311758373,62016013.35931777,14318932.800810516,17913839.873118278,-229606770.729565,162831896.2320212,-102651425.12254882,-92253237.29300985,70.99,303.8156666666667,147.362,152.47898333333333,2.7373483316033127,2.63491256542339,2.66136201424807,2.7014958134403395,62.49262380561476,66.90055092176699,65.06423553343184,64.03539829626804,340692893.52309626,1543781504.3542902,734537434.6643205,761773907.3140142,589.6780483008023,3648.945408743065,1457.2707192511907,1660.4216244555942,161.1254717988184,529.7820192173963,297.08932973179486,290.1552633953206,4612972.895257382,22395248.443482086,10407504.496733855,10836769.337136028
29,6605.144600452508,31600.835099271706,14645.737322478377,15353.636275039227,6208.523963931024,30255.008851928415,13892.340852727071,14624.79367473011,396.6206365214836,1345.826247343291,753.3964697513056,728.8426003091162,34025348.91264744,175285375.25278062,78671558.23909765,83466358.13169405,2852957.9213225255,14410840.735049646,6457214.243741852,6898216.906127017,36878306.833969966,189696215.9878303,85128772.48283951,90364575.03782108,7643492.798664571,33956053.175240256,16089320.195498059,16852888.93046606,2059962.155163082,9406868.077068815,4467697.017637621,4631379.227830089,12259708.030015387,17800287.40673727,14557311.695999237,14198910.811868045,814894.9045937815,1421622.440608738,1005237.0273810559,1027249.5421990162,3687580.27170268,4829820.161374446,4189124.8156101895,4087364.2330877976,5213907.430593591,26287987.731577396,11933251.364656223,12589835.535937922,7065149.695869752,11627956.303634537,8939928.601186503,8662132.008587427,1291057.1686949397,1337888.4944266316,916218.1099407962,1307448.1327010319,41995438.277773894,116581842.69915375,66604080.88283076,68100679.82525684,-5117131.443803934,73114373.28867653,18524691.60000874,22263895.212564226,-234723902.17336893,235946269.52069774,-84126733.52254006,-69989342.0804456,74.441,327.953,156.4605,163.17019999999997,2.65853229328282,2.5572466105721006,2.5848187213968408,2.6230823043340683,63.26671535563232,67.70825286746593,65.85568391088908,64.82125348477409,372590195.2864787,1735394907.1554382,813039081.000831,849571844.4406145,619.4079884898155,3909.1820791702867,1565.171680838282,1770.8289202279805,169.90759386228495,559.2527496474087,313.21938894082444,306.17839838707823,5059055.433471138,25310692.211784825,11541958.444446653,12147128.305880927
30,7122.8629881719435,34965.68010176723,15936.649014587923,16867.848977930294,6663.51784277725,33336.70899487736,15043.436069804557,15999.134746012287,459.3451453946934,1628.9711068898716,893.2129447833654,868.7142319180057,36881662.85284367,194857104.6444894,86056955.74830036,92173067.47991969,3353350.5390412533,17376636.85235442,7659439.726641402,8261500.748700861,40235013.391884916,212233741.49684384,93716395.47494176,100434568.22862053,8109812.597793666,37040554.34579571,17239011.870279193,18235572.20959438,2139718.753443023,10041733.441782452,4683553.746591645,4905423.894361823,12790999.952221014,18750523.160858657,15216880.553072518,14876833.075244188,828037.1221606625,1503899.5943255876,1037247.4669188578,1064588.9874183862,4062650.3842767244,5467036.988415466,4604199.224588098,4554185.695725284,5695152.488196347,29505165.35700458,13179108.66945967,14028656.992279228,7286185.994260554,12117808.568327429,9250650.995543895,8977253.89518396,1337854.6231528462,1725975.5897743579,1290308.0148333642,1473696.9614703753,44388769.41287315,127243530.06226416,71460516.72679365,73387935.64016001,-4153756.020988231,84990211.43457966,22255878.74814811,27046632.588460527,-238877658.1943572,320936480.9552773,-61870854.77439196,-42942709.49198513,78.00733333333334,352.76733333333334,165.457,174.17333333333335,2.585040601355192,2.4851008195395745,2.5121553056437294,2.550061677719726,64.04704354601002,68.52137254035372,66.65938051474389,65.61305869403031,406575877.7317458,1941888253.3528824,895521520.7281065,943935209.1991435,653.6258524034084,4202.931835320149,1639.1711881349777,1895.8829464242676,179.36571535415038,588.3775222846729,329.6790552699335,322.51984777983324,5531746.025095494,28454432.39817454,12769315.872425927,13554686.255673159
31,7657.6511888586965,38524.727036764474,17274.550711845488,18461.12773562572,7127.9854333075855,36567.9969527402,16222.710665961395,17431.989465109,529.6657555511109,1956.7300840242765,1051.8400458840927,1029.1382705167189,39873396.76058963,215738761.21808797,93792924.9848238,101426274.32071406,3901492.468151741,20689598.95703653,8988439.506518237,9777329.739261417,43774889.22874138,236428360.17512453,102781364.49134202,111203604.05997548,8586253.883830618,40291758.70174367,18424513.811789233,19683180.57010019,2214269.6382851247,10651823.90406965,4885067.347425903,5167413.631309709,13369815.224661307,19789316.559569195,15921634.98191242,15616640.691879068,841570.9955603514,1591238.1888140386,1069929.5846038125,1103954.513199142,4553396.663679558,6239915.174471761,5185515.710410923,5143678.14245683,6206041.951696249,32958409.737885885,14485964.23972715,15569370.67686262,7504854.378144455,12607401.575759364,9563044.601195803,9290745.897309674,1867656.7093298682,2131985.6018394455,2036112.3631315443,1960171.82170822,47470514.157247394,138614959.11765283,77010260.19718759,79371069.89338928,-3695624.928506018,97813401.05747168,25771104.294154424,31832534.166586176,-242573283.12286317,418749882.0127491,-36099750.480237536,-11110175.325398892,81.57466666666667,378.269,174.491,185.41768333333334,2.515673536674892,2.4172860239696408,2.4444994166005616,2.481237907228054,64.83807295714489,69.3459536680683,67.47880859732315,66.41583120596809,442640980.70838434,2164012569.309941,983153536.2500356,1045121036.718929,683.1597716540422,4493.394053437261,1714.019673943551,2016.7417702781688,188.5414779693677,615.6687230960297,345.5318298942502,338.0360137636994,6035252.008782738,31835061.22452657,14057459.321241265,15065185.234293077
32,8228.68637412032,42233.790246574725,18685.91923700615,20130.472729479363,7621.120632800845,39906.71093041208,17454.77818023096,18921.07723696478,607.5657413194756,2327.0793161626398,1231.141056775195,1209.395492514583,43089409.00255132,237718140.54491255,102007107.00067109,111209465.04237774,4501523.768173293,24325711.87434611,10440314.591062168,11439989.605333779,47590932.77072462,262043852.41925865,112447421.59173325,122649454.64771153,9095040.418861365,43647007.24339253,19671606.365672607,21188228.80744727,2288032.330967739,11228265.414110677,5078609.337094416,5417113.910067767,13999508.361394227,20805610.049984306,16698565.126384102,16381643.952400755,856043.390080787,1682658.673463957,1104708.1328814356,1145358.7392648964,5111549.165737642,7044763.748274191,5917790.560355262,5788174.269625435,6748332.160583692,36653712.09955527,15873506.90203769,17215215.139223743,7728771.402336364,13091657.598651784,9877986.15952253,9605781.57104676,2738254.064846582,2205889.6950332103,2575239.236175407,2551926.535411902,51095349.38557827,150049154.98144037,82747947.2835584,85729181.34413,-3504416.61485365,111994697.43781832,29699474.308174834,36920273.303581536,-246077699.73771682,530744579.45056736,-6400276.1720627025,25810097.978182644,85.32633333333334,403.89566666666667,183.817,196.8256,2.450308574344734,2.3536707739119818,2.3808564089729525,2.416485344193271,65.62697841372443,70.17088870358664,68.2996754270009,67.2173470151762,481563393.45341074,2400368695.8722606,1077589642.8549824,1153145249.3000083,728.3951050899448,4757.832293146391,1825.2089133455515,2138.6981209097007,197.44908029975429,641.5469016345298,360.1508683552891,352.8833177669257,6566233.384311206,35464254.026268676,15417204.673701301,16680540.60899632
33,8815.554663228779,46038.40501741928,20149.360151012876,21843.552287195453,8119.219753786027,43289.114043508,18716.498409149535,20428.682755188718,696.3349094427518,2749.29097391128,1432.8617418633391,1414.8695320067368,46436412.1762435,260548465.1884865,110639926.70772493,121375630.73052855,5144322.098395124,28238049.774032388,11988339.407371033,13227126.784868166,51580734.27463863,288786514.9625189,122628266.11509597,134602757.5153967,9618881.891770296,47057861.83022217,20947834.93382293,22722524.87022845,2354510.0625543194,11752341.411783865,5257869.544011987,5643751.03478466,14668578.042112011,21910603.190342367,17510231.503936876,17203286.843992636,870891.019593187,1776584.0067101917,1141034.545082575,1187883.5650841387,5766165.302625147,7999474.799974007,6692977.718423273,6547823.626697248,7327625.079849308,40547138.92636411,17344324.136923682,18954454.92612949,7947568.846305054,13562147.073092615,10187713.483072642,9912671.225680701,3170438.751229185,3053074.6263003224,2768598.334864576,3129361.307504083,54466635.00798085,162743659.03181672,88338022.68270263,92363593.41632341,-2885900.733342221,126042855.93070215,34290243.432393335,42239164.099073306,-248963600.47105908,656787435.3812696,27889967.260330632,68049262.07725593,89.102,429.28366666666665,193.138,208.16558333333333,2.3893696135683617,2.2935686352837905,2.320165772846164,2.3558392711687617,66.43107420026546,70.99310143027385,69.11925682070215,68.02778373076839,523025685.2798377,2649087288.992531,1177680105.710351,1267147246.5792804,755.9406569624605,4962.24425390123,1908.843592654799,2228.1469158910295,206.1869646143384,664.711478118989,374.36744885429664,366.6705443409661,7138639.915608692,39306577.862888806,16867113.238759987,18397418.19715673
34,9424.589479854008,49970.708162504394,21644.778570477003,23615.73101878164,8630.442582631842,46741.06300183503,19987.209261510252,21969.159729352956,794.146897222166,3229.645160669366,1657.569308966747,1646.5712894286858,49956502.40952366,284421085.0072552,119588278.81289458,132019106.31872968,5823415.289884101,32414755.543320917,13622879.414314419,15130384.378586985,55779917.69940776,316835840.5505761,133211158.227209,147149490.69731668,10159290.835265439,50572484.340881385,22246477.903097406,24303908.56223102,2413540.9312653025,12233500.073879236,5417580.40224952,5850526.631180179,15392408.046799244,23142520.22303365,18398819.63599984,18104947.308481287,886327.4352668058,1873665.6099167052,1177833.7436178243,1231895.7963942706,6523612.274918445,9236869.482361022,7567942.817088047,7473252.297523348,7934444.23246756,44618430.23643772,18890229.61734934,20773839.333857115,8167138.454166472,14026156.17799985,10492511.455150036,10217794.657508153,3570856.7560378285,3948282.707720637,4058019.5319102784,3702955.8391268114,58012839.74297457,176200735.7979863,95295798.01243895,99378603.36222866,-2232922.043566815,140635104.7525898,37915360.21477005,47770887.33508799,-251196522.51462585,797422540.1338594,65805327.47510069,115820149.41234401,92.92533333333333,454.7613333333333,202.3735,219.56793333333331,2.332525195118727,2.2375930923963265,2.2639009521917606,2.2992989591658866,67.22712363421184,71.81210961215355,69.93128877948969,68.83186872649144,566970071.7825583,2913367455.7417383,1282704205.6770747,1388209156.1682713,789.3363650870626,5201.811968239564,1983.958800339776,2333.702826190438,214.50402920911037,684.8301517949205,387.8550552171575,379.11817211414393,7737110.141195795,43317977.24437783,18394239.9172644,20190413.62730951
35,10054.850630057383,53962.52583607159,23182.006845150074,25422.53695216235,9152.740083048679,50197.96010205559,21271.483874854886,23518.567089701097,902.1105470087055,3764.56573401599,1910.522970295188,1903.9698624612552,53643125.158202656,308961788.33345383,128910013.53497145,143004657.26954058,6535719.285634018,36767797.47845553,15352984.59657359,17116946.653121546,60178844.44383667,345729585.81190944,144262998.13154504,160121603.92266214,10720633.054509766,54128346.76097833,23604141.322115276,25913332.85177376,2466542.5476592854,12659238.849512314,5562439.320657118,6033986.253307845,16183714.345769852,24403562.026270986,19359628.062936366,19060661.033945248,902418.5555298486,1971864.8056991864,1215986.237411283,1276724.7430891169,7384541.492520538,10539519.660720488,8616616.626069073,8488783.85139052,8572638.521665832,48872323.27869755,20497144.26106483,22677528.186626934,8386398.01804167,14473780.953415465,10793429.459829198,10516982.045422498,4596698.832928145,4381590.1032511005,4385503.017374861,4521410.77754118,62412621.077878825,189487705.8209839,101665027.65059684,106888900.7379656,-2233776.6340421545,156241879.99092555,42597970.48094818,53232703.18469653,-253430299.14866805,953664420.1247848,108403297.95604888,169052852.5970404,96.78566666666667,479.71566666666666,211.774,230.81116666666665,2.2779476952860294,2.185006205596286,2.2115455590694437,2.2454181738946195,68.01662901777645,72.6242392142488,70.75186645677833,69.62929258654178,613684488.0736824,3188599018.5188575,1394299754.0076075,1514904573.7294936,822.6034670186808,5387.788784444547,2061.882107933927,2420.418328117734,222.17290904831592,703.193712703837,400.3911348249638,390.5301903277483,8366987.654911163,47525376.08258641,19981673.734081354,22072423.604597498
36,10704.539568966175,58049.85643413496,24745.914859596178,27275.400471775247,9682.380751589699,53681.710501176836,22555.790334185825,25082.146163945195,1022.1588173764786,4368.145932958129,2190.1245254103555,2193.254307830056,57490290.22985136,334493224.2607341,138524107.82475543,154441317.14066032,7275396.720263883,41308228.87325981,17146733.408633083,19186887.973812457,64765686.95011523,375801453.1339939,155670841.23338854,173628205.11447278,11302079.373546064,57771413.92798531,24966766.817304358,27566346.467599798,2513034.270072695,13032277.373983093,5683682.930592392,6194769.356441334,16997761.840800513,25758745.814824037,20349273.685641225,20064106.231708746,919040.3928370018,2072297.79315275,1254601.300750778,1322680.4829475135,8325100.9170337105,12062662.668683128,9742781.327720402,9633247.530111007,9240859.931694314,53258513.34576906,22171882.399369556,24647038.626620475,8601861.406404141,14914114.097446913,11088338.082816022,10811149.84826911,4939393.701649496,5128958.189758113,4835249.35249337,5005741.272487512,66282075.85955783,203626821.12039253,108324801.57959396,114352736.70084998,-1516388.90944259,172174632.01360136,47346039.653794564,59275468.41362279,-254946688.0581106,1125839052.1383862,155749337.6098434,228328321.01066324,100.71366666666667,504.53633333333335,220.9505,242.0516,2.227593003377819,2.1355092765429498,2.1624268300547183,2.1953636989856147,68.79804256168303,73.43446890293085,71.56343310564453,70.42079178111976,663120091.1131366,3480857557.4640584,1511613690.9399211,1649328204.3359592,856.1330604752494,5596.301895930657,2129.730718551205,2515.192152884642,229.9639294704665,719.9314245776876,412.24983719643456,401.4525527579939,9026826.6665755,51859437.87178641,21639449.719731756,24018240.58839932
37,11373.161761376508,62156.739318349384,26377.121048580768,29147.41390631701,10219.287711790974,57121.915372053205,23879.87874526607,26635.207392882752,1153.8740495855345,5034.823946296166,2497.2423033146997,2512.206513434255,61506016.28008146,360511400.64625555,148677049.9007725,166157900.80824238,8037997.110718267,45969331.83574788,19009059.04158667,21313964.26447863,69544013.39079972,406480732.4820034,167686108.94235918,187471865.072721,11903909.750585321,61441183.80371559,26395158.579696227,29241955.66918091,2552351.5718323244,13345593.084115667,5789934.603529719,6329986.101131493,17849484.95706001,27067042.01924339,21398548.222540524,21075629.928824194,936184.3198282465,2173139.9246611786,1295014.4048663706,1369118.7815197727,9371125.531665066,13480475.243004832,10987641.276198914,10809397.930633985,9937307.766848573,57810112.48160442,23910375.58458061,26692789.41701312,8816063.35644159,15338605.077298263,11381652.800516123,11098952.958741425,5749087.977833926,4784228.74231305,5701357.401495889,5411387.245401619,70812402.77823476,216671179.03836936,115726255.95774409,121862974.46928188,-1268389.3874350307,189809553.44363403,51959852.98461512,65608890.60343914,-256215077.44554564,1315648605.5820205,207709190.59445855,293937211.6141025,104.695,528.699,230.3455,253.09639999999996,2.1807761280555282,2.0889964764909226,2.1156141633853744,2.148653250007916,69.56772821213374,74.23776998649396,72.36346903982432,71.20224283315983,715579404.9101782,3784188213.950637,1635997576.703484,1789592488.0743387,889.818897325146,5759.578046021355,2238.99759828934,2594.234599368819,237.2184274265655,735.2503960452524,423.3954846662014,411.5296164431059,9714853.042517286,56370217.970099084,23350626.185008276,26044230.767170914
38,12061.289727812808,66319.65497174705,28060.56374337591,31051.71756318979,10764.017090229214,60551.78727167412,25221.86089174517,28189.73665373493,1297.2726375835941,5767.867700072948,2838.7028516307414,2861.9809094548677,65695110.174693674,387300842.06497085,159311085.8041435,178257116.33629066,8816288.292334838,50742596.052910484,20943059.200366974,23490496.008536313,74511398.46702851,438043438.11788136,180254145.00451046,201747612.344827,12523092.744479178,65181468.98850871,27881949.59136937,30953524.429889515,2584496.6075984584,13604254.261206904,5885850.900843802,6441411.786361415,18690945.804596126,28393670.342412584,22443267.9751277,22086899.392831884,953537.7267206643,2275660.428529275,1336599.9980081005,1416280.672353678,10370755.662976043,14868062.474280523,12162435.881394837,11944813.046932612,10663319.182777166,62457046.81039242,25736480.72347445,28791123.852442503,9027132.824542796,15750618.229529727,11673801.02121774,11380352.716288222,5119518.824582675,5446413.665061388,5468836.104944038,5233932.018750224,73893918.81352928,230853569.70473388,122118429.53616229,128829796.6254509,617479.6534992295,207189868.41314745,58135715.4683482,72917815.71937609,-255597597.7920464,1522838473.9951677,265844906.06280676,366855027.33347857,108.699,552.6593333333333,239.96,264.08511666666664,2.1355953560981735,2.045527131056186,2.072621155958626,2.104071477333478,70.31845524882502,75.0326451294079,73.16091234055551,71.96842170702902,770591310.6236017,4100184620.9854975,1769243957.701142,1935948969.2502651,926.8686966288304,5939.747752367635,2334.2575284822656,2681.3763661374123,245.08683754292642,750.1283579920909,434.86943238702474,421.85136970013394,10431602.00861996,60972109.87230051,25152916.341353882,28120779.760908153
39,12768.72920950332,70522.23744058833,29717.296127214744,32982.457090383075,11314.490206249242,63955.14214057687,26508.588188105692,29738.71838326391,1454.23900325408,6567.095300011463,3208.707939109055,3243.7387071191642,70060368.1357811,414733658.00895476,169990308.00864595,190696019.59139186,9624222.794091912,55598469.89035711,22875495.200869907,25715209.27778473,79684590.929873,470332127.8993118,192865803.20951587,216411228.86917657,13162182.026676076,68979698.92665656,29346732.007237576,32698312.941669244,2611888.5126041425,13810370.203668436,5945574.295360107,6531357.104476646,19522478.86095877,29710864.523769323,23442604.462192927,23088413.84294246,971613.7684641895,2380166.8568257918,1377892.1477170915,1464607.3493907503,11390139.36698916,16262647.493328838,13365189.671929227,13095517.211208047,11416435.165918108,67237177.51498331,27629426.253406856,30953694.98809093,9237576.433452388,16147445.049462827,11951148.539593827,11656030.449056042,5177549.408898222,5089001.339740035,4273474.530098867,5146557.584692856,77725988.63359787,244176343.52283096,127527591.6036785,135983612.84482944,1958602.2962751326,226155784.37648088,65338211.60583739,80427616.02434714,-253638995.4957713,1748994258.3716486,331183117.66864413,447282643.35782564,112.72266666666667,576.1163333333334,249.05,274.91044999999997,2.0929032422615346,2.0043047194964987,2.0319291863459847,2.0618937592937723,71.06629280716382,75.83020273743318,73.95513277358292,72.73366128275809,828805490.8110863,4428751136.147728,1905243480.755644,2088786466.6789107,958.9015834553228,6122.647189204475,2365.2180109211495,2766.212545467526,252.9980860861806,763.3718322395899,446.03411056264844,431.6288972398738,11176709.770054277,65706515.71768219,27038121.750676572,30262141.851724047
40,13493.8580550515,74773.62531655864,31418.400759264263,34941.776596578995,11872.218262798488,67330.84878297686,27806.247864620338,31282.738944860914,1621.6397922530118,7442.776533581781,3612.152894643926,3659.037651718081,74584446.19805981,442934865.9126185,181100002.9078078,203507093.09815535,10446722.143660473,60541944.71904095,24862382.37752324,27980050.04504364,85031168.34172028,503476810.6316595,205962385.28533104,231487143.143199,13832398.952616531,72829105.41246682,30865257.391424365,34481246.213564135,2632132.4163063113,13967385.24000767,5997088.194021549,6599470.904601787,20353492.030848693,30986184.056818817,24456035.08089055,24074934.239938237,990074.9994883938,2485253.485766729,1419928.120106422,1513387.469685811,12304979.886043292,17645233.474887248,14599623.36879802,14174068.642138677,12201840.65207286,72121090.55871765,29541404.513706032,33173578.119398534,9445476.649438193,16539412.898671642,12224650.686660493,11928354.3366699,4642722.119220649,4366342.219012572,4807814.438142675,4545989.154147822,80923500.96262074,257229294.70320353,134798168.43484914,142630528.77182472,4107667.379099547,246247515.92845592,71164216.8504819,88856614.37137426,-249531328.1166717,1995241774.3001044,402347334.51912606,536139257.7291999,116.86166666666666,599.127,258.233,285.6545333333333,2.0536635370697485,1.9654166261607442,1.9931004676851312,2.022777118251597,71.7943900034348,76.62697266374788,74.75136209937234,73.48579393454438,889301686.9492735,4772089141.28624,2048580105.8780038,2248277295.9672117,996.6080503676501,6285.0854952835,2446.1361291146113,2847.575156088197,260.83162537903314,775.9561449696955,457.10065935761105,441.12520723576495,11952688.639480952,70549819.18489677,28929870.48142738,32461684.330376487
41,14236.995016097317,79020.94296822375,33183.241606071264,36911.37679934157,12434.733286785227,70637.80946137576,29139.05819828539,32805.80994789191,1802.2617293120913,8383.133506848006,4044.183407785872,4105.566851449661,79281711.19604786,471553394.66826725,192734312.25210118,216576800.41132462,11287407.794528455,65558538.45115236,26905754.111994766,30282303.52434682,90569118.99057633,537111933.1194196,219640066.36409596,246859103.93567145,14510462.370298384,76688028.01432684,32454247.77652279,36272610.34570834,2646377.8247873955,14064699.20279654,6038296.6939418055,6642790.307090595,21155531.10948404,32314184.098207306,25431037.772517774,25061059.65553718,1009110.3562672304,2590686.341300646,1463704.5118748315,1562661.9510289258,13168312.013008183,19082412.684030708,15766257.832166279,15238247.247866068,13012424.32793304,77126696.66370961,31533889.966843616,35452419.64545484,9652297.26507902,16916445.419567157,12501512.512546483,12194749.119149867,4118766.8000609144,3881126.073894374,4261042.618445452,4035592.5459026257,84088321.83296792,270705685.41716594,141057718.24426872,149404399.0874372,6480797.157608391,266406247.70225367,78582348.11982727,97454704.84823424,-243050530.95906338,2261648022.002358,480929682.63895327,633593962.5774341,120.93866666666666,621.4043333333333,267.6655,296.10164999999995,2.015517756944347,1.9288180278297247,1.9566100405435138,1.9851728517542293,72.51328781351991,77.41987492366832,75.53559568985337,74.23059330207185,952870233.5106847,5126816534.154219,2199418464.509486,2413751438.7359214,1030.9963066999844,6420.700275842783,2558.128696175844,2917.3926958999637,268.92865691439397,787.8114449203296,467.9879076743003,450.5376327164714,12754675.251258044,75521521.59474893,30894357.79279966,34723071.47147985
42,14993.722257228126,83284.6653968161,34958.176536927145,38895.552356083914,12996.63577903056,73893.61125799414,30447.206777846375,34310.577196667815,1997.0864781975658,9391.054138821966,4510.969759080781,4584.975159416106,84136836.54910554,500743378.70651025,204647432.93902594,229949126.3041972,12147955.476689095,70654985.19552706,29008517.55401807,32625415.878282383,96284792.02579464,571398363.9020373,233655950.49304405,262574542.18247956,15213810.253140016,80625407.78372614,34074338.88411504,38107869.38884516,2653495.6450669384,14115368.260349888,6064419.9053328745,6665151.06041597,21972799.598532952,33567057.19286424,26450288.223291695,26030789.756548904,1028315.7090054062,2696937.1104078665,1507564.3320271045,1612333.1994962674,14076449.659414185,20367622.660591025,16983598.018632025,16278360.209826078,13850857.34041378,82210878.0883441,33598844.76379673,37776864.60218939,9856258.854355518,17279807.637643002,12770619.483510267,12454500.928506136,3575766.780864249,3581773.9186694045,3868500.732611185,3577869.279096053,87347105.30946392,284276062.39483637,147665495.4536198,156272240.28934425,8937686.716330726,287122301.50720096,85990455.03942418,106302301.8931353,-234112844.2427326,2548770323.509559,566920137.6783774,739896264.4705694,125.07633333333334,643.4486666666667,277.0065,306.50665,1.9799596905833488,1.894440347635509,1.9222672428952279,1.9500279205516047,73.23514280555065,78.21881410436258,76.33017333502362,74.97942776013483,1019511896.8330964,5493484573.030449,2357172017.460301,2585402333.5021696,1061.9579673093267,6576.352481724637,2611.3392367293777,2991.9960473546853,277.06203397914334,798.3019555196626,478.6462085983908,459.49600651832503,13585367.84858645,80566789.96791293,32946009.95461439,37028865.59035072
43,15774.727802174793,87515.78578353446,36731.421601653354,40884.098095650676,13569.140803297905,77036.48688666508,31726.387677278082,35782.71193247642,2205.586998876891,10479.298896869392,5005.033924375261,5101.386163174266,89203669.4352262,530285434.1821372,216758872.75389338,243582287.09664506,13031884.039746255,75823955.19622298,31137108.957044456,35009108.944513105,102235553.47497246,606109389.3783602,247895981.7109378,278591396.04115814,15947118.148685966,84544865.081388,35697333.64175493,39956329.57513168,2655546.0032689567,14114920.380493948,6065325.889737024,6666327.035297704,22770221.680909332,34810950.64238126,27390751.23238211,26984476.817424506,1048195.1244717928,2800746.083464044,1551233.213001966,1661587.9601190807,14901247.752696037,21666447.77660702,17907990.457459792,17269067.76106488,14718159.60201224,87376239.7646406,35712707.40473245,40148487.658932164,10059543.472910043,17629347.94045476,13029089.909169514,12708975.036550693,3018732.133114879,3173900.013543721,2860227.104332485,3073040.8912649737,90555516.39393958,297760528.2659995,153312032.23484686,163077270.54916054,11680037.081032878,308348861.11236066,94583949.47609097,115514125.4919976,-222432807.16169974,2857119184.62192,661504087.1544685,855410389.9625671,129.283,664.5826666666667,286.015,316.6378833333333,1.9463506861355508,1.8619870802118954,1.8897700229229792,1.9168234240622715,73.95730625506883,79.03135635733045,77.12485386961757,75.7332237908604,1089329919.7332325,5871655866.814479,2519891586.3421483,2763144001.2116685,1101.7631925721762,6665.940717340055,2657.259323103416,3049.2253262409336,285.50658518467003,808.3871648122964,489.98637052934004,468.51478805433925,14442718.803869197,85709754.58530559,35048392.5739566,39386181.32737193
44,16585.812155817155,91757.55802974862,38531.18794912839,42895.92321169317,14156.721702870409,80123.15975099934,32993.38863903785,37244.97501971554,2429.0904529467457,11634.39827874927,5537.799310090548,5650.948191977629,94516718.52162153,560399426.8676745,229273725.72904924,257575666.44274002,13946122.027232101,81090665.43084952,33317356.80285741,37446712.2184982,108462840.54885362,641490092.2985241,262591082.5319066,295022378.6612383,16711860.935259702,88552216.95844072,37368050.03119751,41855985.543373056,2654308.839141176,14076680.90249008,6052726.04941765,6652139.061313292,23556395.136437602,35929216.03049467,28306001.891718637,27886882.449357577,1068834.8171791357,2905356.853444211,1595118.9301396022,1711617.5298719122,15618730.901229408,22698702.6087251,18898945.8492652,18096720.9988529,15622012.903566543,92620684.26272167,37866272.413739465,42571547.87927084,10264584.733076645,17968577.080615025,13286401.337281238,12960982.054715078,2512650.9224961703,1702351.0481486905,2105548.976887129,2229045.9664745526,93777075.6031702,309944121.52947694,159350814.4159447,169435541.67737755,14685764.945683405,331545970.7690471,103240268.11596191,125586836.98386069,-207747042.21601635,3188665155.390967,764744355.2704304,980997226.9464278,133.618,685.3643333333333,295.08,326.7292166666666,1.9144921048949017,1.8312591223753938,1.8589536757802834,1.8853605610130741,74.6728683191681,79.85284975932855,77.93270252879091,76.48586182322427,1163034184.0447705,6260790221.672847,2688989056.127722,2947248797.214597,1146.7195292826889,6817.103423870638,2727.5006283951643,3131.3538923884707,294.22698236661677,816.4782371831249,500.75344880138766,477.01492155239464,15335333.02124587,90916408.40675403,37184397.25664068,41788709.40617373
45,17404.95531634939,95968.23572158923,40357.88466811412,44902.10345818333,14737.950827862514,83100.27829965187,34245.61034364814,38664.765442988784,2667.004488486877,12867.957421937357,6112.274324465977,6237.338015194545,99969276.74743927,590945404.2544705,242193451.16846704,271810921.37490016,14886935.423185715,86437682.06257625,35568660.46704428,39929696.7469724,114856212.170625,677383086.3170468,277762111.63551134,311740618.1218726,17493031.420387845,92579743.01460333,39099433.536507644,43773380.47836326,2647845.5767328544,13994897.197257,6027907.904225205,6619313.643916305,24330592.38333374,37028495.7383748,29246231.91643224,28774858.55759811,1089728.1644798664,3008930.479972559,1640122.07511595,1761448.9749023088,16342210.912048986,23732099.729137003,19820439.559604086,18928671.99802979,16562577.565342674,97952518.41106392,40090884.249009825,45049056.86134511,10464574.81513092,18300564.893622234,13538122.747207595,13207171.342602879,2222033.5305902106,1820449.4875363486,2288086.5000465508,2081479.115521359,97260806.14349835,323784007.64367104,166425152.39082786,176543926.66855878,17595406.027126625,353599078.67337567,111336959.24468347,135196691.45331377,-190151636.18888974,3542264234.0643425,876081314.5151137,1116193918.3997414,137.93966666666665,705.4976666666666,304.2255,336.5849666666666,1.884274538234154,1.8023025588089852,1.8298635704733883,1.855584345435345,75.39394352456159,80.68758010271723,78.76124508548246,77.24671632691607,1239521658.5523448,6661138209.454675,2866337462.6669784,3137087451.3681602,1172.605932058529,6916.018265141256,2808.8874768953224,3182.8002486374835,303.0586896718473,823.6001124671549,511.5611681486971,485.24818765020495,16269426.082328044,96223513.84477861,39388662.37978599,44253356.79918574
46,18242.502945813387,100173.30164381753,42225.8914160841,46918.282490114834,15322.322080132666,85998.64709478153,35511.13251839621,40059.03583525977,2920.1808656807193,14174.654549036,6714.758897687892,6859.246654855067,105616473.45806575,621975853.0118881,255546013.01197067,286342256.3019036,15864984.408556826,91902647.7921769,37887179.35231645,42478166.59282385,121481457.86662258,713878500.8040651,293433192.36428714,328820422.89472747,18306150.958210856,96680369.85620172,40882738.973765865,45737127.57250766,2637708.1990852165,13896123.076460881,5993573.682456353,6578153.406166699,25095792.898032572,38096532.44801089,30208100.174783453,29646051.740524985,1111053.9540576988,3113022.9287687205,1686582.1818235451,1811743.0952065564,17026621.910756856,24643035.435329482,20796818.015369028,19692366.644357275,17531545.784774262,103357774.63578422,42387466.37928476,47570725.88262775,10662388.206200138,18620970.935356665,13785385.887607204,13447892.161404923,1571383.4829557897,1377804.662035915,1999792.234949057,1503630.8956338335,100403456.533868,337061346.8789259,173240953.63735187,183233718.15463826,21078001.33275459,376817153.9251392,120192238.72693525,145586704.7400892,-169073634.8561351,3919081387.989482,996273553.2420491,1261780623.1398306,142.32833333333335,725.2703333333334,313.425,346.35803333333337,1.8556563708035898,1.7747109519746291,1.8020612140401442,1.8273254742134535,76.13185395933311,81.5356116312512,79.58084247754395,78.02316914450445,1319458512.2680366,7074341405.12136,3050732390.1597056,3333667524.7667,1212.4558367220588,7001.24675290884,2892.5985358322664,3238.532657387432,311.9461198206079,829.191193188112,521.7885159873717,492.9818954992343,17228431.825593743,101607462.947557,41664316.74532669,46761092.71828088
47,19098.68171442929,104278.7450748415,44119.73739151523,48911.70389057356,15909.466018258947,88748.60168337286,36762.300942555565,41403.16350104882,3189.2156961703427,15530.143391468644,7357.436448959662,7508.540389524747,111467136.8285175,652850576.8884274,269318962.1441402,300951340.84948593,16876350.041419137,97375753.6138701,40276876.1168401,45051141.29177698,128343486.86993665,750226330.5022975,309595838.2609803,346002482.14126295,19140059.32737972,100720343.19464867,42711612.688527316,47693158.68092385,2623946.8555096183,13744784.513187354,5950462.212194985,6516240.035696825,25839368.400950227,39133558.12356394,31075773.88260012,30492334.803865023,1132794.6386801638,3214234.5476765325,1733234.5988551883,1861298.6068288928,17649916.95343652,25520989.720852327,21642639.77910673,20404792.42203205,18534664.403298724,108851585.00650822,44759854.74272209,50145586.614422046,10859133.56358784,18921642.87063128,14028592.03744936,13681011.821053043,1175777.9618247335,941670.0813831192,1215626.552909412,1093840.2036701685,103781724.5736398,350223529.1675217,179470412.65706542,190036356.18149847,24561762.296296865,400002801.33477575,130125425.60391484,155966125.95976445,-144511872.55983827,4319084189.324258,1126398978.845964,1417746749.0995953,146.74233333333333,743.8503333333333,322.634,355.7301333333333,1.828349009673961,1.7484962040402237,1.7759962838159686,1.8004005277021529,76.87205173833618,82.39050144154821,80.42218428599058,78.8035091344604,1402812401.1618173,7490918792.102069,3242619131.9191113,3533649637.9909053,1249.7828932213513,7079.239543593829,2979.503552316072,3290.0927208517182,321.0583255550197,833.3017422629569,531.8645897704763,500.34352140279765,18222218.679993387,107081775.12060976,44014978.85464307,49323063.43420911
48,19976.524208708917,108387.58076259887,46035.28546494805,50920.39400257039,16499.492725031803,91437.28001531806,37995.416502919936,42727.71827663199,3477.0314836771126,16950.300747280806,8039.868962028111,8192.675725938405,117549639.18452437,684319607.903709,283471615.80269456,315919128.23623896,17935027.331831295,102986997.66835979,42756842.69863008,47703216.94961626,135484666.51635566,787306605.5720687,326228458.5013247,363622345.1858552,20002249.6887492,104794231.62682395,44598850.326293975,49679443.36707536,2606875.812643807,13573639.186463399,5897199.543096312,6445242.993480664,26561423.859189138,40156082.88584511,31922185.18986688,31319554.51851873,1155146.8021852514,3315697.5550352638,1780428.4019415393,1911339.5656827558,18256309.72791023,26361187.860571224,22358927.134481214,21093017.07434158,19573371.35216819,114329588.74978857,47198467.652923994,52738047.44133532,11054703.392760217,19217990.092291918,14269616.188551182,13911853.737596313,736280.6473862508,579633.793025554,642620.2412903986,681454.248360007,107152445.46103919,363442151.9616217,185898684.0499508,196853842.73624307,28332221.055316508,423864453.6104471,140329774.45137388,166768502.4496122,-116179651.50452174,4742948642.934705,1266728753.297338,1584515251.5492074,151.22033333333334,761.9276666666667,331.854,364.96790000000004,1.80259080579101,1.7231973289314653,1.7511500179619401,1.7748030888901694,77.63216055240598,83.25555540801712,81.27566956176105,79.60034875186987,1490225462.268308,7918264742.679298,3441667373.813663,3740039210.412154,1287.3932867107733,7182.5566977758535,3036.3676551078665,3350.7004805835513,330.2568270046411,836.9882506969999,542.2667262398594,507.61282529696666,19251523.0304905,112533949.5753446,46439375.73914704,51900372.32118943
49,20867.346247898025,112420.81753237259,47940.208930518136,52911.06119746412,17089.644513763968,93989.18563485781,39181.78431848505,44004.483906146816,3777.7017341340584,18431.631897514788,8758.424612033086,8906.577291317313,123794151.53672157,715871609.1120582,297830503.5781202,331021261.6880894,19024217.977145456,108666756.1977769,45300538.81150658,50399106.35436647,142818369.51386702,824538365.309835,343131042.3896267,381420368.04245573,20892187.672656983,108881527.30280277,46486173.1634302,51688456.543208,2587364.6672258815,13372831.826265233,5835304.153724733,6362278.172889654,27270966.15495295,41131895.408370785,32708018.281212937,32122291.39364919,1178020.0114535813,3415766.4538318673,1828227.5983928947,1961231.2662859813,18774739.82568085,27075071.760979928,22952374.13268896,21679856.003035527,20652261.57786101,119898594.56941853,49705111.6673042,55388478.124906145,11247217.02623177,19499112.056210347,14500642.17544691,14135380.286724271,588962.2325381875,468258.12176628225,368402.7532302313,546715.7937680207,110787894.16063017,376802693.65309393,192504604.00218967,203893073.98299247,32030475.353236888,447735671.6567412,150626438.38743708,177527294.05946338,-84149176.15128484,5190684314.591446,1417355191.6847749,1762042545.608671,155.70966666666666,779.3243333333334,340.806,373.97479999999996,1.7777126376034127,1.6993192839115794,1.7273828399679565,1.750274963811271,78.39055466582225,84.136603635445,82.14589678437589,80.40167180519022,1580520159.0268679,8353202109.020169,3646032438.1438203,3950958841.5245233,1318.246401630638,7210.414934432804,3083.3715684220138,3380.5053881113963,339.8781208763919,839.0484138044922,552.0170070728967,514.587723401227,20322699.97745335,118095990.83581032,48934268.7751987,54543351.777878284
50,21780.420770424465,116408.7202261072,49841.17122395869,54900.32557991342,17685.86131173695,96445.89985827637,40340.47824385414,45251.87480302575,4094.559458687516,19962.820367830853,9500.69298010455,9648.450776887683,130274717.18006746,747598016.510164,312398788.70472366,346337871.9456012,20153764.156376954,114478600.7483512,47888865.48510923,53167456.96356794,150428481.3364444,862076617.2585151,360287654.1898328,399505328.90916914,21818526.99384927,113039177.4014327,48414827.7703396,53745754.63650347,2565255.519376703,13157671.556325959,5762549.069610654,6272601.132308943,27950560.503148917,42036610.75868854,33460072.534875672,32880678.092587784,1201355.0272790154,3514726.6967968214,1875494.9147843635,2011035.1116102473,19203646.894668844,27683926.941701595,23468928.063071743,22171744.91113031,21763019.844884295,125508152.05758284,52253171.06134584,58073816.11932879,11439232.662835103,19773039.238292597,14728281.116091305,14356064.964245226,155098.7804137485,135844.14287289034,93603.48236652055,148359.65727444814,114097826.66670667,389874488.6712749,199081497.90466243,210619658.36830553,36330654.669737786,472202128.58724034,161206156.2851704,188885670.54086366,-47818521.48154708,5662886443.178685,1578561347.9699454,1950928216.1495342,160.294,796.2933333333333,349.623,382.89376666666664,1.7538705385077749,1.6769826397917507,1.7048557171299832,1.7269597739571663,79.15566943417487,85.02047737615426,83.01162955334058,81.20835221386766,1674179862.863415,8795166594.905334,3854804939.217666,4166525219.078087,1361.0576712169711,7309.58904443046,3134.058811607353,3443.043651841692,349.49544361462296,840.1950677099278,561.3687289705209,521.2403120479796,21422755.427080054,123680754.79647525,51469656.358444005,57213055.20636837
51,22701.0533469113,120361.1994942356,51735.31307902959,56882.1044984748,18273.255945332923,98816.40860107879,41472.10625549722,46463.359374843974,4427.79740157837,21544.790893156824,10263.206823532366,10418.745123630828,136906327.9905696,779664078.8594378,327122948.96045506,361871540.79467344,21323778.560755324,120347638.00117761,50513233.49639658,55982129.36490312,158230106.5513249,900011716.8606154,377636182.45685166,417853670.15957654,22777588.842381902,117262171.25663006,50349055.47575728,55847192.68736876,2539727.5215122765,12927986.325717855,5682820.2268869495,6175618.102984228,28624505.87673372,42954387.95165667,34211598.23232715,33639964.60295676,1224813.2716526985,3612811.782514951,1922350.2751483256,2060612.7504544868,19614050.879842848,28255381.091655217,23970412.28523159,22638516.453977175,22911259.765877716,131154162.69346261,54838155.529149175,60796275.790532425,11627651.150298055,20040241.408796728,14946943.282429963,14572057.74077259,166450.88645578403,97710.13752720741,125874.18960741302,142391.62433078222,117902817.19477679,403312499.38697106,205987354.1653908,217796205.96204478,40327289.35654811,496699217.4736444,171648828.29146093,200057464.1975318,-7491232.124998973,6159585660.65233,1750210176.2614062,2150985680.347066,164.93166666666667,812.947,358.1165,391.73703333333333,1.7320786973419144,1.6556693485674467,1.6826716879483175,1.7053354252708508,79.92906843550695,85.90695316541206,83.88250365980441,82.02132809097374,1771026700.3276992,9244215553.081333,4067302021.8954825,4386642798.7914715,1387.950261644206,7370.680418741376,3180.0296026970227,3481.9058166282157,359.1581883545405,840.2879510496497,570.108999178827,527.5536052978287,22564272.20046666,129311492.58877726,54043148.12847492,59925799.33637536
52,23641.974660664004,124227.48393092147,53638.996963979924,58846.902905254115,18866.08739898191,101026.6206594489,42578.84749698427,47622.274040145356,4775.887261682093,23200.863271472583,11060.149466995656,11224.628865108763,143746764.27929688,811797208.9130374,342204907.29711825,377564419.90110606,22535713.948303495,126370584.86247458,53223365.02285557,58877918.76826337,166282478.22760034,938167793.7755119,395428272.31997377,436442338.66936934,23770099.296226177,121431049.36632764,52323716.866001114,57951431.82076169,2512280.9678324484,12683644.355414342,5597235.254235594,6072258.153486111,29294696.241229407,43865161.652828515,34975597.34719302,34394359.135289095,1248712.1493904213,3707464.2230921276,1969396.4026678926,2109275.3751860186,20021502.132457513,28818071.732259907,24464867.73568122,23100301.492388353,24091974.11309556,136859282.76840976,57449794.44921939,63560532.142455526,11814428.443673696,20292160.684999112,15161751.482843192,14781634.728137592,106270.44519456443,91322.23669143255,114259.56644962936,101038.57221846827,121705658.33476219,416751515.49952704,212934483.8332886,224971708.34242988,44576819.89283817,521416278.2759849,182493788.4866852,211470630.32693952,37085587.76783919,6681001938.928315,1932703964.7480912,2362456310.674006,169.62833333333333,828.5773333333333,366.5255,400.2604833333333,1.7109284241904776,1.6351738540910676,1.6617140158493302,1.684414324655684,80.70374686002695,86.8146894489583,84.76479154245663,82.84257676615293,1871243434.0127115,9702013969.02807,4285656136.6448655,4612013121.268087,1429.8325215872956,7430.1009572698,3217.468322766552,3529.926474076172,368.6177447734952,839.6397933846159,578.3945230885145,533.4754617873875,23734515.982698735,135001757.5290923,56645427.36852775,62678050.52393648
53,24590.556768820297,128001.4382710018,55566.99743355841,60784.36529458382,19452.008661316235,103115.34919797738,43683.18238394608,48734.177849147636,5138.548107504058,24886.089073024403,11883.815049612333,12050.187445436179,150743873.55270293,843793340.1741306,357648942.0304436,393311186.8702026,23784846.72534258,132365067.10949853,56014757.10084372,61787923.859797165,174528720.2780455,976158407.283629,413663699.13128734,455099110.72999966,24771717.390443612,125626099.58684717,54388125.2192429,60070751.15918486,2482370.0262364424,12417985.204498304,5507947.6566520175,5959835.338628094,29980865.585355937,44765083.212769866,35739116.36386362,35155341.75495081,1272669.987799191,3800023.802814816,2017930.461259564,2157243.8230546596,20424445.408334758,29365956.378805492,24945887.605196647,23553974.24799951,25305871.96082949,142591666.1451317,60143962.160332434,66355899.92533526,11998377.42387632,20534549.71584319,15374115.596084893,14986037.726064723,113200.42532397827,105098.25984464407,121382.5921631919,110364.6674062113,125634804.66522522,430197658.89121467,220077030.303652,232231803.6443215,48893915.61282028,545960748.3924143,193586668.82763535,222867307.0856782,85979503.38065948,7226962687.320729,2126290633.5757265,2585323617.7596836,174.236,843.6723333333333,375.2145,408.53871666666663,1.6904837576338374,1.6162277979424349,1.6422307606999276,1.6644941717418464,81.48100793854603,87.7188530921835,85.64304523515456,83.66425374231915,1974535175.4531987,10160211207.313442,4510727857.377703,4839521786.604284,1454.0009067577357,7465.988315219668,3318.885249345472,3558.196499719412,377.83871017220196,838.6784564795441,585.8290317178746,539.1326213797716,24942371.73414005,140725169.0663268,59314240.84799607,65466350.80040541
54,25559.418926345224,131704.3132638321,57511.00111472793,62710.131944465626,20040.379106554996,105068.89707310227,44763.037629378,49800.360394846546,5519.03981979023,26635.416190729826,12747.96348534993,12909.771549619087,157979844.10821712,875935206.9221027,373444491.3842304,409264221.09307706,25073062.452961467,138502707.2167563,58889333.77164127,64773438.12028966,183052906.56117862,1014437914.138859,432333825.15587157,474037659.21336675,25819561.510757018,129831485.85818271,56473880.8465061,62223735.03235601,2450723.127043101,12142203.746944789,5412745.338007354,5842741.344008692,30674336.252686705,45668119.155930795,36513060.25245119,35922160.26882213,1297459.547777705,3891659.9298898987,2065814.908114485,2205429.6815169724,20823353.62131241,29905446.593982358,25424788.625998303,24002086.16174689,26553111.14217922,148299770.47071272,62891518.65679292,69164441.90716594,12178993.102838581,20767983.745276157,15582949.366571875,15185139.827691734,84039.8229007774,75507.06896069842,86202.24596458474,81053.35902174975,129620237.12097824,443576477.73620343,227274522.8301425,239504921.33630705,53432669.440200366,570861436.4026556,205059302.32572907,234532737.8770597,139412172.82085985,7797824123.723386,2331349935.901456,2819856355.636744,178.935,858.0343333333333,383.6955,416.61976666666664,1.6708301350168364,1.5976089631024055,1.6236170877042142,1.6452027248467855,82.26848177692628,88.64296798942786,86.53450799253584,84.49955195130184,2081411533.6022854,10627826317.425108,4742083593.16075,5072656707.940273,1495.2124018895902,7504.037512673414,3367.8551483992587,3598.3011906639285,386.8734237047114,837.4598262253469,592.9871846943815,544.5786645869338,26179308.041706827,146423761.09254435,62049554.8696931,68264866.60949996
55,26521.902072296412,135401.42259185965,59451.70612773156,64629.734254143536,20608.030672658275,106987.78933866971,45815.59888626969,50840.94620576227,5913.871399638134,28413.63325318995,13636.107241461874,13788.788048381268,165293246.9452545,908419142.0222601,389470294.33297276,425387310.2222065,26389758.338922307,144720135.48377445,61815106.57355481,67805390.33962056,191683005.28417683,1053139277.5060346,451285400.9065276,493192700.56182706,26864235.408189073,134177036.05521332,58643329.2196303,64423715.63464756,2417151.251020422,11864987.63526978,5317503.869723729,5723893.985507697,31370234.897023987,46580798.503130674,37281004.08137473,36693932.15916133,1322131.9820867993,3983404.9198921435,2113876.7276514964,2253577.5103186695,21217093.599542547,30424894.213043,25896087.600046393,24439823.814267706,27835450.14838724,154070042.7569417,65709170.46431834,72017557.56138131,12356343.031492712,20995915.71631339,15784840.825269835,15380193.471179947,151584.67787813937,115036.66358555893,105683.91939465859,138792.8728757362,133732170.53941044,457233244.8600189,234675443.80122188,246957546.5516234,57950834.74476638,595906032.6460158,216609957.10530573,246235154.01020366,197363007.56562623,8393730156.369401,2547959893.0067616,3066091509.646947,183.50366666666667,872.571,392.3955,424.67723333333333,1.6523537471423255,1.5804857587435648,1.6065822713034474,1.6271999512027593,83.06524706699142,89.5516519151012,87.43117448151705,85.33548876382984,2190341388.0660877,11100605533.60564,4978157562.763957,5308933839.0049305,1510.0566568417912,7617.422544451373,3436.386763750429,3647.6347175051446,395.8461964286606,836.0060894436753,599.4660165796007,549.9021589839158,27457935.98417679,152165687.12082887,64850073.773380734,71105648.882005
56,27522.047923720827,139010.53997207852,61369.30532303215,66543.02014064601,21191.74437993795,108784.60914993139,46815.12811061837,51849.24704943565,6330.303543782878,30225.93082214714,14554.177212413791,14693.773091210369,172940844.3562553,940798940.886961,405638127.80974853,441691178.1420022,27763488.878536124,150949178.9988944,64805797.120821185,70878480.42066152,200704333.23479143,1091748119.8858554,470443924.9305697,512569658.5626638,27982169.640092712,138554878.57339174,60838467.67295691,66682617.76674737,2383612.1513472665,11581554.437316151,5216203.052573723,5602891.951436376,32082421.452776697,47485267.13288354,38074099.86776176,37473417.44081409,1347619.3223025445,4071689.8827929148,2162252.5845576567,2301044.0184741737,21610776.618741084,30927497.321459077,26355419.15431584,24871628.864692383,29144299.88345324,159883669.5039424,68556663.24414958,74903079.25062445,12535926.987620415,21215180.10234465,15981729.9178148,15573665.577773899,91352.75139089664,108632.1179901286,132243.88205784533,97400.52970062781,137855861.54844743,470866338.0178797,242151101.34932405,254409528.31274873,62848471.686344,620881781.8679757,228292823.5812457,258160130.2499151,260211479.2519702,9014611938.237377,2776252716.5880075,3324251639.8968625,188.30633333333333,886.5793333333334,400.822,432.7018833333333,1.634532012598144,1.5641638091092809,1.5902065088132509,1.6099031413770417,83.86649133888795,90.4634198378706,88.33835631283786,86.17541631353188,2304308086.740869,11574582548.453083,5218878679.884152,5548904148.340143,1567.396363306838,7651.111512148842,3455.4124326817755,3696.6966654015396,404.7007171506938,833.7636709444746,605.6398509291353,554.872750978517,28752450.792626526,157970891.6259052,67692810.13597913,73978905.08427405
57,28531.286232088347,142505.36142841494,63308.14399700848,68422.21255080265,21769.82779758202,110450.26354882936,47802.663925214496,52807.980310518586,6761.458434506323,32055.097879585603,15505.480071793965,15614.232240284071,180759682.61335027,972907542.6182272,422181453.4743373,458011433.6150572,29176920.700907115,157146397.45030236,67881638.3414483,73966237.56319545,209936603.3142574,1130053940.0685294,490063091.81578565,531977671.1782526,29114128.7395873,142886233.9778692,63095249.53640818,68934365.57298596,2348110.798731659,11288245.10000754,5115116.69085009,5477157.804178217,32796505.405273337,48395675.84689333,38847950.76221687,38256215.05984034,1373152.3918749676,4157048.9589051655,2210948.796701633,2347516.190335537,21997839.197927233,31423238.68483605,26811201.16614295,25296729.01834532,30503593.81723991,165669523.95454863,71446918.97524299,77811669.36529796,12712255.180912837,21422735.660912335,16175139.562728884,15760923.34891266,126325.68862617308,65945.29817528959,92662.04574496245,105192.55196836387,142140928.42472112,484352479.24945956,249661870.58576313,261914971.21337956,67795674.88953626,645701460.8190699,240401221.2300225,270062699.964873,328007154.1415065,9660313399.056446,3016653937.81803,3594314339.8617353,193.052,899.695,409.238,440.37705000000005,1.6172667950041926,1.5484904205348666,1.5742239312307498,1.5931950639399286,84.66989421906474,91.37122737419436,89.24600144381841,87.01536082336011,2421399423.3228807,12046768102.562021,5466400350.577393,5790278461.05658,1591.7753280847817,7629.223886681333,3521.320942630073,3704.8823235935743,413.3942358191732,831.7482046896491,611.3676641910425,559.8181249238398,30105649.985218715,163762217.9828783,70566588.73958544,76885448.78439957
58,29570.462337667268,145930.85702287382,65238.96667366984,70296.60047748956,22367.10429277877,112033.5423087104,48752.29874152409,53750.357598354836,7203.358044888495,33897.31471416341,16486.66793214575,16546.242879134716,188851659.58370125,1004977111.3876575,438985317.2562466,474495567.7150859,30632497.007005833,163363371.80819476,70994165.89818597,77088303.18742195,219484156.59070712,1168340483.1958523,509979483.15443265,551583870.9025079,30318680.313986853,147228394.5934311,65346182.203399524,71237080.31179233,2313311.567862407,10988017.40675947,5010964.961215749,5349458.6114763785,33509249.367450755,49305453.9006972,39648447.88351507,39037920.95408701,1399408.18629865,4241078.456037717,2259157.6266374122,2393992.780707323,22376557.962343846,31891817.687530562,27259416.163530532,25706898.866159197,31902264.820709024,171421961.59079954,74403446.78713632,80734158.6902407,12889341.889315313,21622134.05692844,16364412.562409952,15945819.147979908,172585.38137726803,88647.77982864813,89232.24947484415,143207.22083525106,146557489.27963483,497832157.8280805,257300237.81069463,269503623.2715908,72926667.31107226,670508325.367772,252679245.34373805,282080247.6309172,400933821.4525788,10330821724.42422,3269333183.1617675,3876394587.492653,198.04666666666665,912.1793333333334,417.3085,447.9931,1.6015066050295879,1.5332881963078104,1.5583475981613575,1.5776301619769657,85.46311358053472,92.27019508162029,90.15366856537024,87.84559210591468,2541803620.964641,12518398919.942076,5717192412.073264,6033611975.606743,1647.0972942817032,7655.482322080439,3575.932059073946,3750.0320540112607,421.88445446163263,829.3339941033886,616.544843853639,564.4917933362472,31490490.497138605,169508091.01027942,73509463.77236784,79796650.67673787
59,30591.046227806568,149285.5239835609,67170.03972497038,72134.11344232058,22926.50689126063,113516.24619953438,49686.492658305746,54632.915649156435,7664.539336545941,35769.27778402654,17483.547066664643,17501.19779316415,196985017.3130039,1037002702.9815727,455982839.4325846,490991207.297003,32110594.790979598,169663039.2434555,74155228.57663901,80253950.34934616,229095612.1039835,1206665742.2250283,530138068.0092236,571245157.6463492,31517946.47098391,151627810.2875243,67660930.7915541,73556398.80677305,2275028.9895938584,10687820.16845876,4903311.09305903,5219505.902196574,34258763.95918383,50217628.2975353,40446908.978728086,39844366.47760685,1425020.0590522222,4323811.158230692,2307810.124815325,2439596.9437646866,22753140.477887757,32347867.05879852,27692796.923258033,26111294.781206526,33335901.17299287,177170209.223683,77401501.19375055,83677908.99073441,13060096.868812114,21815920.58322262,16548886.922117608,16124635.16885579,103254.51131025694,93305.44663577832,172508.1729970789,99772.33867418942,150916790.46754318,511337645.8640018,265116037.74880275,277064089.8563037,78178821.63644035,695328096.3610264,265022030.26042083,294181067.79004544,479112643.08901906,11026149820.785246,3534355213.4221883,4170575655.282698,202.83666666666667,924.2996666666667,425.3565,455.3487166666667,1.5860966357953246,1.5188486991410572,1.5433428703349914,1.5625598579663311,86.26997479659232,93.1660096717147,91.0525376668023,88.68358700288516,2664301893.114465,12995635618.419289,5971664692.367454,6280268696.971153,1653.1107375472507,7676.546977220522,3618.314882342576,3761.3134214328957,430.22942198238957,826.5730306635477,621.1061038025308,568.949685020795,32922623.488606058,175251072.47937784,76496922.4731649,82737580.63537617
60,31626.575956610108,152564.98048098307,69089.31577336077,73955.01754014064,23487.9189872964,114895.15099108421,50587.33527703932,55480.45018862213,8138.656969313708,37669.82948989887,18501.980496321445,18474.56735151851,205317310.44180062,1069033465.6995511,473142266.4877225,507617964.7820133,33633779.2315301,175935928.394383,77366507.67209136,83439531.43852861,238951089.67333072,1244969394.093934,550508774.159814,591057496.2205418,32744928.853386007,156096128.01421544,70015028.87263985,75917848.5596763,2236433.4673471907,10380722.411672086,4793793.362180329,5086934.5978609035,34998142.30262459,51136992.60396763,41245964.89726629,40646739.90809466,1451167.0102443458,4404115.710320037,2355879.4409661284,2484699.0552708376,23122769.653888956,32789953.375492435,28119070.687823236,26506283.95645017,34788593.34933432,182924993.1768136,80437844.03146428,86636333.28895207,13228256.02324159,22005179.70906957,16730469.912821919,16300179.313281383,171565.3815950443,116262.80558353363,84295.31313382913,152209.47999101557,155454045.79475546,524916843.74824756,272839783.2292646,284766025.0784777,83497043.87857525,720052550.3456866,277668990.9305493,306291471.1420642,562609686.9675944,11746202371.130932,3812024204.352738,4476867126.424763,207.60766666666666,936.141,433.311,462.59433333333334,1.5709524056784898,1.5053625351010773,1.5292384079363293,1.5479959509763954,87.07994968770862,94.05610977800272,91.94831153455814,89.52160571931155,2789907936.799253,13472320893.343199,6229688688.830227,6528752471.589634,1697.0061349471882,7700.527372237439,3668.5353203229624,3798.2385679987756,438.28828590273235,823.5639266723599,624.9938383677625,573.134760172102,34364341.81559753,180999861.33375424,79520710.20138355,85686773.64695238
