month,users_cons,users_opt,users_med,users_plan,users_ind_cons,users_ind_opt,users_ind_med,users_ind_plan,users_fgn_cons,users_fgn_opt,users_fgn_med,users_fgn_plan,sub_rev_cons,sub_rev_opt,sub_rev_med,sub_rev_plan,commerce_rev_cons,commerce_rev_opt,commerce_rev_med,commerce_rev_plan,revenue_cons,revenue_opt,revenue_med,revenue_plan,labour_cons,labour_opt,labour_med,labour_plan,tokens_cons,tokens_opt,tokens_med,tokens_plan,eng_cons,eng_opt,eng_med,eng_plan,compliance_cons,compliance_opt,compliance_med,compliance_plan,geo_fixed_cons,geo_fixed_opt,geo_fixed_med,geo_fixed_plan,sales_cons,sales_opt,sales_med,sales_plan,gna_cons,gna_opt,gna_med,gna_plan,onetime_cons,onetime_opt,onetime_med,onetime_plan,total_cost_cons,total_cost_opt,total_cost_med,total_cost_plan,contribution_cons,contribution_opt,contribution_med,contribution_plan,cum_cash_cons,cum_cash_opt,cum_cash_med,cum_cash_plan,floor_heads_cons,floor_heads_opt,floor_heads_med,floor_heads_plan,blended_min_cons,blended_min_opt,blended_min_med,blended_min_plan,arpu_usd_cons,arpu_usd_opt,arpu_usd_med,arpu_usd_plan,gmv_cons,gmv_opt,gmv_med,gmv_plan,adds_organic_cons,adds_organic_opt,adds_organic_med,adds_organic_plan,adds_paid_cons,adds_paid_opt,adds_paid_med,adds_paid_plan,marketing_spend_cons,marketing_spend_opt,marketing_spend_med,marketing_spend_plan,adds_paid_ind_cons,adds_paid_ind_opt,adds_paid_ind_med,adds_paid_ind_plan,adds_paid_uk_cons,adds_paid_uk_opt,adds_paid_uk_med,adds_paid_uk_plan,adds_paid_us_cons,adds_paid_us_opt,adds_paid_us_med,adds_paid_us_plan,spend_ind_cons,spend_ind_opt,spend_ind_med,spend_ind_plan,spend_uk_cons,spend_uk_opt,spend_uk_med,spend_uk_plan,spend_us_cons,spend_us_opt,spend_us_med,spend_us_plan
1,266.5020088530057,288.2163760061358,280.054783997805,274.1020373566012,266.5020088530057,288.2163760061358,280.054783997805,274.1020373566012,0.0,0.0,0.0,0.0,1217631.3275535859,1462578.257613855,1358824.003308338,1303362.75307468,0.0,0.0,0.0,0.0,1217631.3275535859,1462578.257613855,1358824.003308338,1303362.75307468,940982.3214033219,942669.1982421045,947567.2517104659,941572.7282968957,211980.62088093348,218525.14517991393,218281.35945849578,214271.20438557665,2915661.636699793,2872072.462279612,2876131.144066838,2900405.42565273,415196.8559661414,407459.1477107048,413235.161682113,412488.6580767386,0.0,0.0,0.0,0.0,309804.70744461386,312850.8219648375,311393.87283631123,310870.8475266921,1983592.3759599307,1836438.1374432899,1891024.9232925687,1932088.3924791066,146293.74791603483,108333.32191364805,137841.58451102543,133007.59881519945,6988002.2066466315,6775122.079102651,6867437.677349693,6913494.1620062385,-5770370.879093045,-5312543.821488795,-5508613.674041354,-5610131.408931557,-5770370.879093045,-5312543.821488795,-5508613.674041354,-5610131.408931557,11.768666666666666,11.945,11.9385,11.830383333333334,9.172528141724673,9.034112004878661,9.079306989367906,9.124082493828569,51.14948688575845,56.60607092348787,54.2156948793861,53.05929129896374,0.0,0.0,0.0,0.0,39.21882977845544,51.40328785934986,45.5754913452448,43.48339010676848,27.554193380267613,27.733583363143843,27.677312485445015,27.616979874274293,300000.0,300000.0,300000.0,300000.0,27.554193380267613,27.733583363143843,27.677312485445015,27.616979874274293,0.0,0.0,0.0,0.0,0.0,0.0,0.0,0.0,300000.0,300000.0,300000.0,300000.0,0.0,0.0,0.0,0.0,0.0,0.0,0.0,0.0
2,315.41997411851406,352.92901962284435,336.4939177771762,328.54814004502964,315.41997411851406,352.92901962284435,336.4939177771762,328.54814004502964,0.0,0.0,0.0,0.0,1444767.8726917533,1795498.1877044698,1636704.8106788977,1567523.482946204,0.0,0.0,0.0,0.0,1444767.8726917533,1795498.1877044698,1636704.8106788977,1567523.482946204,1046477.7501569008,1075059.3297162196,1063668.6442607746,1056481.3030026625,242450.0955870791,258328.09312956317,253148.05058673536,248007.39472694852,3083512.2578986106,3059439.0355491242,3054008.960002285,3075086.63007629,416439.83720774174,409013.0484127903,414580.410441898,413840.4611295088,0.0,0.0,0.0,0.0,312601.2657644833,319757.1224581735,315410.5704653231,315105.8156072749,2120855.630865474,1986229.001728304,2032189.8640708027,2073736.3106674645,102512.3742174188,122032.86192420387,74328.23842000819,109344.54491479357,7401378.6702106055,7324120.457616969,7294048.278959043,7374338.2958028335,-5956610.797518852,-5528622.269912498,-5657343.468280146,-5806814.812856628,-11726981.676611898,-10841166.091401294,-11165957.142321499,-11416946.221788187,13.082666666666666,13.656333333333333,13.4075,13.283449999999998,8.768069738913512,8.624440401637345,8.670242142339204,8.717799470866854,51.28595004774796,56.775908793305454,54.37022108696546,53.207435608693075,0.0,0.0,0.0,0.0,47.12468110060228,63.571039113941644,54.95874364482274,52.88090640527106,27.577750180145763,28.061743782191673,27.800030199650056,27.747147940861833,300820.09548933274,303864.36267968814,301670.88455411745,301885.5890059571,27.577750180145763,28.061743782191673,27.800030199650056,27.747147940861833,0.0,0.0,0.0,0.0,0.0,0.0,0.0,0.0,300820.09548933274,303864.36267968814,301670.88455411745,301885.5890059571,0.0,0.0,0.0,0.0,0.0,0.0,0.0,0.0
3,369.02064356044934,428.5888347929695,400.075468138505,389.8695104918314,369.02064356044934,428.5888347929695,400.075468138505,389.8695104918314,0.0,0.0,0.0,0.0,1694542.1234587147,2186197.1239462006,1950856.802635447,1866621.3736293348,0.0,0.0,0.0,0.0,1694542.1234587147,2186197.1239462006,1950856.802635447,1866621.3736293348,1148674.3982983874,1220428.5461853615,1187410.0781144209,1173788.3500588285,274130.31583003013,302858.35610256623,290579.5150334561,284185.1299254178,3254080.2564314166,3257028.850115546,3228963.1667994005,3255112.2642208617,417793.6768153774,410831.3901167539,416088.8639720367,415356.87647085916,0.0,0.0,0.0,0.0,318021.42098707485,337215.1752793248,325721.35495481134,324739.23498936236,2255108.9181445464,2140871.8306484898,2173684.437734082,2215125.9375209264,155893.48871072923,111348.99130245697,133696.65462633732,140302.91461783394,7913485.308159108,7895363.401047013,7859503.184164612,7907142.640669875,-6218943.184700394,-5709166.277100812,-5908646.3815291645,-6040521.2670405395,-17945924.861312293,-16550332.368502107,-17074603.523850664,-17457467.488828726,14.332,15.477666666666666,14.925,14.732983333333333,8.33356673165996,8.185054832708062,8.231516355618812,8.281587567026795,51.42285081685556,56.94634382240908,54.52526558350503,53.35607336879929,0.0,0.0,0.0,0.0,55.38118195175005,78.1860049370274,65.82836212458884,63.36286999659713,27.81141964694277,29.252283403528146,28.433146741984544,28.31572196174765,304176.1254991373,317668.6740450679,309264.2644236641,308898.51749021304,27.81141964694277,29.252283403528146,28.433146741984544,28.31572196174765,0.0,0.0,0.0,0.0,0.0,0.0,0.0,0.0,304176.1254991373,317668.6740450679,309264.2644236641,308898.51749021304,0.0,0.0,0.0,0.0,0.0,0.0,0.0,0.0
4,428.38628258547334,517.9144325893963,472.5204638490283,459.7211350868464,428.38628258547334,517.9144325893963,472.5204638490283,459.7211350868464,0.0,0.0,0.0,0.0,1972601.7108620964,2649653.3812437356,2310797.1234079194,2209569.7954956703,0.0,0.0,0.0,0.0,1972601.7108620964,2649653.3812437356,2310797.1234079194,2209569.7954956703,1257866.0068409722,1382036.69439472,1316467.284739973,1301325.747484784,307523.9375866944,353345.22780023114,331482.75292100076,323561.3891614322,3425999.7025976633,3466923.236742512,3417606.127927317,3440322.93954836,419291.3202785917,412977.25266541523,417801.6443725482,417081.39661397994,0.0,0.0,0.0,0.0,329928.06007167813,373768.578950444,347668.8029405087,345272.2416792462,2390089.8550688913,2302515.951224711,2318765.523839986,2359438.988723428,117793.94938068384,107791.41396552543,105322.0134028993,114293.06198537839,8353034.739512537,8538465.722148012,8377554.130236015,8417935.583434954,-6380433.028650439,-5888812.340904277,-6066757.006828096,-6208365.787939282,-24326357.88996273,-22439144.709406383,-23141360.53067876,-23665833.276768006,15.62,17.465333333333334,16.481,16.265866666666668,7.896342243690035,7.743464896496617,7.79018361776038,7.8428351721723395,51.5601907729867,57.117378333701716,54.68083030350966,53.505206419236956,0.0,0.0,0.0,0.0,64.26835607012393,94.4789044789724,77.34799313107744,74.84204801322089,28.573612424716345,32.04481070387415,30.046014966838424,29.788531822421575,313860.9710541472,350148.85283070087,328331.80465773935,326561.72967594094,28.573612424716345,32.04481070387415,30.046014966838424,29.788531822421575,0.0,0.0,0.0,0.0,0.0,0.0,0.0,0.0,313860.9710541472,350148.85283070087,328331.80465773935,326561.72967594094,0.0,0.0,0.0,0.0,0.0,0.0,0.0,0.0
5,495.5078746067421,624.7793351014282,555.9957139349259,540.7528857798823,495.5078746067421,624.7793351014282,555.9957139349259,540.7528857798823,0.0,0.0,0.0,0.0,2287963.573722122,3205816.154576168,2726628.600778695,2609211.9770210376,0.0,0.0,0.0,0.0,2287963.573722122,3205816.154576168,2726628.600778695,2609211.9770210376,1372520.7705382921,1567645.4427114918,1456222.6311933848,1440814.405798912,344002.6876624386,411948.52730902337,376777.31992409774,367783.73153874325,3604622.63625835,3680620.0176192825,3602460.5420649187,3631221.7197346766,420973.391161517,415549.1497845608,419761.75143369375,419074.9066795823,0.0,0.0,0.0,0.0,351563.14940467424,433207.0916987842,386098.36097236106,380138.52920761274,2528653.3252070406,2474023.662977618,2468150.5238255626,2509532.9434267427,148801.4116238922,137346.43876975338,117133.53571003556,144792.17112494362,8892397.724562982,9288665.7828851,8971076.038511116,9031091.544975724,-6604434.15084086,-6082849.628308932,-6244447.437732422,-6421879.567954686,-30930792.040803593,-28521994.337715317,-29385807.968411177,-30087712.844722696,16.950666666666667,19.706666666666667,18.1375,17.915266666666668,7.471483799591896,7.315177177666868,7.361559627749453,7.416776481918136,51.69797150225468,57.28901465978589,54.83691718928519,53.65483660739061,0.0,0.0,0.0,0.0,74.95447217616075,113.41238149338379,90.93844545861856,88.41474043718881,30.0990347131215,36.697649006089364,33.00066330604271,32.40854971566026,332824.531360634,404853.9963254383,363363.74960770644,358034.8440983156,30.0990347131215,36.697649006089364,33.00066330604271,32.40854971566026,0.0,0.0,0.0,0.0,0.0,0.0,0.0,0.0,332824.531360634,404853.9963254383,363363.74960770644,358034.8440983156,0.0,0.0,0.0,0.0,0.0,0.0,0.0,0.0
6,573.435698457906,753.4304747269247,655.0577759847781,636.4338701520626,573.435698457906,753.4304747269247,655.0577759847781,636.4338701520626,0.0,0.0,0.0,0.0,2655894.7040678645,3878421.6846583276,3221300.028633926,3083779.147274527,0.0,0.0,0.0,0.0,2655894.7040678645,3878421.6846583276,3221300.028633926,3083779.147274527,1501242.2779388935,1780629.8259328029,1617776.1985670957,1599027.9197367616,384987.37002905965,479948.38128980226,429173.388586192,418223.72397031955,3787306.603146767,3908865.2998377373,3806219.497354379,3829852.1469886065,422972.7662620845,418635.59547676047,422129.5816852658,421454.7564872211,0.0,0.0,0.0,0.0,385647.23232142313,516503.8734651981,442111.1113851622,431447.05672174436,2674393.126636646,2657800.0609387285,2627522.4457168747,2668585.5536423754,112194.5517050606,130703.02036360367,108626.810667909,118672.51573555068,9409533.189743798,10096764.227000434,9624261.565130074,9650064.052783621,-6753638.485675933,-6218342.542342107,-6402961.5364961475,-6566284.905509094,-37684430.52647952,-34740336.880057424,-35788769.504907325,-36653997.75023179,18.426333333333332,22.249,20.0155,19.764266666666664,7.066729692676774,6.907291122532816,6.954131366328069,7.010926193126388,51.83619459700647,57.46125514300633,54.993528190971894,53.804965788106415,0.0,0.0,0.0,0.0,87.1401986548852,136.11283205031364,107.37232698915354,104.28062034328515,32.5939847448584,43.195630609137,37.329676685060434,36.30456079735591,363862.18265770184,482475.6654526197,415268.02963787375,405376.9016359231,32.5939847448584,43.195630609137,37.329676685060434,36.30456079735591,0.0,0.0,0.0,0.0,0.0,0.0,0.0,0.0,363862.18265770184,482475.6654526197,415268.02963787375,405376.9016359231,0.0,0.0,0.0,0.0,0.0,0.0,0.0,0.0
7,660.9110865968225,907.860477896749,772.4569621885183,747.3433735517967,660.9110865968225,907.860477896749,772.4569621885183,747.3433735517967,0.0,0.0,0.0,0.0,3070570.003684756,4688344.405232402,3810344.120060464,3636791.0442264318,0.0,0.0,0.0,0.0,3070570.003684756,4688344.405232402,3810344.120060464,3636791.0442264318,1639191.29082551,2023612.944209305,1802555.345227952,1773738.8695098383,429266.538162563,558787.9924978887,489174.1366953622,474599.047179927,3977615.8471088726,4151810.286493006,4014340.6864481354,4038583.9008933194,425176.9064494148,422347.02699395304,424919.953917679,424186.4486400032,0.0,0.0,0.0,0.0,433195.79794651904,622390.2011136236,516562.2431867646,499413.83905500564,2823247.85120847,2854056.5487352675,2799006.797609097,2834030.895342849,118905.1486408718,113068.0606508297,146249.10255723275,116862.16784435707,10009425.942729976,10992300.803124644,10394704.711213924,10353432.14386811,-6938855.93904522,-6303956.397892242,-6584360.591153461,-6716641.099641678,-44623286.46552475,-41044293.27794967,-42373130.09606079,-43370638.84987347,19.977,25.114,22.1585,21.77495,6.685517377231739,6.523176440695664,6.570276909811968,6.628698049444113,51.974861655848905,57.63410213549281,55.15066526657791,53.95559582372427,0.0,0.0,0.0,0.0,98.2757579122757,161.6540337119237,126.46098823763734,120.45815444215248,36.14480941563537,51.3348241495719,43.03621433280829,41.46131457251316,408626.85846845014,581976.6926856427,484946.99612735526,469299.3004444676,36.14480941563537,51.3348241495719,43.03621433280829,41.46131457251316,0.0,0.0,0.0,0.0,0.0,0.0,0.0,0.0,408626.85846845014,581976.6926856427,484946.99612735526,469299.3004444676,0.0,0.0,0.0,0.0,0.0,0.0,0.0,0.0
8,761.6078741611844,1094.1833697911454,912.1449233747983,878.0092976316707,761.6078741611844,1094.1833697911454,912.1449233747983,878.0092976316707,0.0,0.0,0.0,0.0,3549296.3052437743,5667867.403786993,4512944.473413508,4290796.1897339,0.0,0.0,0.0,0.0,3549296.3052437743,5667867.403786993,4512944.473413508,4290796.1897339,1790728.4187998753,2302251.933663641,2012088.567502272,1969761.6490021935,478426.5136144681,650886.9019683035,558130.9367620924,538787.6495383105,4175077.8493042206,4413533.578894777,4240009.289655607,4258537.354660915,427723.22186011187,426844.4676847739,428227.3510488121,427415.6578987435,0.0,0.0,0.0,0.0,493221.0592108338,751785.0073335797,609200.4581543485,583718.4410537949,2980222.7467181925,3064857.028928028,2984131.469512919,3009844.745491635,124466.98357415329,112539.34405144744,123136.00182132158,120292.30974120623,10658109.496645646,12020412.525900379,11194048.285222247,11134915.556884803,-7108813.191401874,-6352545.122113383,-6681103.811808738,-6844119.367150903,-51732099.65692662,-47396838.40006305,-49054233.907869525,-50214758.21702437,21.677,28.383666666666667,24.5535,24.02433333333333,6.3287796641293,6.165147152570891,6.211156113522267,6.271508285083857,52.11397428367491,57.80755799920323,55.308330382012876,54.10672858410982,0.0,0.0,0.0,0.0,112.52796397755388,194.08417468902866,149.16053352929563,141.07263772657006,40.527907407250645,60.97086197956533,49.982923475578076,47.682941507560784,465089.0682164453,703263.9636613226,571910.3247720246,548450.2816221523,40.527907407250645,60.97086197956533,49.982923475578076,47.682941507560784,0.0,0.0,0.0,0.0,0.0,0.0,0.0,0.0,465089.0682164453,703263.9636613226,571910.3247720246,548450.2816221523,0.0,0.0,0.0,0.0,0.0,0.0,0.0,0.0
9,877.5675721977474,1318.6956177297427,1074.6070996874428,1031.9623881339458,877.5675721977474,1318.6956177297427,1074.6070996874428,1031.9623881339458,0.0,0.0,0.0,0.0,4102261.3863165122,6852366.882395521,5331181.451140138,5064798.309944166,0.0,0.0,0.0,0.0,4102261.3863165122,6852366.882395521,5331181.451140138,5064798.309944166,1960636.1977653364,2632883.1003470477,2247505.2539541745,2195922.6136689354,533519.7199063622,758042.4485770502,635650.4707508128,612102.674941103,4381591.511177996,4687092.955297191,4478385.239595102,4488517.016619714,430632.5567662592,432241.5590739212,432057.92412203463,431195.70757394086,0.0,0.0,0.0,0.0,566315.548353211,908239.152108436,720016.6359272851,685988.8096675398,3145690.877744972,3290531.5230541904,3176669.5750268647,3196385.103603198,139291.6146712772,127775.19162269223,114631.07710423945,135260.86660427245,11375314.338012543,13196760.818274206,12087389.12417715,12012820.606104124,-7273052.951696031,-6344393.935878684,-6756207.673037013,-6948022.296159959,-59005152.60862266,-53741232.33594173,-55810441.58090654,-57162780.51318434,23.541,32.19733333333333,27.219,26.570716666666666,5.996916161737056,5.8321990150020016,5.878086658699272,5.9392651603797875,52.25353409168977,57.98162510596689,55.46652551112176,54.258365946686766,0.0,0.0,0.0,0.0,128.87750778429566,232.23616616154874,172.17682705094415,165.05303821633424,45.74336857413498,72.25295142243631,58.113473985206106,55.02172257104045,534096.1714071371,850180.1105680488,676972.4291645491,644725.5501134562,45.74336857413498,72.25295142243631,58.113473985206106,55.02172257104045,0.0,0.0,0.0,0.0,0.0,0.0,0.0,0.0,534096.1714071371,850180.1105680488,676972.4291645491,644725.5501134562,0.0,0.0,0.0,0.0,0.0,0.0,0.0,0.0
10,1009.3037199400628,1589.534784527233,1264.6591640003924,1212.3845925455723,1009.3037199400628,1589.534784527233,1264.6591640003924,1212.3845925455723,0.0,0.0,0.0,0.0,4731917.58245511,8283806.448756803,6292193.2409420945,5975078.685660702,0.0,0.0,0.0,0.0,4731917.58245511,8283806.448756803,6292193.2409420945,5975078.685660702,2149877.281587884,3011859.4504850665,2514606.1154382266,2451571.040701898,593899.2430494911,883395.2933370842,723856.972950818,695222.8606501487,4601592.557720376,4982437.088531125,4729846.341267607,4734888.143504139,433959.4380164161,438757.66248589446,436561.66653513885,435638.8165807335,0.0,0.0,0.0,0.0,652379.9330662102,1097551.2100626163,849905.278182074,808189.8800149523,3317714.6188593637,3533631.4328145054,3379869.902608678,3393285.5037436634,166341.66204668302,126348.91054999376,89454.56994857591,152344.19902284176,12166873.791532237,14509195.647771709,13057575.353072556,12986686.441216052,-7434956.209077129,-6225389.199014905,-6765382.112130462,-7011607.75555535,-66440108.817699775,-59966621.534956634,-62575823.693037,-64174388.26873968,25.601333333333333,36.538666666666664,30.21,29.4294,5.6887674274732785,5.523729202485793,5.569029756695733,5.631004048727659,52.39354269743761,58.15630583752784,55.6252526357187,54.410509796469185,0.0,0.0,0.0,0.0,145.97975174252383,278.784710813152,200.91224204421223,192.4614874172437,51.71993724542439,85.38304829704848,67.30864483593368,63.50202611349282,615884.9951305791,1027855.0323593282,799677.2176710208,760074.5081606413,51.71993724542439,85.38304829704848,67.30864483593368,63.50202611349282,0.0,0.0,0.0,0.0,0.0,0.0,0.0,0.0,615884.9951305791,1027855.0323593282,799677.2176710208,760074.5081606413,0.0,0.0,0.0,0.0,0.0,0.0,0.0,0.0
11,1161.0481382034488,1910.3105487922219,1491.032359057711,1423.2899819095194,1161.0481382034488,1910.3105487922219,1491.032359057711,1423.2899819095194,0.0,0.0,0.0,0.0,5458854.243658352,9985774.123096257,7440050.042379086,7043276.201461619,0.0,0.0,0.0,0.0,5458854.243658352,9985774.123096257,7440050.042379086,7043276.201461619,2358467.8211865127,3443946.8191843717,2821670.8786841263,2738385.470485763,660710.2683108723,1026783.1271155163,825021.4611942314,788835.7688924978,4831877.4952156,5289595.287923858,4986028.451999546,4992078.72266349,439987.98186555225,449124.8027097988,443640.6379655667,443185.86916103854,0.0,0.0,0.0,0.0,751585.9123090766,1324936.838882543,1003225.9821215038,952258.7366097898,3499612.5118826814,3791291.370995685,3599278.4678180246,3601700.1125722327,275259.5148190492,210841.59873949568,231154.55365130035,252713.24419120548,13107245.37983487,16061069.754520345,14304403.72973302,14141083.910974786,-7648391.136176519,-6075295.631424087,-6864353.687353935,-7097807.709513167,-74088499.9538763,-66041917.16638072,-69440177.38039093,-71272195.97825286,27.856,41.436,33.6055,32.609,5.402892332344794,5.237861692332581,5.2825854844868205,5.34513160834052,52.53400172482792,58.33160258558866,55.784513745621226,54.563162026094176,0.0,0.0,0.0,0.0,166.49286893610739,329.4634862760898,237.587983920759,223.53258500510123,58.3183220747166,100.56496042700088,77.6561802496998,73.1046454980161,709962.6950750499,1242570.9673135204,943828.986141314,896375.5903585146,58.3183220747166,100.56496042700088,77.6561802496998,73.1046454980161,0.0,0.0,0.0,0.0,0.0,0.0,0.0,0.0,709962.6950750499,1242570.9673135204,943828.986141314,896375.5903585146,0.0,0.0,0.0,0.0,0.0,0.0,0.0,0.0
12,1332.53303128114,2298.428631420878,1749.3537192192023,1670.5964913300481,1332.53303128114,2298.428631420878,1749.3537192192023,1670.5964913300481,0.0,0.0,0.0,0.0,6281869.7689237725,12052040.411152476,8752153.694820061,8301429.493703818,0.0,0.0,0.0,0.0,6281869.7689237725,12052040.411152476,8752153.694820061,8301429.493703818,2588027.056346334,3952993.124777834,3158698.7571499427,3065765.180297359,734164.4302400432,1194191.8480563774,936197.5785795462,895174.0264757602,5064980.058460476,5616190.161009283,5262716.181241181,5257903.594352558,452309.9416675414,466311.28176119726,457313.1160432744,457210.41070032096,0.0,0.0,0.0,0.0,865816.5280841896,1597387.9613219674,1183794.738317258,1121866.5297174118,3687958.92461006,4070435.056442599,3825972.2988246335,3821825.5707514486,389219.12531990744,405246.55261273973,415328.2563368975,394828.7248723988,14115967.873889845,17935897.90626448,15703996.879950244,15452943.385220967,-7834098.104966074,-5883857.495112005,-6951843.1851301845,-7151513.89151715,-81922598.05884238,-71925774.66149272,-76392020.56552114,-78423709.86976999,30.297666666666668,47.12833333333333,37.3005,36.1884,5.138277225988119,4.97313872088109,5.017171661078475,5.080478749200659,52.674912804162304,58.50751775185425,55.9443108386844,54.71632453585448,0.0,0.0,0.0,0.0,187.7927595882141,398.0873714301163,271.14892784158116,261.39587373287986,65.5943042578567,117.77072069354196,89.46421993716174,83.85605001034654,818868.3381871362,1497866.1184644387,1116007.5063568626,1056517.5612841921,65.5943042578567,117.77072069354196,89.46421993716174,83.85605001034654,0.0,0.0,0.0,0.0,0.0,0.0,0.0,0.0,818868.3381871362,1497866.1184644387,1116007.5063568626,1056517.5612841921,0.0,0.0,0.0,0.0,0.0,0.0,0.0,0.0
13,1527.7395637877007,2758.42276786385,2053.7231784263236,1958.478685214353,1527.7395637877007,2758.42276786385,2053.7231784263236,1958.478685214353,0.0,0.0,0.0,0.0,7220227.715063174,14512018.573095651,10300588.038662948,9772354.515374541,0.0,0.0,0.0,0.0,7220227.715063174,14512018.573095651,10300588.038662948,9772354.515374541,2842057.0277608903,4535804.748871195,3543408.8140249737,3434868.730149497,815059.5218949979,1386022.9462201826,1063240.3039027094,1014896.7204088126,5314554.909947643,5963695.556415082,5552796.421600853,5541754.136211246,471755.8919517678,492254.25741036306,478699.1604164466,478930.31986227614,0.0,0.0,0.0,0.0,995383.8937376523,1925749.553959143,1392302.1024751917,1321011.8748151741,3886614.27682063,4365770.707226002,4068217.890625801,4054319.0274625095,513530.59904529445,508519.63304496894,517230.44302671036,511776.76094518055,15222253.893721947,19940415.0051701,17162060.47458161,16873610.282728802,-8002026.178658775,-5428396.432074445,-6861472.435918661,-7101255.767354259,-89924624.23750114,-77354171.09356718,-83253493.0014398,-85524965.63712426,32.980666666666664,53.555,41.477,40.181683333333325,4.892559469338046,4.728236769294996,4.771925466379209,4.835046524322978,52.816277572161205,58.68405374807588,56.10464592083527,54.86999923373134,0.0,0.0,0.0,0.0,212.3859021344094,471.7739691450857,317.91619300873043,303.1717255881461,73.44987083049217,137.5992108903184,102.3088181352141,95.90213985143134,942287.41820405,1807806.0616728712,1312823.0542230092,1245218.9434181373,73.44987083049217,137.5992108903184,102.3088181352141,95.90213985143134,0.0,0.0,0.0,0.0,0.0,0.0,0.0,0.0,942287.41820405,1807806.0616728712,1312823.0542230092,1245218.9434181373,0.0,0.0,0.0,0.0,0.0,0.0,0.0,0.0
14,1745.5764684578894,3310.3248649721586,2408.1030898312006,2293.2384072378836,1745.5764684578894,3310.3248649721586,2408.1030898312006,2293.2384072378836,0.0,0.0,0.0,0.0,8271301.346731364,17466990.121277556,12107719.135959614,11489792.41782253,0.0,0.0,0.0,0.0,8271301.346731364,17466990.121277556,12107719.135959614,11489792.41782253,3113621.695860546,5214461.285023157,3982975.262780594,3848915.5520674596,901815.5126126253,1608927.2588554604,1207289.9306718165,1149304.6237976174,5570234.780657669,6333311.569762474,5857346.873120482,5837311.6568443505,497942.31261452724,526417.1493054143,505740.5272059193,507908.5054563377,0.0,0.0,0.0,0.0,1142477.4206181578,2318543.216803957,1637476.4342349293,1554100.4492831873,4091552.1492336234,4681373.625718764,4322056.716399425,4297989.666003423,628542.2286458708,663418.4615667379,599983.8157864786,640748.9101681743,16385337.419785457,22264517.03941859,18754872.65988751,18443050.28665705,-8114036.07305409,-4797526.918141035,-6647153.523927901,-6953257.868834522,-98038660.31055526,-82151698.01170821,-89900646.52536768,-92478223.5059588,35.805,60.983333333333334,46.1755,44.61741666666667,4.664565792252648,4.501551584013206,4.543577327269473,4.607510819368843,52.95809767199083,58.86121299609544,56.265521006107356,55.02418803542744,0.0,0.0,0.0,0.0,237.77305343472787,566.9617233584369,369.55291374194735,352.989087908026,81.8845767607238,159.8262017131964,116.65367779729851,109.16414549408921,1083034.157259476,2176802.785964348,1545088.2057994423,1465853.177306181,81.8845767607238,159.8262017131964,116.65367779729851,109.16414549408921,0.0,0.0,0.0,0.0,0.0,0.0,0.0,0.0,1083034.157259476,2176802.785964348,1545088.2057994423,1465853.177306181,0.0,0.0,0.0,0.0,0.0,0.0,0.0,0.0
15,1990.009697325819,3953.0120440503733,2817.281185768709,2677.060518679413,1990.009697325819,3953.0120440503733,2817.281185768709,2677.060518679413,0.0,0.0,0.0,0.0,9451468.436709527,20918908.63706802,14201378.419913558,13465072.506834999,0.0,0.0,0.0,0.0,9451468.436709527,20918908.63706802,14201378.419913558,13465072.506834999,3414869.8283787197,5982411.182511859,4474364.24770944,4313509.302325319,995755.482255167,1859107.4106838023,1366617.531516665,1297928.6572051893,5836507.266859131,6715717.011965296,6173355.538079334,6144230.677646289,531171.3971969667,564644.60735869,538227.1279523141,542887.0207535699,0.0,0.0,0.0,0.0,1307316.7877610864,2785321.2010744396,1923176.244396265,1824618.3324207598,4305407.284298357,5011634.795509048,4589384.987879708,4552586.913222099,938874.1746109586,896348.591183555,978985.267458233,923990.2204113672,17831764.8223694,24914636.453363907,20797099.307603925,20310769.893217478,-8380296.385659873,-3995727.8162958906,-6595720.887690368,-6845697.386382479,-106418956.6962151,-86147425.8280041,-96496367.41305806,-99323920.89234124,38.88366666666667,69.246,51.351,49.51048333333333,4.45249001236417,4.291248899218868,4.332815771466214,4.396055622763314,53.100374753290176,59.03899792788989,56.42693811667544,55.178892864400076,0.0,0.0,0.0,0.0,266.4863430055261,661.0907315312252,428.07349600929064,404.5978789895208,90.81859647162267,184.82457274316957,132.40153886508028,123.72068816666408,1240695.2020097047,2620048.5181916333,1816157.8703939419,1723468.8626733797,90.81859647162267,184.82457274316957,132.40153886508028,123.72068816666408,0.0,0.0,0.0,0.0,0.0,0.0,0.0,0.0,1240695.2020097047,2620048.5181916333,1816157.8703939419,1723468.8626733797,0.0,0.0,0.0,0.0,0.0,0.0,0.0,0.0
16,2260.775930994889,4712.006484800035,3276.999692965461,3118.70662482669,2260.775930994889,4712.006484800035,3276.999692965461,3118.70662482669,0.0,0.0,0.0,0.0,10762169.763227068,25008688.86655902,16557426.138854992,15748451.449393252,0.0,0.0,0.0,0.0,10762169.763227068,25008688.86655902,16557426.138854992,15748451.449393252,3737797.5019464297,6866249.016162268,5008874.744552527,4832755.531921973,1095685.403538167,2143352.006398411,1539280.7341698569,1462368.7145392522,6112764.64462706,7123470.85073866,6505716.2305417415,6466511.8167661205,568812.5747597573,614433.6246555621,584510.1184807685,584779.9422232889,0.0,0.0,0.0,0.0,1491544.0895654955,3333590.3403069344,2250933.045657631,2136260.277324999,4524410.74027601,5364217.819451565,4865782.755712707,4818343.217987454,1366055.6572322678,1296317.2157430076,1290430.5053254894,1341647.2027110266,19468601.48497993,28056021.148327164,22923385.011502426,22474198.36715146,-8706431.721752862,-3047332.2817681464,-6365958.872647433,-6725746.9177582115,-115125388.41796798,-89194758.10977224,-102862326.28570548,-106049667.81009945,42.14366666666667,78.60633333333334,56.921,54.90560000000001,4.256276552476853,4.096364365480613,4.137487554895736,4.200307287028169,53.24311047219824,59.21741098561597,56.58889928289033,55.33411565189444,0.0,0.0,0.0,0.0,295.2952962362664,783.0161789869275,482.90513068238914,465.99760519899775,100.2114358316003,212.06760937316088,149.43041033476828,139.3610965711465,1417720.2655064291,3137836.295560202,2130206.7629870335,2019760.8760252497,100.2114358316003,212.06760937316088,149.43041033476828,139.3610965711465,0.0,0.0,0.0,0.0,0.0,0.0,0.0,0.0,1417720.2655064291,3137836.295560202,2130206.7629870335,2019760.8760252497,0.0,0.0,0.0,0.0,0.0,0.0,0.0,0.0
17,2560.119047296732,5593.515452683014,3806.1412370645276,3621.8077891819303,2560.119047296732,5593.515452683014,3806.1412370645276,3621.8077891819303,0.0,0.0,0.0,0.0,12217830.699103413,29772782.67966517,19276842.077333722,18362063.89230003,0.0,0.0,0.0,0.0,12217830.699103413,29772782.67966517,19276842.077333722,18362063.89230003,4086538.367050529,7863747.363892582,5609096.000174813,5408561.515945248,1202559.5598177055,2462274.765974622,1729810.3373952643,1643459.8819726263,6398977.139138041,7543695.6502249185,6854546.633074669,6799628.618018448,610247.9072189416,670306.3572898371,627632.308438972,631268.364743755,0.0,0.0,0.0,0.0,1696539.3744504435,3980085.8278326327,2623177.9060592623,2495780.6331342096,4750825.356955762,5731430.048775902,5157197.106019932,5094036.999092812,1500043.0246370677,1658064.8388964748,1486958.065506663,1555350.6596278602,20894623.192771815,31474561.351628363,25110523.27007141,24597601.548371606,-8676792.493668403,-1701778.6719631895,-5833681.192737691,-6235537.656071578,-123802180.91163637,-90896536.78173544,-108696007.47844318,-112285205.46617104,45.61,89.025,63.0715,60.80525,4.0739574976911666,3.9158971674452245,3.9559489225575977,4.018636382105087,53.38630649138119,59.39645462165501,56.75140654331395,55.48985833697703,0.0,0.0,0.0,0.0,328.85563986553393,915.12999139512,558.2559409240534,534.051662900889,109.93100154529198,242.04785461679649,167.33291312414673,156.17190012031855,1614325.46448406,3751303.3299838523,2483613.9208282484,2362267.717408987,109.93100154529198,242.04785461679649,167.33291312414673,156.17190012031855,0.0,0.0,0.0,0.0,0.0,0.0,0.0,0.0,1614325.46448406,3751303.3299838523,2483613.9208282484,2362267.717408987,0.0,0.0,0.0,0.0,0.0,0.0,0.0,0.0
18,2892.419297662893,6629.385884403753,4407.720985360314,4200.357603022194,2892.419297662893,6629.385884403753,4407.720985360314,4200.357603022194,0.0,0.0,0.0,0.0,13832344.802700546,35376249.248109974,22371105.925616708,21372711.358593844,0.0,0.0,0.0,0.0,13832344.802700546,35376249.248109974,22371105.925616708,21372711.358593844,4465731.594581718,9005386.261829691,6278578.75132882,6054610.728118508,1316601.3365412792,2824326.6663846243,1939101.6505273916,1844305.2019864498,6686660.374847903,7986932.299183286,7211544.200859764,7141755.548365287,644811.5060439119,724747.4523789291,671229.4943599787,672789.0872611679,0.0,0.0,0.0,0.0,1924177.3976641695,4735889.7373470245,3050685.4079991756,2908276.716553169,4984011.453079913,6122376.531955549,5460794.986608052,5382439.230686385,1615989.641901507,1602275.347601144,1674499.1387878044,1611189.63889638,22372626.93259387,34861871.007880166,27472845.89498284,26743862.358944073,-8540282.129893322,514378.2402298152,-5101739.969366137,-5371151.000350224,-132342463.0415297,-90382158.54150562,-113797747.44780931,-117656356.46652126,49.326,100.80133333333333,69.8385,67.34236666666666,3.903226586075381,3.74807257540508,3.787634880218158,3.848922682340776,53.52996448005983,59.576131298658034,56.914461944754486,55.6461228665692,0.0,0.0,0.0,0.0,366.0111711946313,1079.8893415889945,636.6363855964711,615.8685308326584,119.9222705349377,274.26258103965597,186.49625086231106,173.9413792115891,1832674.6048655119,4465917.401949775,2891526.3116000574,2754309.5838450044,119.9222705349377,274.26258103965597,186.49625086231106,173.9413792115891,0.0,0.0,0.0,0.0,0.0,0.0,0.0,0.0,1832674.6048655119,4465917.401949775,2891526.3116000574,2754309.5838450044,0.0,0.0,0.0,0.0,0.0,0.0,0.0,0.0
19,3248.8884596801377,7816.993355277692,5077.967447057377,4847.725173139282,3248.8884596801377,7816.993355277692,5077.967447057377,4847.725173139282,0.0,0.0,0.0,0.0,15569352.975027023,41828970.81377915,25831234.87873529,24760219.218590267,0.0,0.0,0.0,0.0,15569352.975027023,41828970.81377915,25831234.87873529,24760219.218590267,4858141.254036865,10288805.38372441,7003890.098413649,6758873.699427506,1433562.0644982096,3223399.290228489,2163440.453702404,2060005.0935038072,6987793.08078806,8449009.870254513,7579910.757015949,7499218.957101318,680777.6019781409,774816.6013778052,710447.8369523253,713691.2517680235,0.0,0.0,0.0,0.0,2173672.518153407,5618620.615879564,3533659.676470976,3379404.3523575617,5218333.335033719,6527294.006473772,5773331.537909312,5676469.5700377375,1803567.8381332136,1816636.80707042,1809139.5955841874,1808141.9772612357,23982833.834282856,38898033.55468879,29944083.990722973,29203153.73642493,-8413480.859255834,2930937.25909036,-4112849.1119876807,-4442934.517834666,-140755943.90078554,-87451221.28241526,-117910596.559797,-122099290.98435594,53.09466666666667,113.79966666666667,77.0445,74.34141666666666,3.745680701092056,3.5925683390806316,3.6309661345247206,3.692091374388058,53.67408611403708,59.756443489591,57.07806754230167,55.80291119548095,0.0,0.0,0.0,0.0,395.28319099330105,1248.7329146522682,711.97515051388,693.9905942739395,130.1262764238845,309.1256889342618,206.5790051379212,192.77607080251653,2074851.720405082,5306437.387216497,3355665.8888425054,3205906.7037890772,130.1262764238845,309.1256889342618,206.5790051379212,192.77607080251653,0.0,0.0,0.0,0.0,0.0,0.0,0.0,0.0,2074851.720405082,5306437.387216497,3355665.8888425054,3205906.7037890772,0.0,0.0,0.0,0.0,0.0,0.0,0.0,0.0
20,3629.6799341236724,9202.947026465672,5816.4725839622015,5580.3234164433725,3629.6799341236724,9202.947026465672,5816.4725839622015,5580.3234164433725,0.0,0.0,0.0,0.0,17427600.11796813,49367795.20412411,29650351.51883956,28606668.398122724,0.0,0.0,0.0,0.0,17427600.11796813,49367795.20412411,29650351.51883956,28606668.398122724,5269219.784703048,11751097.815545402,7784324.633673361,7537877.095497873,1552468.1672011756,3674053.496989313,2400673.0883417525,2295023.0326270238,7293265.812385876,8934996.347444287,7960531.949135384,7867871.49965632,707762.7116993275,825189.8663902025,745639.557546211,748862.2158411337,0.0,0.0,0.0,0.0,2442024.823917251,6640908.530557165,4072733.655852085,3911634.121241221,5454772.73582815,6955725.62975201,6092741.233787027,5980106.248701502,1855823.1732766333,1833382.4697204698,1949938.407998166,1847968.9270319762,25501121.178155445,43211292.5896327,32579584.007851165,31699681.172172483,-8073521.0601873165,6156502.614491401,-2929232.489011601,-3093012.7740497654,-148829464.96097285,-81294718.66792387,-120839829.04880859,-125192303.7584057,56.961,128.45333333333335,84.644,81.98331666666667,3.5985882261966524,3.4477101692228245,3.485442793285388,3.5457809062558123,53.81867307572561,59.93739367778033,57.24222539936236,55.96022528644477,0.0,0.0,0.0,0.0,426.48751065279095,1466.2516339611675,792.193696167164,790.4049538107226,140.35796024613416,345.7217522153916,227.30223727056034,212.23528743537423,2335402.9462540536,6274345.622066871,3874685.2318102936,3714032.88278854,140.35796024613416,345.7217522153916,227.30223727056034,212.23528743537423,0.0,0.0,0.0,0.0,0.0,0.0,0.0,0.0,2335402.9462540536,6274345.622066871,3874685.2318102936,3714032.88278854,0.0,0.0,0.0,0.0,0.0,0.0,0.0,0.0
21,4040.5724567532093,10762.331291879374,6624.129353083983,6393.188049047367,4040.5724567532093,10762.331291879374,6624.129353083983,6393.188049047367,0.0,0.0,0.0,0.0,19432797.50595341,57877180.58326799,33839252.89979298,32888331.58301351,0.0,0.0,0.0,0.0,19432797.50595341,57877180.58326799,33839252.89979298,32888331.58301351,5702796.360050459,13367539.405855311,8609150.731269896,8385456.4260821575,1675058.5392467938,4158047.6391354077,2648857.0462478874,2544104.7242078087,7607700.359393705,9441343.515101083,8349384.220491812,8249475.463891286,734344.5557322118,877397.3743153366,781170.3356778307,784413.0422363055,0.0,0.0,0.0,0.0,2730014.247325582,7821114.291944016,4666385.914875788,4511899.262942034,5697575.642042746,7394710.052342283,6417707.265437037,6291572.685647584,1872167.0660304483,1582531.2798829898,1695212.326730074,1770794.5408788377,27051920.11841942,47685926.27099471,34963111.459278546,34273822.27182077,-7619122.6124660075,10191254.312273273,-1123858.5594855638,-1385490.6888072598,-156448587.57343885,-71103464.35565059,-121963687.60829416,-126577794.44721296,60.97666666666667,144.32433333333333,92.5745,90.14835,3.4616886323519007,3.31314829036063,3.350579413493941,3.4096995126549556,53.96372705417557,60.11898435695854,57.4069375876961,56.11806711014961,0.0,0.0,0.0,0.0,463.49691852144883,1663.780045301604,875.3327481994155,883.5960128945031,150.54524097271323,384.5879222940941,248.2080445910858,232.46017943519655,2614140.0176952197,7405169.280618616,4447552.727825933,4291000.259718409,150.54524097271323,384.5879222940941,248.2080445910858,232.46017943519655,0.0,0.0,0.0,0.0,0.0,0.0,0.0,0.0,2614140.0176952197,7405169.280618616,4447552.727825933,4291000.259718409,0.0,0.0,0.0,0.0,0.0,0.0,0.0,0.0
22,4472.16224926502,12529.45342289322,7517.638291751994,7292.2141600348905,4472.16224926502,12529.45342289322,7517.638291751994,7292.2141600348905,0.0,0.0,0.0,0.0,21549278.111200236,67554088.15724094,38480677.29857205,37650961.62731448,0.0,0.0,0.0,0.0,21549278.111200236,67554088.15724094,38480677.29857205,37650961.62731448,6145145.822497203,15157255.261727598,9509376.465796176,9299384.12622784,1796405.0764474564,4684265.302077906,2913267.1236933526,2807156.155418114,7918089.561072489,9960949.579592494,8744924.347700546,8633090.56755449,756271.677028143,930415.7911361424,809085.2350043725,817222.1169659428,0.0,0.0,0.0,0.0,3038007.272485519,9156165.728845496,5320673.303117254,5179362.732211511,5938901.392657257,7850657.6383562675,6751310.00419576,6608016.078651911,1309418.3463068977,1283731.95345974,1305579.655952353,1300428.1088103924,28046882.78216689,52575659.63262258,37395506.982913576,36631954.67982638,-6497604.670966654,14978428.524618378,1085170.3156584834,1019006.9474881068,-162946192.2444055,-56125035.83103221,-120878517.29263568,-125558787.49972486,64.978,161.61766666666668,101.053,98.80188333333334,3.334067366847457,3.1876449049108766,3.2241647579065593,3.2828195051696536,54.109249745102524,60.30121803131024,57.572206187450966,56.27643864527523,0.0,0.0,0.0,0.0,492.3505863700286,1898.3545654211978,979.1414725932289,984.4519790379378,160.64942003758364,424.21628011388486,269.0953454174286,252.89782106428905,2914919.6258930117,8681577.087490195,5075887.934968947,4933249.737452026,160.64942003758364,424.21628011388486,269.0953454174286,252.89782106428905,0.0,0.0,0.0,0.0,0.0,0.0,0.0,0.0,2914919.6258930117,8681577.087490195,5075887.934968947,4933249.737452026,0.0,0.0,0.0,0.0,0.0,0.0,0.0,0.0
23,4930.153991464538,14484.863588049027,8491.744571022611,8274.30235026911,4930.153991464538,14484.863588049027,8491.744571022611,8274.30235026911,0.0,0.0,0.0,0.0,23796291.8106823,78281549.43100278,43551215.82373506,42866131.97779447,0.0,0.0,0.0,0.0,23796291.8106823,78281549.43100278,43551215.82373506,42866131.97779447,6605378.319514066,17095019.181720465,10477133.112669405,10276752.621286307,1918806.235377316,5244009.902871951,3188650.4104135768,3082627.519000438,8242300.065121779,10492692.228266738,9157860.039059956,9029937.322222516,774198.0416326341,984903.9640125418,838199.4376657105,847945.1144656017,0.0,0.0,0.0,0.0,3364082.56567466,10664404.039025113,6041161.8306535585,5919195.081347318,6182283.988674066,8318034.4592104135,7092141.165182419,6929796.653361788,1005370.240743223,1094723.6997767163,930030.0509412761,1036643.9514049457,29356378.962795846,58010529.724285424,40036190.6076635,39385331.7293172,-5560087.152113546,20271019.706717376,3515025.216071571,3480800.248477277,-168506279.39651904,-35854016.12431484,-117363492.07656412,-122077987.25124757,69.055,179.98566666666667,109.9935,107.88073333333334,3.2151047596435003,3.070951801100885,3.1069527566116824,3.1646512241535847,54.255242850915344,60.484097215518155,57.738033287199535,56.43534187852633,0.0,0.0,0.0,0.0,526.7633959784995,2125.163261755879,1076.2409434710023,1086.2033490005824,170.42400152666542,464.7723437076459,290.15169693996774,273.4459212900086,3232391.716680036,10133113.223586144,5772101.594785809,5647644.244097173,170.42400152666542,464.7723437076459,290.15169693996774,273.4459212900086,0.0,0.0,0.0,0.0,0.0,0.0,0.0,0.0,3232391.716680036,10133113.223586144,5772101.594785809,5647644.244097173,0.0,0.0,0.0,0.0,0.0,0.0,0.0,0.0
24,5406.272459238043,16662.671076670547,9531.067398812731,9346.01197533942,5406.272459238043,16662.671076670547,9531.067398812731,9346.01197533942,0.0,0.0,0.0,0.0,26134638.388247997,90241709.24187669,48971156.7979655,48572113.18701804,0.0,0.0,0.0,0.0,26134638.388247997,90241709.24187669,48971156.7979655,48572113.18701804,7068080.657398489,19215230.1132978,11487460.549242027,11319582.966963248,2038057.786246531,5836673.097203588,3468477.5105225737,3367573.1450815005,8565473.746895757,11038205.061505048,9567907.452160565,9430929.707009008,788161.2630403065,1039994.3695248753,865878.2721508325,876302.8503099056,0.0,0.0,0.0,0.0,3708106.3762853094,12339489.184833944,6822604.139861006,6729090.359277331,6424404.406983403,8794474.093907487,7431310.209760206,7253928.797406832,851587.0405462759,793470.0738970955,846344.6909293361,831246.1022190627,30831995.22022934,63804007.73613978,43089247.51610423,42372199.600797996,-4697356.831981342,26437701.50573693,5881909.281861275,6199913.586220052,-173203636.2285004,-9416314.618577914,-111481582.79470281,-115878073.66502753,73.06566666666667,199.698,119.14,117.38698333333335,3.104243925309261,2.9622759727300814,2.997643556679452,3.0545551419065484,54.40170808074448,60.667624434809454,57.904420983974966,56.594778804667214,0.0,0.0,0.0,0.0,554.6504187318559,2389.0270807340967,1159.6870652029897,1196.68225043264,180.0791750897821,505.1482741769552,310.9203553392121,293.8533597702927,3569443.771602345,11742232.414650422,6532682.373560259,6429919.796669172,180.0791750897821,505.1482741769552,310.9203553392121,293.8533597702927,0.0,0.0,0.0,0.0,0.0,0.0,0.0,0.0,3569443.771602345,11742232.414650422,6532682.373560259,6429919.796669172,0.0,0.0,0.0,0.0,0.0,0.0,0.0,0.0
25,5904.150301948105,19046.247538606487,10649.369958481728,10503.884334778539,5904.150301948105,19046.247538606487,10649.369958481728,10503.884334778539,0.0,0.0,0.0,0.0,28587706.275576282,103355905.32768786,54819922.48040771,54756575.943815336,0.0,0.0,0.0,0.0,28587706.275576282,103355905.32768786,54819922.48040771,54756575.943815336,7544035.436631859,21492954.92616634,12559533.945147019,12426157.257968929,2153412.9469985687,6453469.93007521,3757371.233068844,3658432.8910753927,8885316.998644242,11603892.439264404,9994366.940859564,9836818.402861297,800684.1589864326,1097692.7997322169,892855.9874213473,904637.183247457,0.0,0.0,0.0,0.0,4066572.311246703,14198769.483779972,7661016.223226078,7612841.321633347,6662984.586166427,9280470.584175041,7772696.971856266,7579104.685469441,713681.0356636727,651953.698599109,614171.3020141604,692076.4676910754,32345199.71822921,70215159.45463057,46161591.00674612,45599685.62596968,-3757493.442652922,33140745.873057302,8658331.473661575,9156890.317845656,-176961129.6711533,23724431.25447939,-102823251.32104126,-106721183.34718187,77.109,220.46366666666665,128.6795,127.28313333333332,3.0006033727574275,2.861202365466898,2.895419518262601,2.9518130202057424,54.54864715047004,60.85180222500236,58.07137138330737,56.75475142655635,0.0,0.0,0.0,0.0,585.5062120380148,2650.05238999388,1261.3708141250117,1308.0973743225675,189.40129462021082,545.1143212861881,331.03233375623984,313.9008539533029,3920195.7582372,13536256.386281505,7345673.519694826,7285816.978052706,189.40129462021082,545.1143212861881,331.03233375623984,313.9008539533029,0.0,0.0,0.0,0.0,0.0,0.0,0.0,0.0,3920195.7582372,13536256.386281505,7345673.519694826,7285816.978052706,0.0,0.0,0.0,0.0,0.0,0.0,0.0,0.0
26,6419.680194714675,21655.009539152845,11833.971956284773,11752.045465268035,6419.680194714675,21655.009539152845,11833.971956284773,11752.045465268035,0.0,0.0,0.0,0.0,31132828.640754256,117737275.13771507,61039815.47212829,61444384.91469054,0.0,0.0,0.0,0.0,31132828.640754256,117737275.13771507,61039815.47212829,61444384.91469054,8025619.856363792,23944227.229115922,13664207.557696044,13597132.436827037,2264306.6463949624,7095584.189248579,4042494.0997105427,3955253.786393728,9224289.826077275,12173809.070184011,10424479.122480238,10256621.561514633,813689.9205751797,1160549.9998523223,921040.5774104713,935090.9483221796,0.0,0.0,0.0,0.0,4442224.948885874,16239116.204769831,8561460.771969587,8571136.888445258,6899868.62148584,9772366.618997864,8117614.653350937,7905242.920615048,522395.8682156655,367661.3035307864,402320.9973943949,468238.77057595784,33845891.341390625,76945569.61467025,49373595.98257181,48930778.73703849,-2713062.7006363603,40791705.52304483,11666219.489556488,12513606.177652055,-179674192.37178966,64516136.77752422,-91157031.83148476,-94207577.16952981,81.09733333333334,242.37266666666667,138.281,137.5437,2.9034510236984334,2.766143096323633,2.7993489600532793,2.8553932491172533,54.69606178275029,61.03663313255282,58.238886599260184,56.91526175518118,0.0,0.0,0.0,0.0,616.2760301977238,2942.9216224666006,1353.8895996337262,1430.6019874918306,198.248170885259,584.118180132833,350.435789475998,333.3026741219099,4288155.941336443,15503385.79915318,8222988.372061156,8213486.391572301,198.248170885259,584.118180132833,350.435789475998,333.3026741219099,0.0,0.0,0.0,0.0,0.0,0.0,0.0,0.0,4288155.941336443,15503385.79915318,8222988.372061156,8213486.391572301,0.0,0.0,0.0,0.0,0.0,0.0,0.0,0.0
27,6951.459273992213,24462.478566545396,13076.199720322747,13080.316026385826,6951.459273992213,24462.478566545396,13076.199720322747,13080.316026385826,0.0,0.0,0.0,0.0,33768120.21512736,133264768.01314852,67574391.87362367,68591946.94443476,0.0,0.0,0.0,0.0,33768120.21512736,133264768.01314852,67574391.87362367,68591946.94443476,8523178.155601872,26533622.472529277,14810470.617458919,14826833.666526463,2369033.717936983,7746009.246490399,4319246.790326393,4250975.152930679,9554418.228500832,12749553.306785772,10852822.516475804,10672715.505900562,827118.0631143611,1228559.9995345115,950805.1048594501,967622.7408614138,0.0,0.0,0.0,0.0,4830172.561097469,18461452.455365025,9516371.212711131,9601120.524091113,7134586.10366421,10267025.752288062,8459639.522452993,8230939.980682557,327074.6243115314,304007.01617976895,265824.158414801,319000.96146541456,35359058.51064319,84299189.32553247,52762008.21762394,52488104.295854434,-1590938.2955158385,48965578.68761606,14812383.65599973,16103842.648580324,-181265130.6673055,113481715.46514028,-76344648.17548504,-78103734.52094948,85.117,265.1053333333333,148.0365,148.11291666666665,2.8131039276740535,2.6780487477511574,2.7112113750223816,2.7658346147010398,54.84395370705007,61.22211971460157,58.40696875446682,57.076311809693095,0.0,0.0,0.0,0.0,640.99305993732,3203.4447388310527,1441.5955675675548,1537.8511475501264,206.77924071994454,621.5454765356121,368.9863141952223,351.9474232554282,4669924.296113139,17660591.270657264,9155972.320819244,9216657.737203583,206.77924071994454,621.5454765356121,368.9863141952223,351.9474232554282,0.0,0.0,0.0,0.0,0.0,0.0,0.0,0.0,4669924.296113139,17660591.270657264,9155972.320819244,9216657.737203583,0.0,0.0,0.0,0.0,0.0,0.0,0.0,0.0
28,7499.282933097309,27502.615167418742,14353.671805149788,14500.44921510981,7499.282933097309,27502.615167418742,14353.671805149788,14500.44921510981,0.0,0.0,0.0,0.0,36494187.73853096,150136533.7279586,74323729.70818602,76269008.83483063,0.0,0.0,0.0,0.0,36494187.73853096,150136533.7279586,74323729.70818602,76269008.83483063,9022312.378223127,29307809.666117553,15962151.814407732,16122236.428986177,2467233.722209878,8405480.758799614,4581299.891910681,4545620.185016286,9885699.397183232,13345943.606894815,11290135.472221,11096784.870582286,840929.3790616675,1302416.0131487139,981725.3082800105,1002449.7009921337,0.0,0.0,0.0,0.0,5233139.095818297,20869304.66804811,10512756.494121384,10705797.046098731,7367995.013792037,10768312.685951175,8793908.711478721,8558106.199047735,152653.9755141496,138324.02237542003,117087.85711500155,147638.49191559426,36907854.344578125,92033289.34203112,56185115.57048137,56201756.59368667,-413666.6060471624,58103244.38592747,18138614.13770465,20067252.241143957,-181678797.27335268,171584959.85106778,-58206034.03778038,-58036482.27980553,89.06033333333333,288.89733333333334,157.5695,159.00328333333334,2.7285120250297927,2.5948530025311562,2.627136182361292,2.68173136715527,54.99232465966945,61.40826453902116,58.575619980167446,57.23790361744255,0.0,0.0,0.0,0.0,671.6842541967784,3518.3578643033275,1506.390852311337,1668.0200177340705,214.8625413002419,656.4946647951009,386.50881501916484,369.43378452344257,5065218.0322691025,19989715.20197228,10136158.78104355,10288792.041665215,214.8625413002419,656.4946647951009,386.50881501916484,369.43378452344257,0.0,0.0,0.0,0.0,0.0,0.0,0.0,0.0,5065218.0322691025,19989715.20197228,10136158.78104355,10288792.041665215,0.0,0.0,0.0,0.0,0.0,0.0,0.0,0.0
29,8066.847471123629,30682.797948565385,15689.665251327293,15982.430138228243,8066.847471123629,30682.797948565385,15689.665251327293,15982.430138228243,0.0,0.0,0.0,0.0,39314638.09551932,167862761.1930792,81392535.79199894,84306481.17966527,0.0,0.0,0.0,0.0,39314638.09551932,167862761.1930792,81392535.79199894,84306481.17966527,9528913.452923613,32152081.863750413,17156511.5350339,17447022.396712992,2559104.9501521913,9044191.080788452,4833335.328118818,4828885.095874882,10225661.788003033,13945323.318800785,11729270.599079194,11527543.323782247,855422.5293759122,1379150.5479579929,1013521.7900724227,1038727.3358796404,0.0,0.0,0.0,0.0,5649820.248641177,23458569.43973736,11549318.159419911,11882882.465524841,7602771.298597137,11260229.155893035,9126953.957471276,8882881.548650702,116074.51100666341,94449.66948873129,196376.64383551455,108505.81647538717,38625479.51113855,100162820.21818385,59927538.56475179,60163548.75860441,689158.5843807738,67699940.97489536,21464997.227247134,24142932.42106088,-180989638.68897188,239284900.82596314,-36741036.81053325,-33893549.858744636,92.989,312.69533333333334,167.2125,169.88621666666666,2.648579069119324,2.51666481903731,2.549415810530877,2.6024090815906193,55.14117638377246,61.595070184463516,58.7448424162459,57.40003921401433,0.0,0.0,0.0,0.0,702.768351446129,3752.3575221742776,1603.0348127680372,1770.1245612009811,222.5307199003456,689.1217832463685,402.99965017639084,385.8375920714536,5474128.160779644,22520480.05919379,11148559.456227902,11440351.325224593,222.5307199003456,689.1217832463685,402.99965017639084,385.8375920714536,0.0,0.0,0.0,0.0,0.0,0.0,0.0,0.0,5474128.160779644,22520480.05919379,11148559.456227902,11440351.325224593,0.0,0.0,0.0,0.0,0.0,0.0,0.0,0.0
30,8632.154629316105,34059.998326654364,17059.5201128942,17531.899923384495,8632.154629316105,34059.998326654364,17059.5201128942,17531.899923384495,0.0,0.0,0.0,0.0,42138726.83771793,186693585.37288412,88665879.5588848,92732927.3250261,0.0,0.0,0.0,0.0,42138726.83771793,186693585.37288412,88665879.5588848,92732927.3250261,10027882.667972827,35159230.52373689,18353744.735095657,18823854.417490248,2639493.54270686,9671442.651938522,5067812.357857027,5100675.730937942,10551094.659278482,14542939.011580724,12165896.558286322,11948240.182584267,869689.3050709225,1460884.736217383,1046504.2761637436,1076607.7059721837,0.0,0.0,0.0,0.0,6075764.116963816,26186444.486211427,12626950.546303382,13114502.24620048,7827439.112877355,11754279.912175925,9451570.092397297,9201833.392631855,107966.41809488376,125308.63219683015,190121.54338613563,114036.19303056499,40336748.06045054,108720136.3504284,63611254.52834588,64270933.96194279,1801978.7772673804,77973449.02245575,25054625.0305389,28461993.36308331,-179187659.9117045,317258349.8484189,-11686411.779994342,-5431556.495661333,96.701,337.33133333333336,176.6785,180.92161666666667,2.57377027820655,2.444145889826784,2.476058272925325,2.528401742273632,55.29051062941595,61.78253924040743,58.91463821126686,57.56272064326296,0.0,0.0,0.0,0.0,714.2736105436733,4028.121228998178,1672.280710014175,1874.12027700275,230.07587642987332,718.3740200249503,418.07855872630677,400.9802266881502,5897195.714327899,25179414.178961884,12208880.36879984,12645972.176949793,230.07587642987332,718.3740200249503,418.07855872630677,400.9802266881502,0.0,0.0,0.0,0.0,0.0,0.0,0.0,0.0,5897195.714327899,25179414.178961884,12208880.36879984,12645972.176949793,0.0,0.0,0.0,0.0,0.0,0.0,0.0,0.0
31,9202.208244565214,37554.77259369785,18474.215472121326,19125.605766761637,9202.208244565214,37554.77259369785,18474.215472121326,19125.605766761637,0.0,0.0,0.0,0.0,45001376.71100932,206253164.0124611,96215453.64742954,101439502.26651745,0.0,0.0,0.0,0.0,45001376.71100932,206253164.0124611,96215453.64742954,101439502.26651745,10524651.366620926,38221405.31242971,19592260.20761125,20218515.247654,2708837.999649346,10257362.858361395,5288453.660809085,5350821.700198563,10890352.101206822,15137818.042565282,12599539.631646106,12376965.180682283,884074.9220405725,1545284.748917244,1080653.692163262,1115498.3614474074,0.0,0.0,0.0,0.0,6504565.191334686,29067709.07672517,13736691.335415803,14401665.551221356,8045557.062181264,12240105.204097,9774246.15678899,9513648.911851771,353568.8579257181,397280.8609554614,439867.0333345217,368868.0589861283,42300840.16562925,117714601.08458614,67621843.47446367,68695656.48726416,2700536.545380068,88538562.92787495,28593610.172965866,32743845.779253274,-176487123.36632445,405796912.77629375,16907198.39297152,27312289.28359191,100.30866666666667,361.74733333333336,186.2025,191.81220000000002,2.503799259001221,2.3762400240843853,2.407058070187296,2.4591535267803284,55.44032915357865,61.970674307206444,59.08500952251305,57.72594995734838,0.0,0.0,0.0,0.0,735.02466270799,4254.685083170187,1747.237606332333,1966.9058098697587,237.07372052752444,744.3486180343674,431.61735449437697,414.61993465491946,6320809.025657688,28004037.805932622,13299881.933832718,13909939.098753914,237.07372052752444,744.3486180343674,431.61735449437697,414.61993465491946,0.0,0.0,0.0,0.0,0.0,0.0,0.0,0.0,6320809.025657688,28004037.805932622,13299881.933832718,13909939.098753914,0.0,0.0,0.0,0.0,0.0,0.0,0.0,0.0
32,9788.488627629644,41224.045517198116,19911.549098191008,20790.933538978607,9788.488627629644,41224.045517198116,19911.549098191008,20790.933538978607,0.0,0.0,0.0,0.0,47949533.652437836,226854020.4852665,103905339.51436916,110566104.04392786,0.0,0.0,0.0,0.0,47949533.652437836,226854020.4852665,103905339.51436916,110566104.04392786,11031554.78768865,41401619.836765364,20828533.62356591,21661077.5548655,2770426.14257952,10817533.299619757,5488170.180977494,5586913.647543603,11222672.643616498,15739232.18775591,13025521.809241392,12803468.48406529,899011.6361852468,1634263.869033678,1115421.783646151,1156349.9176821976,0.0,0.0,0.0,0.0,6941051.09680367,32070775.27901527,14884920.55017268,15736454.560577728,8260324.576455416,12724829.06992545,10090006.292918144,9822901.149169927,888662.4396682157,830220.6220853098,738654.1277508365,868207.8035141986,44559079.96202042,127150411.5258886,71689893.58971976,73466046.00937428,3390453.6904174173,99703608.95937788,32215445.924649406,37100058.03455358,-173096669.67590705,505500521.7356717,49122644.31762093,64412347.3181455,103.90733333333333,386.534,195.4835,202.82666666666665,2.43757163373103,2.312505330243247,2.34347286727127,2.3937984275103057,55.590633720190205,62.15947799613696,59.255958516022716,57.88972921677157,0.0,0.0,0.0,0.0,763.378360609086,4531.202708584431,1810.4100122330071,2082.1168824004567,243.5487461521191,766.4000486283993,443.9685002191529,426.54670201881714,6750206.506651398,30937974.601869166,14432318.04711443,15215925.339977615,243.5487461521191,766.4000486283993,443.9685002191529,426.54670201881714,0.0,0.0,0.0,0.0,0.0,0.0,0.0,0.0,6750206.506651398,30937974.601869166,14432318.04711443,15215925.339977615,0.0,0.0,0.0,0.0,0.0,0.0,0.0,0.0
33,10374.186063504956,44949.31731798824,21364.604632425453,22475.482002574106,10374.186063504956,44949.31731798824,21364.604632425453,22475.482002574106,0.0,0.0,0.0,0.0,50903825.30881909,247836500.740301,111710773.14785434,119830261.70983776,0.0,0.0,0.0,0.0,50903825.30881909,247836500.740301,111710773.14785434,119830261.70983776,11538975.989299877,44610256.72173267,22065799.813938964,23113924.245651353,2817937.5548868696,11316700.362232039,5656718.317479587,5792504.5374576785,11562497.86461493,16343525.30276867,13464033.329792993,13235857.46796874,913998.7492751414,1724272.049199648,1150751.0282866922,1197594.4042487186,0.0,0.0,0.0,0.0,7385658.12747324,35208253.13593635,16053264.244299205,17123566.380435325,8469806.766317373,13189121.813620524,10394554.866173202,10121567.032873476,1058393.605563935,1067383.8117695795,1086732.035412145,1061540.1777359105,46449020.19071641,136496006.79694742,75805687.60628396,77965465.50289726,4454805.118102694,111340493.9433536,35905085.54157037,41864796.20694051,-168641864.55780435,616841015.6790253,85027729.85919131,106277143.525086,107.39166666666667,410.779,204.4695,213.57723333333334,2.37597829817709,2.2527363132972407,2.2827914110829517,2.3328436034691427,55.74142610016053,62.348952929446355,59.42748736662725,58.05406049041058,0.0,0.0,0.0,0.0,772.9123184302601,4720.600252585515,1869.8532685753262,2154.6030953845993,249.6664541510564,785.4053939198736,455.20224210496485,437.1750830701424,7192430.047865674,34028103.072789975,15585800.927155372,16584915.60658918,249.6664541510564,785.4053939198736,455.20224210496485,437.1750830701424,0.0,0.0,0.0,0.0,0.0,0.0,0.0,0.0,7192430.047865674,34028103.072789975,15585800.927155372,16584915.60658918,0.0,0.0,0.0,0.0,0.0,0.0,0.0,0.0
34,10956.82754629213,48775.54837380198,22830.64946372291,24193.37983592058,10956.82754629213,48775.54837380198,22830.64946372291,24193.37983592058,0.0,0.0,0.0,0.0,53854621.53258426,269482031.8537775,119633184.6279357,129324215.14500189,0.0,0.0,0.0,0.0,53854621.53258426,269482031.8537775,119633184.6279357,129324215.14500189,12033653.918458214,47874337.00278317,23308146.871001862,24577892.99797195,2854000.6328291427,11774246.822630636,5803964.2140061045,5976086.799259665,11891990.129801387,16939809.96468388,13893915.78730957,13658727.07201026,928863.9704551919,1817045.3898316838,1186411.414095894,1239727.467236964,0.0,0.0,0.0,0.0,7831882.244655751,38407391.969401725,17235317.981162798,18533310.64831684,8670200.312740812,13644836.728232615,10690391.903721692,10411323.058162943,1485250.809945186,1267889.2600782039,1364030.491220258,1409174.2674917423,48554241.99299788,145901067.3532168,79837098.93624842,82625630.8690745,5300379.539586379,123580964.50056073,39796085.69168727,46698584.275927395,-163341485.01821798,740421980.179586,124823815.55087857,152975727.8010134,110.656,434.9103333333333,213.2645,224.14501666666666,2.31786881492072,2.19672971712728,2.2262771045285317,2.275470130693016,55.8927080714091,62.539101740401705,59.59959825798894,58.21894585555651,0.0,0.0,0.0,0.0,785.2337933315412,4927.667433426293,1914.8080359385963,2235.0855673647043,255.43802519290944,800.966639027474,464.964804327465,446.37304003500697,7635573.7963228645,37175475.11104516,16756615.97217815,17974539.256475665,255.43802519290944,800.966639027474,464.964804327465,446.37304003500697,0.0,0.0,0.0,0.0,0.0,0.0,0.0,0.0,7635573.7963228645,37175475.11104516,16756615.97217815,17974539.256475665,0.0,0.0,0.0,0.0,0.0,0.0,0.0,0.0
35,11552.304479942595,52657.693927245695,24313.92745868501,25939.19078649868,11552.304479942595,52657.693927245695,24313.92745868501,25939.19078649868,0.0,0.0,0.0,0.0,56883683.629932895,291527591.4183658,127643524.63026655,139009051.3558844,0.0,0.0,0.0,0.0,56883683.629932895,291527591.4183658,127643524.63026655,139009051.3558844,12532994.371065313,51151132.04534698,24536109.94922294,26049342.557063896,2881354.1741674747,12175943.342081841,5928457.402031059,6134460.382937503,12222514.001617597,17544849.99101619,14324908.63109138,14085331.597907104,943948.4567751015,1910686.912364999,1222282.237399765,1282306.9162315656,0.0,0.0,0.0,0.0,8280043.785576886,41700947.119508125,18438479.401759543,19977359.95245282,8869979.008783696,14089679.918264756,10975986.866817357,10696874.327102067,1602654.0183693548,1658583.529173555,1879400.7985033556,1622229.347150825,50352417.747077025,155566046.2955298,84087604.08374944,87177187.73903549,6531265.882855868,135961545.12283596,43555920.546517104,51831863.6168489,-156810219.1353621,876383525.302422,168379736.0973957,204807591.41786236,113.89866666666667,458.35133333333334,221.6625,234.45710000000003,2.262890573772446,2.1439032231756983,2.1719225455960305,2.2212450010635845,56.04448141889455,62.72992707333826,59.77229338263892,58.384387397949844,0.0,0.0,0.0,0.0,807.4022227569872,5114.569365765969,1974.0068302767556,2314.910722810131,260.7934182126828,813.0498295247965,473.6055080334153,454.0831621719226,8078193.229887638,40422304.77806663,17944977.694190353,19398632.271750282,260.7934182126828,813.0498295247965,473.6055080334153,454.0831621719226,0.0,0.0,0.0,0.0,0.0,0.0,0.0,0.0,8078193.229887638,40422304.77806663,17944977.694190353,19398632.271750282,0.0,0.0,0.0,0.0,0.0,0.0,0.0,0.0
36,12128.947185552579,56555.54617951979,25779.934431617512,27678.2568334411,12128.947185552579,56555.54617951979,25779.934431617512,27678.2568334411,0.0,0.0,0.0,0.0,59834250.84319297,313843704.0710561,135632145.65844783,148737559.47294506,0.0,0.0,0.0,0.0,59834250.84319297,313843704.0710561,135632145.65844783,148737559.47294506,13017609.856379036,54445026.86264125,25777876.58090167,27517205.80857081,2894744.995438996,12512058.900880598,6022820.447479978,6260804.862343557,12559785.815906975,18138069.077004272,14746355.713632295,14512184.95729103,958757.7448713132,2005229.1812723242,1257418.3482728915,1325022.747611667,0.0,0.0,0.0,0.0,8734182.004641596,45043367.02640981,19645743.360152557,21442396.76226047,9053898.856060315,14515980.04914515,11254582.639185054,10965627.273640007,1993589.424034828,2012424.1083754613,2047792.2289138949,2000181.5635540497,52387546.5445415,165177075.44268218,87960565.64977773,91863881.65889072,7446704.298651472,148666628.62837398,47671580.00867012,56873677.81405435,-149363514.83671063,1025050153.930796,216051316.1060658,261681269.2319167,116.87633333333333,481.1433333333333,229.863,244.36978333333332,2.2115781347703987,2.09400264099393,2.1223306432698608,2.1704267119486347,56.19674793464424,62.92143158370856,59.94557494201534,58.550387211816755,0.0,0.0,0.0,0.0,806.5178406066547,5256.913254619806,1996.8586624503023,2364.156235511258,265.8557496179694,822.3959132020408,481.09944099862895,460.6448068723944,8532552.544489933,43729138.71275487,19146528.694539983,20851357.70338266,265.8557496179694,822.3959132020408,481.09944099862895,460.6448068723944,0.0,0.0,0.0,0.0,0.0,0.0,0.0,0.0,8532552.544489933,43729138.71275487,19146528.694539983,20851357.70338266,0.0,0.0,0.0,0.0,0.0,0.0,0.0,0.0
37,12713.07731074525,60455.081455337684,27255.517329087845,29422.7787613526,12713.07731074525,60455.081455337684,27255.517329087845,29422.7787613526,0.0,0.0,0.0,0.0,62828527.07501369,336217492.5683153,143699446.30709496,158514664.99766925,0.0,0.0,0.0,0.0,62828527.07501369,336217492.5683153,143699446.30709496,158514664.99766925,13506356.986405289,57733650.572057046,26990535.525594573,28985909.741383404,2900545.9756647353,12788078.20208739,6089904.980874132,6361182.254912664,12884172.73326859,18721172.09372933,15180223.13515908,14927122.50942985,973570.093561578,2099677.473396742,1293286.956710667,1367707.6765038853,0.0,0.0,0.0,0.0,9181925.288626973,48423575.21257347,20857391.281251136,22916502.762008242,9236481.290168183,14927796.036161311,11525024.347006755,11228441.451265778,2307444.4814018616,2262167.0450182674,2396564.1630827277,2291597.3786676037,54323770.52955215,174635737.3593074,91970569.92321536,96432958.91996649,8504756.54546155,161581755.20900792,51728876.383879624,62081706.077702776,-140858758.2912491,1186631909.1398041,267780192.4899454,323762975.3096195,119.82833333333333,503.12766666666664,237.5995,253.98309999999998,2.1628052946894973,2.0475319085874863,2.0738825109311363,2.1224596095537933,56.34950941778415,63.113617938131505,60.119445146501576,58.71694739990572,0.0,0.0,0.0,0.0,827.1506485921019,5388.078407660185,2050.277729935856,2423.4753642659307,270.46100092999126,828.4949145380625,487.2450758649813,465.7728706928162,8975137.626478946,47076555.610658415,20344821.848767176,22310633.92094176,270.46100092999126,828.4949145380625,487.2450758649813,465.7728706928162,0.0,0.0,0.0,0.0,0.0,0.0,0.0,0.0,8975137.626478946,47076555.610658415,20344821.848767176,22310633.92094176,0.0,0.0,0.0,0.0,0.0,0.0,0.0,0.0
38,13295.631312909018,64325.73081602646,28729.688304477095,31156.166139000125,13295.631312909018,64325.73081602646,28729.688304477095,31156.166139000125,0.0,0.0,0.0,0.0,65835715.259772666,358606614.7158804,151789502.4975675,168305530.06941035,0.0,0.0,0.0,0.0,65835715.259772666,358606614.7158804,151789502.4975675,168305530.06941035,14002991.574521536,60980407.645442426,28221687.9031455,30445087.199343845,2894701.85466251,12993714.86789903,6139877.61942409,6429356.409295292,13221133.729723379,19299954.509293538,15592189.765454415,15348721.002572935,988330.7673661062,2193240.727254305,1329262.8810700579,1410049.2533269757,0.0,0.0,0.0,0.0,9634699.91050797,51802044.067597024,22078478.85315081,24393270.365489136,9413732.880102428,15323728.78276738,11783648.773873843,11482231.446035162,2637385.9577928847,2732853.099244388,2424149.78036896,2670799.4573009107,56285383.12333523,184181504.6086621,95638163.44018072,101049025.64319962,9550332.136437425,174425110.10721827,56151339.05738679,67256504.42621072,-131308426.15481165,1361057019.247022,323931531.5473322,391019479.73583007,122.72466666666666,524.123,245.2625,263.21408333333335,2.1174546596879473,2.004181938350567,2.0290941867057404,2.077809207219864,56.50276767456862,63.306488814441806,60.29390621546475,58.884070073524235,0.0,0.0,0.0,0.0,841.6833970236595,5477.68072939895,2094.247628346247,2464.282463355011,274.811371339429,832.2004500246304,492.484221373177,469.8975488792495,9424279.061252056,50432623.8852473,21554916.94606425,23777199.74965039,274.811371339429,832.2004500246304,492.484221373177,469.8975488792495,0.0,0.0,0.0,0.0,0.0,0.0,0.0,0.0,9424279.061252056,50432623.8852473,21554916.94606425,23777199.74965039,0.0,0.0,0.0,0.0,0.0,0.0,0.0,0.0
39,13875.706608978744,68220.70748228034,30166.278167357133,32896.456914634306,13875.706608978744,68220.70748228034,30166.278167357133,32896.456914634306,0.0,0.0,0.0,0.0,68835754.27318725,381206307.64155143,159728912.49260357,178165447.9521147,0.0,0.0,0.0,0.0,68835754.27318725,381206307.64155143,159728912.49260357,178165447.9521147,14491500.03136726,64239969.94061939,29408281.896575708,31903464.499605503,2882535.525828792,13153846.064637855,6153720.110031315,6477494.214411964,13551828.071908465,19877628.93615236,16009263.002091087,15765858.374393828,1003202.7361503928,2287715.437918451,1364275.8758382997,1452782.1817692132,0.0,0.0,0.0,0.0,10088505.127495179,55200317.214897156,23293337.057207845,25877639.358085867,9583170.519042375,15704781.834409185,12028953.739009164,11725734.479420759,2818988.3285088236,2635143.1782960375,2526619.0144839324,2754642.525934349,58070779.37281218,193141811.7660022,99275872.71283063,105345640.71042868,10764974.90037506,188064495.8755493,60453039.77977297,72819807.24168603,-120543451.25443658,1549121515.1225712,384384571.3271052,463839286.97751606,125.48033333333333,544.5456666666666,252.3105,272.15319999999997,2.0744899295347112,1.9630178260305668,1.9874137959960476,2.035474693308261,56.65652451841053,63.50004690173961,60.468960377294366,59.051757352575706,0.0,0.0,0.0,0.0,852.5913541171225,5637.300030060366,2099.6467302908777,2527.2393906972575,278.7952498759189,833.394772518294,496.8136676084307,472.90508280075017,9875357.2889659,53790992.20738205,22768425.374635123,25245829.51041155,278.7952498759189,833.394772518294,496.8136676084307,472.90508280075017,0.0,0.0,0.0,0.0,0.0,0.0,0.0,0.0,9875357.2889659,53790992.20738205,22768425.374635123,25245829.51041155,0.0,0.0,0.0,0.0,0.0,0.0,0.0,0.0
40,14455.709936334664,72060.84142094241,31602.409329070233,34617.505955947374,14455.709936334664,72060.84142094241,31602.409329070233,34617.505955947374,0.0,0.0,0.0,0.0,71853122.50758764,403624120.2621148,167698671.8911653,187972971.72167218,0.0,0.0,0.0,0.0,71853122.50758764,403624120.2621148,167698671.8911653,187972971.72167218,14981807.847002434,67460393.9627743,30596475.844760463,33349312.987522587,2862870.257926716,13247368.551473806,6149729.541672326,6497444.660668197,13870603.73159406,20440944.551278688,16414138.460018296,16170223.01848368,1018074.2984004294,2380503.2875606576,1398866.2387096619,1494924.4446065093,0.0,0.0,0.0,0.0,10540811.315772273,58609530.07472382,24494012.509345878,27364862.88140531,9747538.499700934,16066059.078313926,12263849.14275008,11959020.702215482,2447076.3903578874,2358526.1789766327,2378966.8653912535,2416083.816374448,59279387.96190875,201783986.16146037,102612377.85388428,109155997.33175182,12573734.545678895,201840134.10065442,65086294.03728101,78816974.38992032,-107969716.70875768,1750961649.2232258,449470865.36438614,542656261.3674365,128.149,563.9126666666667,259.1265,280.66628333333335,2.033565748986982,1.9240700969323028,1.9477749103385396,1.9952422707678443,56.81078176991143,63.69429490044027,60.64460986944104,59.22001136559653,0.0,0.0,0.0,0.0,861.792699176746,5714.335713964393,2138.702541821366,2560.1827543524223,282.35751047799613,832.2738306252971,500.0733029340211,474.82822252955145,10325363.140978087,57180946.146232724,23959336.87389054,26724817.192817207,282.35751047799613,832.2738306252971,500.0733029340211,474.82822252955145,0.0,0.0,0.0,0.0,0.0,0.0,0.0,0.0,10325363.140978087,57180946.146232724,23959336.87389054,26724817.192817207,0.0,0.0,0.0,0.0,0.0,0.0,0.0,0.0
41,15032.203505886555,75872.1616381391,33030.36436295717,36326.18885217495,15032.203505886555,75872.1616381391,33030.36436295717,36326.18885217495,0.0,0.0,0.0,0.0,74861543.45546444,425985915.1270424,175652545.9638754,197755073.5405167,0.0,0.0,0.0,0.0,74861543.45546444,425985915.1270424,175652545.9638754,197755073.5405167,15477359.172815755,70703966.07491903,31801937.17990141,34806671.5885519,2837067.330927048,13292015.830267452,6125784.251074865,6496299.3056961885,14205977.95464386,21001852.85623158,16828535.094227627,16584534.170199562,1032791.6382113051,2472346.694791549,1433199.7006787518,1536635.9080143906,0.0,0.0,0.0,0.0,10996380.95691563,61990947.295592435,25694413.785096012,28844479.175452508,9906452.507659197,16415339.419266567,12489577.31122227,12184562.926721776,2095480.955259459,1826476.0149477813,2262645.7437596438,2001329.226150372,60520956.62172814,210101485.93472233,105976515.93358202,112874141.8812761,14340586.833736297,215884429.1923201,69676030.0302934,84880931.65924063,-93629129.8750214,1966846078.415546,519146895.39467955,627537193.0266771,130.75633333333334,582.8086666666667,265.8025,288.97465,1.9953796364640293,1.888178815416024,1.9103126950647993,1.9578593490972276,56.965541256891825,63.88923552232449,60.82085693845562,59.38883424979326,0.0,0.0,0.0,0.0,873.6503231099341,5789.31702510085,2158.4520056848824,2594.1336688067545,285.68182627818095,829.9807410198013,502.37764344627254,476.18644643774803,10777968.376138147,60543618.03931722,25154800.78367479,28195945.75825082,285.68182627818095,829.9807410198013,502.37764344627254,476.18644643774803,0.0,0.0,0.0,0.0,0.0,0.0,0.0,0.0,10777968.376138147,60543618.03931722,25154800.78367479,28195945.75825082,0.0,0.0,0.0,0.0,0.0,0.0,0.0,0.0
42,15595.435803788429,79590.26494672638,34408.090910784274,37993.62600381671,15595.435803788429,79590.26494672638,34408.090910784274,37993.62600381671,0.0,0.0,0.0,0.0,77821753.53929117,447970503.4046283,183386137.81486556,207373815.99215913,0.0,0.0,0.0,0.0,77821753.53929117,447970503.4046283,183386137.81486556,207373815.99215913,15953096.038843293,73862379.92166251,32959364.096802704,36221345.39783002,2801285.3913930957,13278216.188972868,6077512.114980266,6468211.170546016,14518688.144187037,21551476.465784118,17232833.082286328,16980164.056746013,1047246.1410663847,2561513.841949217,1466685.965739505,1577239.8363753762,0.0,0.0,0.0,0.0,11447886.68476319,65351845.54758276,26886733.927860565,30314272.286750037,10058865.971692313,16747929.573668335,12704394.946976257,12400038.232383922,1408984.5776304114,1966140.9350111322,1714678.449065469,1603989.3027136636,61362110.381354876,218874917.52816942,108792302.21493128,116491592.88273996,16459643.157936307,229095585.87645882,74593835.5999343,90882223.10941918,-77169486.7170851,2195941664.292005,593740730.9946138,718419416.1360964,133.13966666666667,600.2453333333333,271.8845,296.62665,1.9585973089936648,1.8531585923067457,1.8747230317925878,1.9216937581532432,57.12080481442164,64.08487149058863,60.99770384002819,59.55822815108009,0.0,0.0,0.0,0.0,874.6206657740936,5815.833114105616,2155.40813311701,2604.045022690126,288.5973247127392,825.7638643722485,503.70978056180917,476.6056135935674,11229231.518319665,63897887.26905636,26347881.89458131,29663261.031077504,288.5973247127392,825.7638643722485,503.70978056180917,476.6056135935674,0.0,0.0,0.0,0.0,0.0,0.0,0.0,0.0,11229231.518319665,63897887.26905636,26347881.89458131,29663261.031077504,0.0,0.0,0.0,0.0,0.0,0.0,0.0,0.0
43,16154.82638151074,83200.94600240915,35771.46412738994,39620.968248825186,16154.82638151074,83200.94600240915,35771.46412738994,39620.968248825186,0.0,0.0,0.0,0.0,80771557.48206748,469460050.09902734,191083271.6406472,216812529.89800343,0.0,0.0,0.0,0.0,80771557.48206748,469460050.09902734,191083271.6406472,216812529.89800343,16444960.040313447,76921329.56717055,34120679.22198728,37611689.37471343,2761426.1852548714,13211620.902237946,6013964.912166883,6418994.336198947,14839174.007972622,22100643.36420723,17638190.366848588,17380688.282654732,1061539.160364279,2647891.069814981,1499746.2756605842,1616762.328672025,0.0,0.0,0.0,0.0,11893990.366340732,68653610.83990018,28054665.298781,31759857.532086536,10203892.012416862,17055823.356751908,12912019.453693682,12602067.982934128,1759444.581000367,1337068.5518853206,1582756.2522495165,1611612.970810101,63245898.1716071,226615426.22229573,111980847.53225489,120425232.98934811,17525659.31046039,242844623.87673157,79102424.1083923,96387296.9086553,-59643827.4066247,2438786288.1687365,672843155.1030061,814806713.0447516,135.524,616.4576666666667,277.784,303.8507833333333,1.9246039860671347,1.8200819954532659,1.8414970474787,1.8880212893522808,57.27657428485077,64.2812055398952,61.17515283902755,59.72819522411632,0.0,0.0,0.0,0.0,882.9093417882159,5832.141316823768,2186.9785062046662,2615.1405330506586,291.31112060543006,820.4826611762086,504.0795325795199,476.5211598052025,11673263.030893676,67195575.51069424,27507920.672229834,31106072.398823872,291.31112060543006,820.4826611762086,504.0795325795199,476.5211598052025,0.0,0.0,0.0,0.0,0.0,0.0,0.0,0.0,11673263.030893676,67195575.51069424,27507920.672229834,31106072.398823872,0.0,0.0,0.0,0.0,0.0,0.0,0.0,0.0
44,16698.303330066752,86725.25880626492,37115.5148720101,41207.73774673611,16698.303330066752,86725.25880626492,37115.5148720101,41207.73774673611,0.0,0.0,0.0,0.0,83656165.34744684,490605592.9255355,198697372.2482619,226088464.99977785,0.0,0.0,0.0,0.0,83656165.34744684,490605592.9255355,198697372.2482619,226088464.99977785,16914192.3546871,79960300.48156188,35298142.683863044,38980330.199093275,2713361.0177187747,13100819.8279354,5933030.040729592,6348971.601294593,15169644.330053,22631039.74343395,18017470.22392412,17781132.724736333,1075525.7031973563,2732274.913294732,1532204.9633264404,1655387.926731438,0.0,0.0,0.0,0.0,12335526.976342648,71881803.30633335,29210512.21606958,33176723.691839393,10341619.131352074,17347402.536402926,13107389.24748156,12793643.323119871,1258323.6632971673,1031461.3556761346,1281667.4065730476,1178921.855629806,64241811.89901407,234486609.46594948,114944112.91127053,123827491.04744145,19414353.448432777,256118983.45958602,83753259.33699137,102260973.9523364,-40229473.95819193,2694905271.6283226,756596414.4399974,917067686.9970881,137.67533333333333,631.81,283.567,310.62246666666664,1.891975972121875,1.7889390988741154,1.8105055122169338,1.855913066485159,57.432851517839815,64.47824041642367,61.3532062095406,59.898737632344165,0.0,0.0,0.0,0.0,879.1734161301074,5851.183165917055,2192.085879890004,2619.376828555539,293.73745499975587,814.2924578308435,503.89278367060035,475.93170599063654,12115733.622310122,70419007.51485409,28662490.74609708,32521879.48470051,293.73745499975587,814.2924578308435,503.89278367060035,475.93170599063654,0.0,0.0,0.0,0.0,0.0,0.0,0.0,0.0,12115733.622310122,70419007.51485409,28662490.74609708,32521879.48470051,0.0,0.0,0.0,0.0,0.0,0.0,0.0,0.0
45,17235.131742308946,90201.06014575307,38414.60976290614,42773.206683514385,17235.131742308946,90201.06014575307,38414.60976290614,42773.206683514385,0.0,0.0,0.0,0.0,86528835.84224844,511557796.22243595,206117557.15055618,235288971.97531405,0.0,0.0,0.0,0.0,86528835.84224844,511557796.22243595,206117557.15055618,235288971.97531405,17381273.358030125,82979898.6025091,36412551.65305093,40340792.193597764,2661776.011979789,12955187.477795713,5837860.94398106,6264470.025015362,15494039.375347933,23163106.56512064,18421918.889324836,18178212.89176838,1089360.0277363812,2815867.8317050086,1563785.540281747,1693637.7591254008,0.0,0.0,0.0,0.0,12770481.404757436,75070566.24157123,30353307.18603179,34575511.097642265,10474888.678744614,17628498.412174396,13292719.277087368,12978652.085445039,923014.3718023278,773527.7853511247,860721.152095496,870694.0665444067,65379917.061350405,242290747.70507535,117701324.16665533,127298707.78665414,21148918.780898042,269267048.5173606,88416232.98390082,107990264.18865994,-19080555.177293885,2964172320.145684,845012647.4238985,1025057951.1857482,139.73933333333332,646.4206666666666,288.7465,317.07779999999997,1.8610276030453328,1.7598324668504328,1.7808107208223223,1.8256093053771179,57.58963837039092,64.67597887792151,61.531866234912115,60.069857548026626,0.0,0.0,0.0,0.0,888.2264105616348,5918.909210963689,2194.8053951700263,2648.9653907023535,295.966182769974,807.3119533942935,502.82543407446235,474.9372024884858,12548424.802117027,73590838.93883032,29804605.83723928,33913269.74996668,295.966182769974,807.3119533942935,502.82543407446235,474.9372024884858,0.0,0.0,0.0,0.0,0.0,0.0,0.0,0.0,12548424.802117027,73590838.93883032,29804605.83723928,33913269.74996668,0.0,0.0,0.0,0.0,0.0,0.0,0.0,0.0
46,17771.568788401495,93466.27208577126,39656.69559501871,44264.71494248091,17771.568788401495,93466.27208577126,39656.69559501871,44264.71494248091,0.0,0.0,0.0,0.0,89405427.6773951,531457038.89122915,213289260.09308136,244123491.60223702,0.0,0.0,0.0,0.0,89405427.6773951,531457038.89122915,213289260.09308136,244123491.60223702,17871220.50755919,85887651.8409648,37488602.72225232,41676971.47425115,2607019.1039707083,12762105.955372386,5725814.994631931,6161299.501961295,15809169.080052216,23688211.354167335,18804479.104542367,18566833.875992507,1103214.9821920313,2894085.9132812666,1593786.2497711305,1730019.8080732636,0.0,0.0,0.0,0.0,13203413.185131475,78188967.92462811,31462388.06635946,35948357.34395529,10604292.976768356,17885115.898333546,13466906.638692662,13152580.999316173,584000.5889466924,500195.83456622774,578161.586349293,554668.9249135298,66519411.15561932,249756401.70373333,120459909.12045859,130652357.84745921,22886016.52177578,281700637.1874958,92829350.97262274,113471133.75477779,3805461.344481893,3245872957.333179,937841998.3965211,1138529084.9405258,141.86133333333333,659.5473333333333,293.3245,323.0514333333333,1.8321831144243264,1.7325869071804612,1.7520859590046804,1.7973244418889736,57.746936706878756,64.87442369375532,61.711135207784544,60.24155715228555,0.0,0.0,0.0,0.0,896.3512351768339,5821.193965050829,2179.017975104135,2620.046190632732,297.9408081508479,799.1767562509002,501.1691172458979,473.3733899858662,12979325.376337266,76733669.43336539,30917633.572583422,35293345.79629711,297.9408081508479,799.1767562509002,501.1691172458979,473.3733899858662,0.0,0.0,0.0,0.0,0.0,0.0,0.0,0.0,12979325.376337266,76733669.43336539,30917633.572583422,35293345.79629711,0.0,0.0,0.0,0.0,0.0,0.0,0.0,0.0
47,18301.097031321708,96654.50111166356,40876.37141021541,45724.788459441355,18301.097031321708,96654.50111166356,40876.37141021541,45724.788459441355,0.0,0.0,0.0,0.0,92254572.20073715,551043740.7166159,220373093.7076308,252830781.1812947,0.0,0.0,0.0,0.0,92254572.20073715,551043740.7166159,220373093.7076308,252830781.1812947,18354827.837259766,88777548.85939704,38591108.51238891,43002780.19500781,2550309.6670358884,12536752.999694975,5606932.863190351,6045564.833466569,16133473.92979338,24203875.71332238,19190075.108687587,18958114.55402853,1116828.14395102,2971365.622957677,1622851.0900845765,1765916.2616033498,0.0,0.0,0.0,0.0,13636684.844111841,81179603.16148762,32543330.945765838,37276706.25519337,10729160.995723698,18127969.345703617,13632504.533967135,13318743.918216668,404916.5623720166,470522.22841943137,368294.331665191,427878.54548861174,67813598.4126312,257250123.1769478,123271362.50403334,134116382.080142,24440973.788105935,293793617.53966814,97101731.20359744,118714399.1011527,28246435.132587824,3539666574.872847,1034943729.6001186,1257243484.0416784,143.852,672.0126666666666,297.894,328.7082333333333,1.804461400188368,1.7065694367544626,1.7258905185959803,1.7701992129865012,57.90474839908162,65.07357764496238,61.89101543013813,60.41383863513989,0.0,0.0,0.0,0.0,903.4827700103068,5844.189311213043,2199.7677272145497,2632.7300594312646,299.7906583318295,790.9784378131277,498.97790551422037,471.70638115028385,13410814.151609262,79718555.83368437,31993389.0139622,36618523.74033555,299.7906583318295,790.9784378131277,498.97790551422037,471.70638115028385,0.0,0.0,0.0,0.0,0.0,0.0,0.0,0.0,13410814.151609262,79718555.83368437,31993389.0139622,36618523.74033555,0.0,0.0,0.0,0.0,0.0,0.0,0.0,0.0
48,18822.32204140622,99789.61341479012,42075.16516791576,47160.87402209058,18822.32204140622,99789.61341479012,42075.16516791576,47160.87402209058,0.0,0.0,0.0,0.0,95088003.99741118,570465479.9466852,227374561.02507994,261470120.57965708,0.0,0.0,0.0,0.0,95088003.99741118,570465479.9466852,227374561.02507994,261470120.57965708,18828503.286401138,91607069.7909793,39664955.99317645,44301001.563003495,2491949.7699461216,12296523.602533096,5478696.775055763,5923550.611351563,16452739.782586953,24714832.908062972,19573778.74331357,19344472.37650356,1130304.3842504744,3047113.9992121565,1651280.556127609,1801187.749487063,0.0,0.0,0.0,0.0,14063807.999759248,84131494.08095533,33608538.14742471,38587498.128177874,10847227.644247593,18360301.38798472,13790575.359302716,13476803.454555586,178280.56129223388,146372.47164887967,100359.63589093936,167112.72991705989,69029425.98138742,264309274.611177,125956837.76909566,137377373.00181377,26058578.016023748,306156205.33550817,101417723.25598426,124092747.5778433,54305013.14861158,3845822780.2083554,1136361452.856103,1381336231.6195219,145.70866666666666,683.5156666666667,302.091,333.94111666666663,1.7778600080207918,1.6815130689998903,1.7001930508409058,1.7441385793634763,58.06307532621272,65.27344352430241,62.07150921333107,60.586704195544115,0.0,0.0,0.0,0.0,902.4886785947122,5899.731893851736,2210.2963651203827,2651.52380393467,301.4237740644749,782.3414921468462,496.31554122913826,469.74497539330486,13838185.83011057,82656561.10749239,33055964.056144614,37924617.17719421,301.4237740644749,782.3414921468462,496.31554122913826,469.74497539330486,0.0,0.0,0.0,0.0,0.0,0.0,0.0,0.0,13838185.83011057,82656561.10749239,33055964.056144614,37924617.17719421,0.0,0.0,0.0,0.0,0.0,0.0,0.0,0.0
49,19336.893966672702,102806.81144255016,43243.97650616515,48551.3650832298,19336.893966672702,102806.81144255016,43243.97650616515,48551.3650832298,0.0,0.0,0.0,0.0,97894483.32904181,589267168.0219219,234246414.8241743,269874922.9715498,0.0,0.0,0.0,0.0,97894483.32904181,589267168.0219219,234246414.8241743,269874922.9715498,19325011.2028706,94440206.04516819,40739121.38939447,45615329.397674754,2432664.5482385363,12041441.79608735,5346330.529398633,5795736.584985621,16771581.848252136,25221420.35067738,19956783.383132923,19729025.32410097,1143647.3315697133,3120002.250458982,1679346.1222452498,1835371.5531809572,0.0,0.0,0.0,0.0,14490935.13955158,87029424.81210297,34659473.43622218,39879406.524944566,10960255.763987344,18579556.45870243,13939983.302732999,13627011.007137623,124871.01149845358,88191.58063876271,115138.28969516215,112033.21069756176,70433718.90341015,271517942.55683416,128889753.48225825,140813197.18210855,27460764.425631646,317749225.46508765,105356661.34191607,129061725.78944124,81765777.57424322,4163572005.673443,1241718114.198019,1510397957.408963,147.637,694.4993333333333,306.0925,339.03881666666666,1.7533930736978758,1.6581948587372153,1.6758997052822941,1.7200736984616445,58.22191937495155,65.47402413630938,62.252618878139955,60.76015604142679,0.0,0.0,0.0,0.0,910.9381597596249,5838.411280400759,2213.157129840771,2635.553751984022,302.72543367791985,772.997710942012,493.4593473979166,467.32073072035206,14263200.599611674,85569821.99200277,34106184.15376199,39220518.08694856,302.72543367791985,772.997710942012,493.4593473979166,467.32073072035206,0.0,0.0,0.0,0.0,0.0,0.0,0.0,0.0,14263200.599611674,85569821.99200277,34106184.15376199,39220518.08694856,0.0,0.0,0.0,0.0,0.0,0.0,0.0,0.0
50,19837.221760997683,105621.65338761693,44362.155988106606,49861.77283031442,19837.221760997683,105621.65338761693,44362.155988106606,49861.77283031442,0.0,0.0,0.0,0.0,100643600.45609078,607049235.8744164,240911957.3728921,277885572.85250473,0.0,0.0,0.0,0.0,100643600.45609078,607049235.8744164,240911957.3728921,277885572.85250473,19799766.798896015,97132598.98539235,41790114.09106122,46866258.064169735,2369796.7158471276,11744765.953721847,5206559.381224447,5651035.949103279,17084424.835817326,25713445.194472767,20332533.141417645,20104581.96134673,1156626.395546695,3187363.4275384867,1705847.2098553672,1867384.356743822,0.0,0.0,0.0,0.0,14909974.233043345,89828134.53373674,35684057.939274736,41131330.33828603,11066574.959158996,18779389.833056174,14084264.39803149,13766060.165023008,106763.63261120974,119180.72072802392,103688.20434286073,111109.61345209472,71823463.36023477,278438005.5484534,131714962.1552594,144138553.12611127,28820137.095856022,328611230.32596296,109196995.21763273,133747019.72639345,110585914.67009926,4492183235.999406,1350915109.4156518,1644144977.1353564,149.344,703.8393333333333,309.758,343.4173666666667,1.7298334911069855,1.6355124930680351,1.6532700429616929,1.696821141793353,58.38128243947542,65.67532229734383,62.43434675480033,60.934196389729365,0.0,0.0,0.0,0.0,903.20693474831,5752.237321793867,2188.3828625943634,2600.3675702142546,304.02197193336065,763.5507080106325,490.0451116895469,464.8570295604058,14684172.49935627,88390075.20328827,35136962.223626144,40481238.44573247,304.02197193336065,763.5507080106325,490.0451116895469,464.8570295604058,0.0,0.0,0.0,0.0,0.0,0.0,0.0,0.0,14684172.49935627,88390075.20328827,35136962.223626144,40481238.44573247,0.0,0.0,0.0,0.0,0.0,0.0,0.0,0.0
51,20315.189573859952,108319.92872967407,45434.907462377676,51116.848278394886,20315.189573859952,108319.92872967407,45434.907462377676,51116.848278394886,0.0,0.0,0.0,0.0,103291975.98791265,624292477.4505411,247356780.43186828,285642151.49983263,0.0,0.0,0.0,0.0,103291975.98791265,624292477.4505411,247356780.43186828,285642151.49983263,20281330.70034261,99759022.60169198,42838336.917166136,48098522.86581489,2304571.3756241538,11436344.169987466,5059386.269349459,5500691.853651313,17398373.048591904,26199740.10709476,20706255.093302283,20478851.519067906,1169142.6630555207,3251337.3809784236,1731720.2680666687,1897910.8143285366,0.0,0.0,0.0,0.0,15321998.947243648,92482938.23549709,36681042.75298424,42328327.69813235,11165047.158035075,18965584.847070843,14215325.593493259,13895235.349197593,147796.7260160523,155219.7165642286,73968.97296202129,150394.772707914,73256877.0012197,285092054.21656764,134455777.67697343,147399189.02659148,30035098.986692943,339200423.23397344,112901002.75489488,138242962.47324112,140621013.6567922,4831383659.233379,1463816112.1705463,1782387939.6085978,150.995,712.4686666666666,313.202,347.51078333333334,1.7073248355185928,1.6144486805329459,1.6321841838323095,1.6748181812736163,58.54116642149118,65.87734083564523,62.61669518304751,61.10882746644509,0.0,0.0,0.0,0.0,901.8355153201165,5702.211417338583,2176.996588201695,2581.9670810265798,305.0041062885523,754.2510573063831,486.7089119639031,462.24053914479305,15096540.06841362,91057385.38116245,36136793.60593382,41682835.92787571,305.0041062885523,754.2510573063831,486.7089119639031,462.24053914479305,0.0,0.0,0.0,0.0,0.0,0.0,0.0,0.0,15096540.06841362,91057385.38116245,36136793.60593382,41682835.92787571,0.0,0.0,0.0,0.0,0.0,0.0,0.0,0.0
52,20786.79848147363,110860.51365596442,46480.72368801871,52312.59879254541,20786.79848147363,110860.51365596442,46480.72368801871,52312.59879254541,0.0,0.0,0.0,0.0,105924493.25288883,640738968.7987418,253673955.6785898,293109559.69393736,0.0,0.0,0.0,0.0,105924493.25288883,640738968.7987418,253673955.6785898,293109559.69393736,20747274.99027339,102321519.12574796,43884570.83049559,49298260.43768949,2239772.2236933825,11120894.25058959,4913568.162207675,5348164.933107055,17717924.076017976,26684359.98514615,21077622.17987354,20856176.644212835,1181408.1446597246,3311510.6411289154,1757450.3274600375,1926944.0184239412,0.0,0.0,0.0,0.0,15720234.530459808,95054104.26010734,37645405.09702328,43487088.93583644,11260037.513159573,19135997.17319917,14340201.056775978,14016623.394173432,128793.64879186031,108657.34808076512,72772.60291695815,121745.94354297701,74602812.45722705,291443695.8074009,137176637.3084083,150497121.6297879,31321680.795661777,349295272.991341,116497318.37018149,142612438.0641495,171942694.45245397,5180678932.22472,1580313430.540728,1925000377.6727471,152.53033333333335,720.2603333333333,316.4545,351.2358333333333,1.686242859803943,1.5947259945837278,1.6116278922820146,1.6542119569768676,58.70157323026694,66.08008259138467,62.79966651215749,61.284051506658145,0.0,0.0,0.0,0.0,905.7525290916503,5640.930570104737,2167.552128972141,2563.0648434462305,305.9457728312994,744.9870642197664,483.43217702589965,459.61022481726286,15493796.398186898,93643871.61758117,37103517.06478024,42846322.72497489,305.9457728312994,744.9870642197664,483.43217702589965,459.61022481726286,0.0,0.0,0.0,0.0,0.0,0.0,0.0,0.0,15493796.398186898,93643871.61758117,37103517.06478024,42846322.72497489,0.0,0.0,0.0,0.0,0.0,0.0,0.0,0.0
53,21257.868178188033,113361.3761906966,47492.74458872813,53494.095982566025,21257.868178188033,113361.3761906966,47492.74458872813,53494.095982566025,0.0,0.0,0.0,0.0,108562522.13899207,657010573.2211968,259861009.69757146,300519340.0177637,0.0,0.0,0.0,0.0,108562522.13899207,657010573.2211968,259861009.69757146,300519340.0177637,21227734.47328396,104871338.87790662,44906946.703050174,50502996.01490189,2176159.365212753,10801527.623787131,4767875.2322762525,5195038.255713785,18035519.71880409,27172181.82799891,21446915.85176243,21233351.45702228,1193792.8905207086,3371173.119481363,1781396.477438609,1955875.9706569377,0.0,0.0,0.0,0.0,16115492.386567362,97524760.08498389,38593647.39220303,44608736.08101314,11354036.631128525,19301906.439431865,14459893.50510766,14135791.064034693,102438.87950187546,119693.88917359171,102584.04849089759,108478.13288697615,75951201.25183018,297726115.1825003,139873148.72425172,153572421.12756473,32611320.88716188,359284458.03869647,119987860.97331975,146946918.89019898,204554015.33961588,5539963390.263416,1700301291.5140479,2071947296.5629458,154.07333333333332,727.3763333333334,319.4295,354.7293833333333,1.6662204117364745,1.574882391252031,1.5921080228362445,1.6342521045669194,58.86250478266411,66.2835504167178,62.983263100988104,61.4598707545829,0.0,0.0,0.0,0.0,907.2735945361595,5655.659060690388,2170.216161658288,2569.2085076901394,306.6748006576162,735.5441764395792,480.0201724441664,456.77908218130324,15888673.987933325,96110845.31981128,38051093.35178847,43966433.95409061,306.6748006576162,735.5441764395792,480.0201724441664,456.77908218130324,0.0,0.0,0.0,0.0,0.0,0.0,0.0,0.0,15888673.987933325,96110845.31981128,38051093.35178847,43966433.95409061,0.0,0.0,0.0,0.0,0.0,0.0,0.0,0.0
54,21712.67452786623,115613.69589449732,48472.482273401605,54578.03200618711,21712.67452786623,115613.69589449732,48472.482273401605,54578.03200618711,0.0,0.0,0.0,0.0,111142536.2231576,671983782.5243125,265897185.42798975,307436972.4285618,0.0,0.0,0.0,0.0,111142536.2231576,671983782.5243125,265897185.42798975,307436972.4285618,21710072.905874215,107290270.13856953,45914628.189696886,51663141.93731757,2111916.2452183818,10474574.769767918,4624502.102390903,5038846.728810719,18351542.211436365,27645275.183357168,21822807.524353456,21604348.751608647,1205507.97120019,3424544.5503942375,1804704.5611295237,1982170.7739181067,0.0,0.0,0.0,0.0,16509550.011825375,99927241.4674193,39517855.273098975,45705742.02128325,11442135.145542149,19446334.732069142,14572363.600405697,14243605.000826597,134945.24320130737,115700.00640875856,127275.57685674046,128209.41032391529,77347909.6590509,303676135.8382767,142519742.41039556,156562788.8217799,33794626.5641067,368307646.68603563,123377443.01759423,150874183.6067818,238348641.90372258,5908271036.949453,1823678734.5316422,2222821480.1697283,155.55466666666666,733.3426666666667,322.109,357.7804666666667,1.6471794673621438,1.55661234067506,1.5732721731473194,1.6154809730216644,59.023963003169484,66.48774717583792,63.16748731802033,61.63628746360344,0.0,0.0,0.0,0.0,900.6867639062727,5502.62193695917,2154.815273853042,2511.364074474787,307.16746909913104,726.130086385179,476.5275410904,453.80438514924776,16284378.320848811,98551585.98317952,38979151.45463571,45077901.00266456,307.16746909913104,726.130086385179,476.5275410904,453.80438514924776,0.0,0.0,0.0,0.0,0.0,0.0,0.0,0.0,16284378.320848811,98551585.98317952,38979151.45463571,45077901.00266456,0.0,0.0,0.0,0.0,0.0,0.0,0.0,0.0
55,22154.123169972307,117805.9523841611,49407.26066138746,55632.26339493838,22154.123169972307,117805.9523841611,49407.26066138746,55632.26339493838,0.0,0.0,0.0,0.0,113659911.13090536,686718415.0681351,271729642.3567506,314230387.50893575,0.0,0.0,0.0,0.0,113659911.13090536,686718415.0681351,271729642.3567506,314230387.50893575,22190005.948505364,109752500.36381185,46915642.54188248,52836878.99386264,2047992.221426281,10141571.326727308,4477092.243408365,4880744.908281641,18673532.68947462,28111963.87123392,22187382.858062733,21976983.603090376,1216861.0563982092,3475691.6758008157,1826938.4730152972,2007451.7731891214,0.0,0.0,0.0,0.0,16897550.03492436,102167033.57565682,40420154.32261739,46741869.274180725,11524699.889876468,19587293.762128323,14677502.252414074,14346607.745164618,155820.9663712154,93057.95656501409,102251.10537031692,133853.91293904497,78720878.26036535,309459384.44185895,145052539.57924062,159479355.4238881,34939032.87054001,377259030.62627614,126677102.77750994,154751032.08504763,273287674.77426255,6285530067.575729,1950355837.309152,2377572512.2547755,156.935,739.0533333333333,324.634,360.6764166666666,1.6289727857984355,1.5395567541653057,1.555765383787248,1.5976771747268401,59.18594982392741,66.69267574502946,63.35234154139984,61.81330389631313,0.0,0.0,0.0,0.0,904.6784058029037,5477.8647880398175,2142.3060336757103,2505.2936395858237,307.450615259734,717.4640117052677,472.85771964496166,450.9553040156708,16671380.433473635,100797567.37864685,39884577.81419847,46115545.864284255,307.450615259734,717.4640117052677,472.85771964496166,450.9553040156708,0.0,0.0,0.0,0.0,0.0,0.0,0.0,0.0,16671380.433473635,100797567.37864685,39884577.81419847,46115545.864284255,0.0,0.0,0.0,0.0,0.0,0.0,0.0,0.0
56,22592.384202629684,119844.6035904739,50281.92623219678,56630.66098837516,22592.384202629684,119844.6035904739,50281.92623219678,56630.66098837516,0.0,0.0,0.0,0.0,116170230.14636873,700562483.1567155,277237346.7467645,320707518.6999901,0.0,0.0,0.0,0.0,116170230.14636873,700562483.1567155,277237346.7467645,320707518.6999901,22675321.674927942,112075055.40977518,47900847.13035857,53965228.48212448,1985003.0153810654,9801855.371248448,4328534.640956356,4720901.339934649,18990855.74032778,28584398.7508672,22555211.082700443,22348595.794016577,1227990.7435862937,3523911.3791185124,1847970.4723347602,2031562.9660225702,0.0,0.0,0.0,0.0,17274538.740881387,104354126.80839476,41284640.18178548,47752394.56451106,11604747.062122343,19714833.661411285,14773053.386748997,14443277.371873472,107175.51546109578,128408.1912005186,145572.14993992768,114606.95196989377,80011689.27028193,315043573.32460624,147573345.84139264,162272848.6892954,36158540.8760868,385518909.8321092,129664000.90537184,158434670.01069465,309446215.6503494,6671048977.407839,2080019838.214524,2536007182.2654705,158.29533333333333,743.68,326.855,363.17996666666664,1.6117315456392243,1.5230555429499515,1.5390053822079033,1.5806949446979788,59.34846718477225,66.89833901272158,63.53782815897864,61.99092232455452,0.0,0.0,0.0,0.0,902.2082849823317,5385.458192697972,2100.7753130915867,2471.3457526828056,307.6750468162122,708.700268404307,469.5020113186353,448.0338743720454,17048986.669635803,103007762.26022026,40759446.353512585,47134558.12634036,307.6750468162122,708.700268404307,469.5020113186353,448.0338743720454,0.0,0.0,0.0,0.0,0.0,0.0,0.0,0.0,17048986.669635803,103007762.26022026,40759446.353512585,47134558.12634036,0.0,0.0,0.0,0.0,0.0,0.0,0.0,0.0
57,23014.120250558408,121800.02377115877,51154.60557013513,57589.186482768535,23014.120250558408,121800.02377115877,51154.60557013513,57589.186482768535,0.0,0.0,0.0,0.0,118604788.83231103,714041441.9385786,282762497.7015806,327007617.41950464,0.0,0.0,0.0,0.0,118604788.83231103,714041441.9385786,282762497.7015806,327007617.41950464,23168441.253303323,114447515.00524609,48904577.053046554,55116117.06648329,1921471.5269507677,9472243.807024635,4184513.4805398113,4564241.824976621,19306821.20312545,29049656.28366885,22917357.7386943,22716813.481315643,1238925.2343705103,3570180.9169075135,1868508.4225239872,2054864.7232584613,0.0,0.0,0.0,0.0,17649031.699335236,106425247.36703113,42117427.957192704,48720707.1830288,11681545.989919372,19835639.79318577,14867208.34669044,14535478.821062611,105021.48573295206,104649.47176534096,104732.94703785857,104891.28084428818,81345624.7628492,320478876.39702165,149996018.6869134,165042262.83480954,37259164.06946184,393562565.54155695,132766479.01466721,161965354.5846951,346705379.7198112,7064611542.949396,2212786317.229191,2697972536.850166,159.595,748.107,329.08,365.5742,1.5953846433224195,1.5075140379644216,1.523290712248709,1.5646299314471201,59.511517033260866,67.10473987954202,63.723949568357,62.16914502945927,0.0,0.0,0.0,0.0,893.988709519712,5363.499574095246,2127.303780712134,2458.317512121149,307.73098391967903,700.5956469961976,466.34392613146076,445.23361599646057,17425534.52195531,105084372.47350733,41585602.012014665,48106127.80499852,307.73098391967903,700.5956469961976,466.34392613146076,445.23361599646057,0.0,0.0,0.0,0.0,0.0,0.0,0.0,0.0,17425534.52195531,105084372.47350733,41585602.012014665,48106127.80499852,0.0,0.0,0.0,0.0,0.0,0.0,0.0,0.0
58,23424.24000667435,123740.525638485,51979.98812856425,58534.93997780808,23424.24000667435,123740.525638485,51979.98812856425,58534.93997780808,0.0,0.0,0.0,0.0,120999984.71237056,727534888.9150726,288073210.8997918,333287201.18331623,0.0,0.0,0.0,0.0,120999984.71237056,727534888.9150726,288073210.8997918,333287201.18331623,23656437.960492183,116875373.580193,49875729.866626985,56283065.42738746,1859304.599250712,9147739.007841306,4040545.2881413563,4410256.642257419,19618336.761532784,29519101.683921803,23285966.36349118,23083604.484368943,1249484.5081629618,3615990.389715219,1888315.1004141427,2077761.5667062518,0.0,0.0,0.0,0.0,18015802.998808842,108448783.21223426,42937936.50011775,49667346.07350773,11754141.550676346,19950896.827790722,14951869.661634224,14623005.897666376,101928.53601496121,124814.71722876247,87990.31770070926,109938.69943979164,82655439.84915954,325968019.4756446,152381427.97253627,167814842.7184293,38344544.86321102,401566869.4394279,135691782.9272555,165472358.4648869,385049924.58302224,7466178412.388823,2348478100.1564465,2863444895.315052,160.834,752.5903333333333,330.9855,367.94871666666666,1.5797094181005298,1.492900393159845,1.5076928650802757,1.54932625937129,59.67510132470532,67.31188125837143,63.9107081769255,62.34797430148846,0.0,0.0,0.0,0.0,900.3386958487486,5370.267685789882,2094.2473795226792,2464.8138423281453,307.6177825124188,692.6465719364245,462.9184371674015,442.3778588108207,17790718.324846655,107106216.29078679,42414374.65523709,49051142.6129257,307.6177825124188,692.6465719364245,462.9184371674015,442.3778588108207,0.0,0.0,0.0,0.0,0.0,0.0,0.0,0.0,17790718.324846655,107106216.29078679,42414374.65523709,49051142.6129257,0.0,0.0,0.0,0.0,0.0,0.0,0.0,0.0
59,23819.28827330811,125418.95515182853,52796.00889612491,59379.171680790256,23819.28827330811,125418.95515182853,52796.00889612491,59379.171680790256,0.0,0.0,0.0,0.0,123324654.27766508,739560631.845095,293351573.4735768,339007246.42626554,0.0,0.0,0.0,0.0,123324654.27766508,739560631.845095,293351573.4735768,339007246.42626554,24138936.752452116,119130190.2375932,50909916.88491553,57385875.4722515,1797474.6367802678,8812720.622830989,3898489.065996926,4252810.73189802,19929163.52671433,29976248.798700456,23659175.74902636,23445643.371909473,1259575.6443775275,3656150.9970877185,1907233.5972770604,2098377.0178260943,0.0,0.0,0.0,0.0,18373437.72930414,110423894.31551543,43735101.2320153,50591097.53447808,11821290.776202738,20049192.97403097,15035372.799413053,14701056.54544262,135453.8274875637,97605.53437846094,170472.13367679273,122206.92489937774,83977262.37290286,331063991.6661476,154909090.76362953,170457617.62553853,39347391.904762216,408496640.17894757,138442482.70994732,168549628.80072707,424397316.48778445,7874675052.567771,2486920582.866394,3031994524.11578,161.955,755.6066666666667,333.047,369.73308333333335,1.5643163986160378,1.4789737879214342,1.493635768164066,1.5344464848729267,59.83922202220561,67.51976607439747,64.0981064019073,62.52741244047276,0.0,0.0,0.0,0.0,893.760089794218,5174.643913018145,2096.478388186113,2392.0694279225927,307.5412851989944,684.3662520925013,459.63944293864785,439.4300236117218,18149997.70685558,109130233.33726086,43210981.634968765,49993080.177497424,307.5412851989944,684.3662520925013,459.63944293864785,439.4300236117218,0.0,0.0,0.0,0.0,0.0,0.0,0.0,0.0,18149997.70685558,109130233.33726086,43210981.634968765,49993080.177497424,0.0,0.0,0.0,0.0,0.0,0.0,0.0,0.0
60,24206.894922209165,127015.68213635421,53559.51572186844,60189.970447159925,24206.894922209165,127015.68213635421,53559.51572186844,60189.970447159925,0.0,0.0,0.0,0.0,125623363.4941958,751225711.1024699,298365497.48770875,344584185.15709174,0.0,0.0,0.0,0.0,125623363.4941958,751225711.1024699,298365497.48770875,344584185.15709174,24634282.57672164,121390087.5777555,51928883.580763735,58498814.32708349,1736742.4536851246,8487731.484258097,3760143.826004628,4099588.6143856645,20249555.67783033,30433963.36773925,24022703.643719453,23814098.36929845,1269577.4127226418,3694139.341344588,1925566.1974252695,2118174.087740323,0.0,0.0,0.0,0.0,18720449.15984979,112215874.88808654,44521969.89760262,51443848.16473265,11885650.002960652,20141568.63359123,15109547.757097652,14775221.523681354,123538.48215188569,136486.40109313914,87093.42673412997,128070.2537813244,85261986.71184435,336032926.5109104,157216086.84346157,173031815.64151746,40361376.78235146,415192784.59155947,141149410.64424723,171552369.51557425,464758693.2701359,8289867837.15933,2628069993.5106406,3203546893.631354,163.07733333333334,758.5306666666667,334.918,371.486,1.5501531993517235,1.4660267688539292,1.4802564684326849,1.5207089486774956,60.003881096682726,67.72839726516975,64.28614667040057,62.707461755653185,0.0,0.0,0.0,0.0,887.0040728001242,5127.120445289148,2076.9355062643726,2371.044803171282,307.24306634081165,677.3146294123746,456.097935163328,436.7681134158587,18498698.14164976,110934094.77676426,44002736.02103652,50851086.96393983,307.24306634081165,677.3146294123746,456.097935163328,436.7681134158587,0.0,0.0,0.0,0.0,0.0,0.0,0.0,0.0,18498698.14164976,110934094.77676426,44002736.02103652,50851086.96393983,0.0,0.0,0.0,0.0,0.0,0.0,0.0,0.0
