month,users_cons,users_opt,users_med,users_plan,users_ind_cons,users_ind_opt,users_ind_med,users_ind_plan,users_fgn_cons,users_fgn_opt,users_fgn_med,users_fgn_plan,sub_rev_cons,sub_rev_opt,sub_rev_med,sub_rev_plan,commerce_rev_cons,commerce_rev_opt,commerce_rev_med,commerce_rev_plan,revenue_cons,revenue_opt,revenue_med,revenue_plan,labour_cons,labour_opt,labour_med,labour_plan,tokens_cons,tokens_opt,tokens_med,tokens_plan,eng_cons,eng_opt,eng_med,eng_plan,compliance_cons,compliance_opt,compliance_med,compliance_plan,geo_fixed_cons,geo_fixed_opt,geo_fixed_med,geo_fixed_plan,sales_cons,sales_opt,sales_med,sales_plan,gna_cons,gna_opt,gna_med,gna_plan,onetime_cons,onetime_opt,onetime_med,onetime_plan,total_cost_cons,total_cost_opt,total_cost_med,total_cost_plan,contribution_cons,contribution_opt,contribution_med,contribution_plan,cum_cash_cons,cum_cash_opt,cum_cash_med,cum_cash_plan,floor_heads_cons,floor_heads_opt,floor_heads_med,floor_heads_plan,blended_min_cons,blended_min_opt,blended_min_med,blended_min_plan,arpu_usd_cons,arpu_usd_opt,arpu_usd_med,arpu_usd_plan,gmv_cons,gmv_opt,gmv_med,gmv_plan,adds_organic_cons,adds_organic_opt,adds_organic_med,adds_organic_plan,adds_paid_cons,adds_paid_opt,adds_paid_med,adds_paid_plan,marketing_spend_cons,marketing_spend_opt,marketing_spend_med,marketing_spend_plan,adds_paid_ind_cons,adds_paid_ind_opt,adds_paid_ind_med,adds_paid_ind_plan,adds_paid_uk_cons,adds_paid_uk_opt,adds_paid_uk_med,adds_paid_uk_plan,adds_paid_us_cons,adds_paid_us_opt,adds_paid_us_med,adds_paid_us_plan,spend_ind_cons,spend_ind_opt,spend_ind_med,spend_ind_plan,spend_uk_cons,spend_uk_opt,spend_uk_med,spend_uk_plan,spend_us_cons,spend_us_opt,spend_us_med,spend_us_plan
1,258.04113182276745,296.44561187679153,279.785824423232,271.48269984167587,258.04113182276745,296.44561187679153,279.785824423232,271.48269984167587,0.0,0.0,0.0,0.0,1218003.2306036071,1466417.6760037083,1353759.76917149,1304948.2864936425,0.0,0.0,0.0,0.0,1218003.2306036071,1466417.6760037083,1353759.76917149,1304948.2864936425,894247.5151493532,980330.8662928473,940281.4386450145,924376.6880495762,200119.38102216602,227145.26342870807,216520.39329655,209578.43986445572,2873754.373569925,2899202.4342271746,2901890.521250451,2882661.1947999625,412080.5556732793,415643.1771494275,413502.1168817882,413327.47318993113,0.0,0.0,0.0,0.0,308840.85080047935,313722.04752114555,311498.4451184382,310549.2696527125,1906988.2864897724,1910271.4988592674,1954960.9309656417,1908137.4108190956,123099.02163106493,97568.2641214471,138508.25421777245,114163.2565026987,6783473.030957385,6920521.363379113,6948335.5239528585,6831439.94730499,-5565469.8003537785,-5454103.687375406,-5594575.754781368,-5526491.660811348,-5565469.8003537785,-5454103.687375406,-5594575.754781368,-5526491.660811348,11.151666666666667,12.442333333333334,11.8595,11.6034,9.154804197663358,9.069075948719409,9.063953246775561,9.124799310532975,52.73108432946201,55.117420795943644,54.00675049376144,53.56630209273058,12202457.366252981,14512851.898557996,13501049.791607805,13011095.452559736,35.36340320191747,54.888190084582156,45.993780473753084,42.19707861085011,27.626362441292528,27.687460590943708,27.65891057073504,27.647746793670443,300000.0,300000.0,300000.0,300000.0,27.626362441292528,27.687460590943708,27.65891057073504,27.647746793670443,0.0,0.0,0.0,0.0,0.0,0.0,0.0,0.0,300000.0,300000.0,300000.0,300000.0,0.0,0.0,0.0,0.0,0.0,0.0,0.0,0.0
2,302.79042942761646,364.93149375536865,337.5118007889857,324.53980194232975,302.79042942761646,364.93149375536865,337.5118007889857,324.53980194232975,0.0,0.0,0.0,0.0,1432556.6966575577,1810645.4714512888,1637580.215468394,1564887.7678353637,0.0,0.0,0.0,0.0,1432556.6966575577,1810645.4714512888,1637580.215468394,1564887.7678353637,985590.404983366,1124519.8150136864,1060735.0052381402,1034215.6984939781,226743.4355360713,269804.0037815072,252072.7607075853,241814.6344219739,3038195.9744670335,3092426.3019261216,3083938.761657258,3057176.5890777144,413195.46784244647,417317.5621259009,414915.81918846676,414638.2008416555,0.0,0.0,0.0,0.0,311279.14054420724,321020.8081269926,315990.3679850129,314688.7241981821,2032225.3289416637,2071589.1516191706,2103466.9166999776,2046002.666878791,144063.99407974634,132093.90283140738,162222.71520386174,139874.4621428277,7226982.383215563,7523388.665961317,7479470.466910211,7330724.582176577,-5794425.686558006,-5712743.194510028,-5841890.251441818,-5765836.814341214,-11359895.486911783,-11166846.881885432,-11436466.006223187,-11292328.47515256,12.285333333333334,14.294333333333332,13.3825,12.988483333333335,8.748716610416082,8.659471511063634,8.655725083162913,8.717480825642726,52.87259548831272,55.2824180547149,54.16121592992609,53.71603338655349,14313958.507316845,17860279.573245,16288190.481233392,15555170.880391698,42.20828643849717,67.86156501154969,56.41221251977806,51.18693393906555,27.66035963848757,28.01969319474177,27.79725728152396,27.78612638317654,300727.06893458293,304055.4168741052,301887.31485506834,301891.9907134157,27.66035963848757,28.01969319474177,27.79725728152396,27.78612638317654,0.0,0.0,0.0,0.0,0.0,0.0,0.0,0.0,300727.06893458293,304055.4168741052,301887.31485506834,301891.9907134157,0.0,0.0,0.0,0.0,0.0,0.0,0.0,0.0
3,351.2787741199744,445.1822522366026,402.1526476193762,384.14499146079424,351.2787741199744,445.1822522366026,402.1526476193762,384.14499146079424,0.0,0.0,0.0,0.0,1666159.2611611849,2215646.232375033,1956693.0694907687,1858479.7010860317,0.0,0.0,0.0,0.0,1666159.2611611849,2215646.232375033,1956693.0694907687,1858479.7010860317,1072459.0324518739,1283186.1802807944,1180526.8291480478,1146213.534191996,254211.31147490433,317732.771356884,289832.73449396936,276443.8224335972,3201595.7999445344,3299924.6843453604,3277620.3296216866,3236010.9094848232,414415.2701960558,419269.24479699356,416495.5808384997,416114.161306384,0.0,0.0,0.0,0.0,315839.21548956825,340353.03726448567,326863.1190333914,324419.05311078933,2154863.9127367367,2237853.9374365527,2252058.989233461,2183910.4213816724,83700.20058826095,127405.34336486594,189673.46563611084,98997.0005600727,7585130.441275599,8141491.005975713,8035999.522063408,7779856.63892064,-5918971.1801144155,-5925844.77360068,-6079306.452572639,-5921376.937834608,-17278866.6670262,-17092691.65548611,-17515772.458795827,-17213705.41298717,13.340666666666667,16.286666666666665,14.886,14.371766666666666,8.312382485863775,8.220014432719317,8.218010712967084,8.280053667263214,53.01456332123611,55.44799371306343,54.316200539416535,53.86626395837567,16605105.037462443,21781797.21778916,19402327.423679456,18416947.300576795,49.01761537575772,83.51182095245193,66.87113869552256,61.09058732760069,27.875071021152138,29.333137526541744,28.48386564607597,28.3853942980385,303584.8116456288,319475.08202637266,310145.3343595108,309146.40627888916,27.875071021152138,29.333137526541744,28.48386564607597,28.3853942980385,0.0,0.0,0.0,0.0,0.0,0.0,0.0,0.0,303584.8116456288,319475.08202637266,310145.3343595108,309146.40627888916,0.0,0.0,0.0,0.0,0.0,0.0,0.0,0.0
4,403.86429138487296,539.0861859545307,475.49909185868466,451.1919544842532,403.86429138487296,539.0861859545307,475.49909185868466,451.1919544842532,0.0,0.0,0.0,0.0,1920496.6514937805,2692242.9494066443,2320139.7775856303,2190607.8557632826,0.0,0.0,0.0,0.0,1920496.6514937805,2692242.9494066443,2320139.7775856303,2190607.8557632826,1159629.546599636,1457268.2039503492,1312235.4751435784,1263803.0766723857,282407.3869179682,371362.85203605046,330925.92445095454,313541.799709297,3361578.7848013956,3508891.9977406254,3458936.117880543,3413138.409330126,415722.13543883676,421548.20775538683,418291.5531803657,417761.2607496293,0.0,0.0,0.0,0.0,324821.8437735828,379525.89310987806,349235.0916724253,343968.2610412861,2275987.377746275,2409158.9951317967,2403742.28603038,2322597.4438312077,150491.90688295368,134420.5504587346,93566.5934641397,144866.932134477,8072142.249866826,8822828.393051488,8489011.92011832,8334882.399981458,-6151645.598373047,-6130585.443644844,-6168872.14253269,-6144274.544218176,-23430512.265399247,-23223277.099130955,-23684644.601328515,-23357979.957205344,14.37,18.417,16.485,15.78645,7.873049230096715,7.777927922193586,7.778265590393523,7.83975677233062,53.156989490742504,55.614150016187516,54.4717062636909,54.01699567464826,19083894.784955613,26359372.22652143,22947430.03402581,21630311.88950365,56.14846733355322,100.16746045561442,78.7452594214768,71.55511492627464,28.459048767908666,32.313997909069904,30.11995780725054,29.8082809673151,310784.7269401945,354484.02799597447,329548.7768170561,326079.48230971745,28.459048767908666,32.313997909069904,30.11995780725054,29.8082809673151,0.0,0.0,0.0,0.0,0.0,0.0,0.0,0.0,310784.7269401945,354484.02799597447,329548.7768170561,326079.48230971745,0.0,0.0,0.0,0.0,0.0,0.0,0.0,0.0
5,462.37344481646284,650.6837839621645,561.3300348393235,528.2820635174585,462.37344481646284,650.6837839621645,561.3300348393235,528.2820635174585,0.0,0.0,0.0,0.0,2204744.2038134104,3260868.8709207266,2748397.5869527296,2574387.837300971,0.0,0.0,0.0,0.0,2204744.2038134104,3260868.8709207266,2748397.5869527296,2574387.837300971,1253644.6381297454,1655358.8521828817,1459178.432174676,1394244.613048343,312521.98838997085,432487.458659216,377479.52781917463,354509.9029842067,3528105.5745917824,3731137.35034653,3652031.2625930165,3599166.696105944,417195.7231087658,424261.6238080576,420376.33466569096,419668.7883535179,0.0,0.0,0.0,0.0,341944.09270512493,441885.8242716149,387646.6718653624,376923.6987533964,2399440.9163720976,2591329.3391743405,2563434.542192397,2466601.864352883,112713.27372567623,143649.16721153408,97937.25149106752,123540.83644572648,8482097.727227269,9590432.1783728,9102732.766621156,8870014.785128206,-6277353.523413859,-6329563.307452073,-6354335.1796684265,-6295626.947827234,-29707865.78881311,-29552840.40658303,-30038979.78099694,-29653606.905032583,15.437,20.802,18.2305,17.31475,7.446204527931308,7.348718912045922,7.351529606133971,7.412084562371422,53.29987566593718,55.780889218647786,54.627735052048315,54.16823040938589,21844159.871234678,31796805.478735454,27101186.49875931,25327585.83385995,64.43175121063797,119.75483752860065,93.28263889395254,83.7948314219249,29.707586175232272,37.15542460680843,33.04632276677193,32.31432962628393,325836.15490246547,411947.1148894647,364326.0121418743,355974.9908979152,29.707586175232272,37.15542460680843,33.04632276677193,32.31432962628393,0.0,0.0,0.0,0.0,0.0,0.0,0.0,0.0,325836.15490246547,411947.1148894647,364326.0121418743,355974.9908979152,0.0,0.0,0.0,0.0,0.0,0.0,0.0,0.0
6,528.2373977213524,787.7043129518355,662.4201026395065,619.0508180520214,528.2373977213524,787.7043129518355,662.4201026395065,619.0508180520214,0.0,0.0,0.0,0.0,2526202.335673459,3961767.6915201293,3253551.575988448,3028650.2102197935,0.0,0.0,0.0,0.0,2526202.335673459,3961767.6915201293,3253551.575988448,3028650.2102197935,1352568.247850008,1888822.582226271,1624024.0295041956,1540257.2648817,345131.25520372385,505433.47668069665,430354.6230002575,401237.03272066434,3699295.544692116,3962389.6055076066,3859390.905859938,3791378.4659775374,418839.35048360395,427603.66584609693,422831.73530065524,421906.8608604765,0.0,0.0,0.0,0.0,369930.18912398786,527811.3940112772,445587.8940224791,425188.61083453917,2527158.4316361756,2789440.4060563603,2732295.277802545,2618957.12268324,111888.89007385533,107547.71475261539,178715.20038257982,110369.47871142135,8958341.577973114,10416000.529408677,9864524.687440792,9468522.210975561,-6432139.2422996545,-6454232.837888547,-6610973.111452343,-6439872.000755766,-36140005.03111276,-36007073.24447158,-36649952.89244928,-36093478.90578835,16.556,23.583,20.168,19.01545,7.039497758077029,6.940186482014266,6.944930954218644,7.004738811455062,53.44322352254831,55.94821358440841,54.78428886166245,54.31997004419934,24959398.299143616,38463122.73656965,31962255.825540785,29685701.85224273,73.40030340216835,145.5279114429869,109.69074742027162,98.64496621645483,31.846352829203134,43.73299402656997,37.53134625416227,36.00667724828153,351580.11327344575,491429.41615053033,418165.2071674111,400527.36928042537,31.846352829203134,43.73299402656997,37.53134625416227,36.00667724828153,0.0,0.0,0.0,0.0,0.0,0.0,0.0,0.0,351580.11327344575,491429.41615053033,418165.2071674111,400527.36928042537,0.0,0.0,0.0,0.0,0.0,0.0,0.0,0.0
7,601.6936283771313,951.953299534486,781.1478029856338,724.2845132822054,601.6936283771313,951.953299534486,781.1478029856338,724.2845132822054,0.0,0.0,0.0,0.0,2885484.93126331,4805676.594073974,3850645.029859289,3557552.013247042,0.0,0.0,0.0,0.0,2885484.93126331,4805676.594073974,3850645.029859289,3557552.013247042,1455566.9084026245,2150494.260168598,1809553.4733441484,1698791.4815207152,380222.65833020594,589683.737520201,490418.6141014094,453534.0360467042,3874974.565638752,4214528.882940675,4081631.724305576,3993818.576694425,420661.55489834555,431597.9896099743,425718.99180558516,424489.30704741564,0.0,0.0,0.0,0.0,409251.9896420257,638152.721887073,521671.0157831556,489367.2459277923,2658306.7502834895,2999423.7068716404,2910224.7936991183,2777697.6850893423,132302.89329824227,88370.62789435599,116651.81418869205,116926.60040688208,9483842.03252634,11363318.61795229,10558691.139101611,10141658.837425422,-6598357.1012630295,-6557642.023878316,-6708046.109242324,-6584106.82417838,-42738362.13237579,-42564715.268349886,-43357999.00169161,-42677585.72996672,17.709666666666667,26.677333333333333,22.3115,20.848350000000003,6.65684285490867,6.555835270928487,6.562775582882157,6.621490200515606,53.58703474295496,56.11612538687827,54.941369657615205,54.47221646832812,28424455.897725556,46458911.31687493,37678534.349564366,34736515.294427834,82.14404899873882,173.53869321837664,127.78309204235644,114.13217447561206,34.90902467475141,52.0689794293312,43.392721413949054,40.915008838854334,388715.97739234095,594768.0485824787,489725.24277256656,460834.20230888913,34.90902467475141,52.0689794293312,43.392721413949054,40.915008838854334,0.0,0.0,0.0,0.0,0.0,0.0,0.0,0.0,388715.97739234095,594768.0485824787,489725.24277256656,460834.20230888913,0.0,0.0,0.0,0.0,0.0,0.0,0.0,0.0
8,686.7884408605915,1154.8708511801387,922.7276760106104,850.6172844724331,685.7597987389164,1152.0177677062775,920.6713162766782,848.9500878774927,1.0286421216751513,2.8530834738613153,2.0563597339321906,1.6671965949403087,3306923.60657525,5859520.557339059,4570397.437055073,4200332.539342583,0.0,0.0,0.0,0.0,3306923.60657525,5859520.557339059,4570397.437055073,4200332.539342583,1574025.1090868243,2468247.5055643767,2027204.9995234301,1887002.9478539675,419241.05986871116,691231.3051770857,559846.8775720113,514437.6457266422,4062267.6791652096,4491886.301095527,4325000.743678419,4212634.196840821,422782.3997874636,436530.85145687516,429155.1281521434,427594.3578717576,13666.639717857557,25595.04243427546,16419.05354362031,17841.58066860382,460112.74029112357,774889.7187332773,616358.3174465124,570284.6827458774,2796857.105371562,3230524.5372530785,3100810.3086663703,2948640.7065300927,160286.7878460124,236959.34461334132,232480.57795568608,187122.18271457753,10084120.875416696,12662028.225364342,11548061.534632707,10986388.447898373,-6777197.268841446,-6802507.668025284,-6977664.097577634,-6786055.90855579,-49515559.401217245,-49367222.93637517,-50335663.09926924,-49463641.63852252,19.013,30.389,24.806,22.9946,6.298988007891472,6.1969439303820755,6.205573234208234,6.263272580763183,53.77075042689955,56.348634283763175,55.13989608174671,54.67300977680182,32571357.256897155,56837353.20680008,44822247.35206592,41064455.83936317,93.3499673946307,210.94468549924235,149.97161064038897,134.5081187312448,38.73494943170802,61.74893556221058,50.317167152533735,46.78984457738392,436472.67730396794,720929.201378,578007.7449060312,536032.4607298791,38.72414198783918,61.716410839927974,50.294139085378134,46.77143608607026,0.010807443868839847,0.032524722282618844,0.023028067155606905,0.018408491313662498,0.0,0.0,0.0,0.0,435608.1271481242,718368.8673920657,576175.6102318587,534574.3862335037,864.5501558438183,2560.3339859341622,1832.1346741722946,1458.0744963754387,0.0,0.0,0.0,0.0
9,796.8694067217008,1414.4312771012892,1105.3811559638984,1013.0160613545568,780.4482276920963,1388.5929469033756,1082.5769797943858,993.2988794160441,16.421179029604385,25.838330197913354,22.804176169512683,19.717181938512525,3897579.6044259924,7270582.5600558575,5558446.730766835,5078130.638896445,0.0,0.0,0.0,0.0,3897579.6044259924,7270582.5600558575,5558446.730766835,5078130.638896445,1729310.1524494966,2864665.4197989907,2299705.1858693864,2126684.4960218193,470468.6356501832,818631.2415267146,648184.651019474,592325.5477069692,4326416.444986619,4867335.709726893,4649003.073395187,4515738.187645715,425503.3442991171,442829.5956710869,433521.515442788,431567.53227930656,165487.47021322575,203500.51763336314,190616.5031251548,178792.03681027383,529655.6867938056,953738.2373282502,739004.9764285625,678084.5794808612,2964630.107325021,3490613.401622607,3323950.0432846984,3148724.260329176,947822.3034403063,1153967.24485307,1000141.9007993283,1019973.0329347736,11765375.897778945,15175151.252695655,13577021.447813189,12958797.271999795,-7867796.293352951,-7904568.692639799,-8018574.717046353,-7880666.633103348,-57383355.69457019,-57271791.62901498,-58354237.8163156,-57344308.27162587,20.74266666666667,34.986666666666665,27.9395,25.728066666666667,5.967510743062994,5.865778441682125,5.876099678896188,5.93190443757969,54.40876271571274,56.99541026149328,55.827323818585256,55.31408935673593,40042857.14809178,73000233.74793568,56627008.488580555,51577938.958037145,108.61045967888424,256.1293461486103,178.85839335606968,160.24206994328836,42.735335172865305,71.89373820103663,57.2729073955651,52.94077623272527,497165.12818832684,878932.9499601331,685656.5915959637,630783.865808459,42.57371750417862,71.52818070909711,56.99895408596744,52.70777962590009,0.16161766868668606,0.36555749193952175,0.27395330959766345,0.23299660682517856,0.0,0.0,0.0,0.0,484240.207835224,849825.6352451427,663551.089078906,612195.1074286955,12924.920353102778,29107.31471499031,22105.50251705765,18588.758379763414,0.0,0.0,0.0,0.0
10,935.7060346348329,1745.1455140418539,1332.6336341447895,1219.0098524272903,887.9006719650024,1668.5910679783847,1272.0084947083676,1161.1423105696863,47.80536266983066,76.55444606346951,60.62513943642223,57.86754185760425,4680410.676559065,9142986.5225823,6824080.730220365,6242312.222667197,0.0,0.0,0.0,0.0,4680410.676559065,9142986.5225823,6824080.730220365,6242312.222667197,1941516.5969874598,3371309.5624095825,2650320.5189601798,2441944.1348852026,534192.0640873655,975658.1889918811,755546.1278472593,688705.207803946,4667233.177151199,5341849.5346793365,5049720.549632624,4903348.902286047,428921.6631426827,450915.52307192626,439065.8087614362,436619.514117918,461867.98829168215,565164.4724992849,466970.37499380397,498021.7577643431,632819.1099174803,1201698.8232586617,910813.6922456932,831927.0095868937,3155381.287565178,3782252.963636842,3570789.969164237,3374786.3741902607,1471206.7838175297,1939158.156804894,1564862.3751703324,1634989.7643631073,13540810.96186496,18105737.88281186,15767656.065748066,15138535.384196375,-8860400.285305899,-8962751.360229557,-8943575.335527701,-8896223.16152918,-66243755.97987608,-66234542.98924453,-67297813.1518433,-66240531.43315504,23.041333333333334,40.733666666666664,31.827,29.233649999999997,5.677458677533631,5.5727646904736385,5.58723652367365,5.640815782062633,55.45444271582587,58.01849139023365,56.74922957130878,56.351859751868595,51452879.696372375,96894787.79849812,73015590.857483,67357547.53211638,129.3671315847667,317.1635925631543,217.81744976073858,195.09589292720236,47.26735426000938,82.53803492021414,65.21444383403785,59.61209249108104,584928.292804427,1090587.3840083787,833788.3973704133,761908.9747258101,46.68110026638589,81.23639177289331,64.33339104696738,58.77545229366349,0.5862539936234766,1.3016431473208323,0.8810527870704862,0.836640197417551,0.0,0.0,0.0,0.0,537596.515561556,985750.6337021977,762354.5417432141,694450.4569107806,47331.77724287094,104836.75030618094,71433.85562719913,67458.51781502944,0.0,0.0,0.0,0.0
11,1111.880401987841,2156.2136253565072,1627.3209981838656,1477.3970301668742,1007.7467277494883,2000.2268157253136,1490.2154627132606,1355.1147585410272,104.13367423835273,155.98680963119378,137.10553547060508,122.2822716258471,5729783.278861115,11528719.731377732,8553734.149779404,7759411.03724193,0.0,0.0,0.0,0.0,5729783.278861115,11528719.731377732,8553734.149779404,7759411.03724193,2216584.492952164,4003944.346545282,3105035.293594496,2842160.441709755,613743.7880591513,1165019.038538698,891278.7220503747,806690.1257269926,5119959.142743352,5919718.680482221,5588142.819237496,5399874.980951956,435011.90884615213,463295.9722762898,448790.0107414969,444911.3310467003,961960.7090833429,1068898.4857887267,986525.6614359942,999388.9309302273,773930.9687951343,1534097.2366223873,1142681.4735919978,1039989.1625346729,3373096.949925485,4105203.2368608513,3855065.1613774216,3629334.150352863,2689573.7156663276,2699065.2689625556,2848517.2163518523,2692895.759320007,16486816.922119414,21561528.51418196,19316838.811995987,18262965.979341306,-10757033.6432583,-10032808.782804228,-10763104.662216585,-10503554.942099374,-77000789.62313437,-76267351.77204876,-78060917.81405987,-76744086.37525441,25.972,47.73266666666667,36.8305,33.588233333333335,5.421033269417661,5.313680245249641,5.327418747676868,5.383459710958854,56.96785691923725,59.188697210376596,58.19255135625791,57.745151021136024,68071682.67459847,129074492.72011945,97975810.60581183,89422666.1905308,155.32008227259908,395.6839835331816,269.952957429481,239.44744771380294,51.529292928637005,93.68722905988812,72.18709123806673,66.2845705745749,702101.2277680552,1371447.978387345,1023612.1095330549,936372.5904848066,50.06970832841709,90.64861081716064,69.96480878546993,64.27232419947734,1.4595846002199002,3.0386182427274706,2.2222824525968137,2.0122463750975497,0.0,0.0,0.0,0.0,583479.1351785469,1123585.0015991593,842510.7777813434,772516.1884257612,118622.09258950829,247862.976788186,181101.33175171123,163856.4020590455,0.0,0.0,0.0,0.0
12,1327.250998330513,2662.87588325297,1983.5708777357897,1794.7197080533729,1139.1675384789798,2387.2496070957895,1745.1373603585655,1575.9962624948632,188.0834598515333,275.626276157181,238.43351737722406,218.72344555850998,7061336.171465856,14540954.90892226,10684357.926099954,9679202.729575597,0.0,0.0,0.0,0.0,7061336.171465856,14540954.90892226,10684357.926099954,9679202.729575597,2561192.7740629776,4774125.553880651,3662298.773335449,3335719.246999163,709019.7795900631,1390823.5127844037,1051198.3070778025,947651.0862080823,5682581.602400844,6598979.703263247,6234663.098102481,6003320.937702686,447627.9572454943,482486.09455343225,466476.7648998099,459828.30530327256,1653601.4925744436,1734392.990937629,1653049.6319089036,1681878.5170015583,965667.1654815283,1966020.4453331719,1453847.9729713069,1315790.8134296034,3613383.287164791,4455190.557185407,4160622.396798624,3908015.8316720063,3686984.901370336,3382596.6867174325,3709326.2364582485,3580449.0262418194,19693364.8366764,25544551.98992231,22954686.708462007,21741280.34031247,-12632028.665210549,-11003597.08100005,-12270328.782362053,-12062077.610736873,-89632818.28834493,-87270948.8530488,-90331246.59642194,-88806163.98599128,29.557333333333332,56.111666666666665,42.775,38.85135,5.198470443771358,5.078783694856352,5.103748495678524,5.156580081651105,58.90062462961169,60.51565119509284,59.752710013255125,59.4658839275301,90559404.02505042,171897977.13240018,129643157.23164992,119027904.61262283,187.45070899229032,493.0591595162096,335.09205457818496,294.41366667566206,55.69922879371441,104.58741873665598,79.82941680452926,72.81009527374397,859469.5779745039,1729307.9597066594,1283060.1224669104,1163913.0115807583,52.79382013032554,98.77716840818572,75.46012918680827,68.8879920275766,2.905408663388862,5.810250328470274,4.369287617720994,3.9221032461673566,0.0,0.0,0.0,0.0,621812.5320070022,1249027.83770846,923465.5098677007,841337.8890025124,237657.04596750173,480280.12199819944,359594.61259920977,322575.12257824594,0.0,0.0,0.0,0.0
13,1560.4382994810642,3257.055855960811,2387.8067317964233,2154.2544442489757,1286.9534744965813,2837.196968852931,2031.5309191993845,1829.5386975213037,273.4848249844827,419.8588871078803,356.2758125970389,324.7157467276719,8485288.31438505,18104320.985417973,13125817.847433036,11851949.749246575,595.632047123357,952.9992108252801,969.336895021488,720.7105544190301,8485883.946432175,18105273.9846288,13126787.184328057,11852670.459800994,2927450.5899202353,5655967.991890957,4275620.80907802,3882431.680609988,806519.4912680823,1643717.313503048,1223453.905723873,1099538.7290503203,6214077.19086394,7298032.738185135,6854542.767240827,6593461.632426358,465845.5943462596,513206.1395945665,491718.16465864464,482421.785183167,2264252.4414470927,2418012.77268468,2277301.6744430102,2318068.5573802483,1199495.062796777,2503806.0629700455,1834297.333667547,1656003.912857421,3852167.683116304,4818751.8090473795,4472042.763765972,4190472.1271921806,3066380.7953226236,3339695.4027470998,3104135.3538929923,3162040.9079211904,21245073.618823297,29137138.115501333,25225696.799424797,24007296.192660607,-12759189.672391124,-11031864.130872535,-12098909.615096744,-12154625.732859619,-102392007.96073607,-98302812.98392135,-102430156.21151868,-100960789.71885091,33.215,65.43966666666667,49.1745,44.493633333333335,5.004662359072532,4.8656545479795765,4.897328355184466,4.956009625189998,60.41040418816422,61.71900826547008,61.125442472698985,60.86841561522127,113600848.56659225,222534786.12808573,166013760.89115196,151727726.71311498,223.04151007418648,604.7936003337658,401.6138996399885,356.6547416650392,61.636113903626544,117.67252435125646,89.13663352435489,81.24885756029701,1059200.4257198784,2181143.236338339,1602653.688914993,1451880.4094363395,57.04128807399004,108.3637353804673,82.17823731113127,75.00414463125708,4.594825829636502,9.308788970789168,6.9583962132236445,6.244712929039935,0.0,0.0,0.0,0.0,680159.5018366848,1399634.941537913,1023115.9582008476,931975.9057321146,379040.9238831936,781508.2948004259,579537.7307141455,519904.50370422483,0.0,0.0,0.0,0.0
14,1813.8760814665675,3949.1703788735294,2839.8414589829044,2561.229085559004,1450.5632619322496,3361.792738365648,2356.420945166693,2119.493578683939,363.3128195343181,587.3776405078817,483.42051381621167,441.7355068750653,10025403.62103225,22268104.935196754,15837863.687541347,14310349.080989826,6157.425040865976,11160.541678459309,8323.196186064186,7908.515864023642,10031561.046073116,22279265.476875212,15846186.883727413,14318257.596853849,3301979.060218016,6639725.107629069,4931891.779452205,4470190.176811885,906343.2528913594,1927624.659536721,1407196.5367432563,1263791.7452172358,6724060.637050718,7966200.3466307465,7454487.405636587,7158809.5354037285,492372.97012696473,551334.4540338397,523845.500470598,513009.489494371,2786580.3595599835,2996198.672319585,2839247.011208818,2859946.769025844,1448462.8242705136,3136895.1754582534,2261627.267509799,2039414.1471862225,4084715.5442754165,5193804.950386181,4784989.072785288,4472896.8364141835,2815418.6260406827,2656479.3156292904,2859811.197054639,2759789.8673966955,23090487.56041815,32232348.565649826,27899432.271803398,26290138.912249237,-13058926.514345031,-9953083.088774616,-12053245.388075985,-11971881.315395387,-115450934.4750811,-108255896.07269597,-114483401.59959467,-112932671.0342463,36.919,75.681,55.8595,50.485699999999994,4.810565241906781,4.660975107339887,4.697206779903894,4.758208694808368,61.62581962003619,62.73379433829092,62.20347828289424,62.01361077142535,138589531.97543254,281353665.2244035,206221004.33620116,188556978.61257237,258.1812172763606,732.2928598686224,475.5918378756751,424.1202921836522,67.887101717755,133.3587227607787,99.84876690994366,90.8021690828133,1272882.5919648262,2715791.0976943197,1969018.0776492085,1777900.568970149,61.5393434413855,120.19833090238669,90.08298276176889,82.0699890527359,6.347758276369505,13.160391858391995,9.765784148174763,8.732180030077377,0.0,0.0,0.0,0.0,743620.2061596587,1590296.6413501552,1143825.4647818326,1039956.9584763325,529262.3858051674,1125494.456344165,825192.6128673758,737943.6104938164,0.0,0.0,0.0,0.0
15,2089.9779106201363,4766.87375269556,3352.324522481308,3026.8914553465347,1631.1928671630876,3975.0151080015685,2725.561642149252,2451.5306514565555,458.78504345704897,791.8586446939925,626.7628803320564,575.3608038899791,11705587.10941351,27214639.075557053,18924787.479950935,17133755.29756375,23338.895619754607,49303.37293783675,35843.121648423046,32426.462681083358,11728926.005033266,27263942.44849489,18960630.601599358,17166181.76024483,3686136.12909881,7760581.042502223,5642355.375079853,5112191.848790004,1010866.5480653073,2249690.06115833,1607637.3206291413,1444454.7776478652,7225316.220968483,8654221.662402648,8030446.598814493,7725433.125470441,522501.6666970225,596022.4685683969,561367.7780515788,548233.9473520035,3236446.67681352,3523369.928986381,3285592.554516599,3336869.815074021,1718845.282451435,3879435.1606931672,2742118.6242771903,2475051.7398360413,4319434.739184239,5587371.108909683,5103824.800491911,4763212.4685881445,2626714.568912713,2579128.3043171163,2408063.8477141745,2610059.376304254,24966745.64683667,36254225.584263965,30382301.637915816,28917363.624936223,-13237819.6418034,-8990283.135769077,-11421671.036316462,-11751181.864691386,-128688754.11688448,-117246179.20846505,-125905072.63591112,-124683852.89893769,40.64633333333333,87.20333333333333,62.9835,56.94128333333333,4.617932763064392,4.463354391023107,4.501844815566052,4.5638303328499426,62.726566983548054,63.67960245208563,63.169222677694826,63.06012939753621,165461393.9561021,351961618.98005915,251727940.7860788,230736472.71448708,297.02991198143803,883.7053082094826,559.2855529461428,502.3663006612536,74.7393726824208,150.89902072221724,112.19915503328605,101.39524949634955,1504734.1569109675,3341889.8215312813,2376928.0325591117,2147738.639528077,66.56881795994498,133.367391290306,99.57537364069803,89.94831862557133,8.170554722475817,17.531629431911263,12.623781392588016,11.446930870778223,0.0,0.0,0.0,0.0,815154.3640092312,1810076.3653838227,1292213.498664792,1163377.0644903383,689579.7929017361,1531813.4561474586,1084714.53389432,984361.575037739,0.0,0.0,0.0,0.0
16,2390.094154747873,5716.637049453788,3942.3142845168973,3554.384167894943,1833.728483739353,4680.397560384962,3148.295417027766,2830.062660565316,556.36567100852,1036.2394890688245,794.0188674891313,724.3215073296267,13521825.991385458,33010576.134059206,22508502.06597695,20342888.54132127,63132.943813997364,149564.1273092439,105413.72929487577,93383.85803733364,13584958.935199454,33160140.26136845,22613915.79527183,20436272.3993586,4084660.2246360895,9017416.330949385,6427250.002707344,5811124.861845743,1119113.8409899962,2607664.841060546,1830122.271763029,1640106.6910146887,7679610.957011696,9310510.094122732,8614667.863151925,8250425.655000558,562123.6161345569,652734.4844999437,607760.6795211309,593837.4200624423,3588198.5024963953,3987403.8969497336,3696786.9873770084,3727920.390555064,2011406.340610014,4763351.579845497,3289947.1942471974,2974587.174342433,4552492.652895865,5995325.11765083,5433813.30306875,5057484.015560104,2464790.9300582153,2509461.4366563945,2612905.7716751117,2480425.607367578,26781202.141478363,40576200.36703278,33707238.94802056,31609451.52042241,-13196243.206278907,-7416060.105664331,-11093323.152748736,-11173179.121063806,-141884997.3231634,-124662239.31412937,-136998395.78865987,-135857032.02000147,44.452,99.87466666666667,70.768,63.84993333333333,4.432113666374758,4.276233392353161,4.31428168520915,4.3775555704672,63.65179119970509,64.64246745710032,64.1260115468694,63.99852788979342,193738274.26986182,435101644.5426602,304402344.48458165,278215453.86534125,339.03140216395195,1049.6744178785714,655.6022296387503,587.7564576640688,82.88284278892208,172.29302905961663,126.15745842171758,114.17640798366517,1759338.9007549896,4089591.3672742336,2844094.5902399034,2574927.2640367253,72.94602587265263,150.1420611132141,110.48403061275583,99.96463820684914,9.930006117581556,22.124789037757058,15.63261417855979,14.19818013964298,0.006810798687894933,0.026178908645440407,0.04081363040192291,0.013589637173035848,908306.9404462512,2104205.633540387,1468966.0494512073,1326871.4830291986,850315.962124046,1982649.0125907792,1370764.5703870365,1246632.5297874026,715.9981846924182,2736.721143067078,4363.970401659821,1423.251220123549
17,2723.243645297589,6833.585668180662,4612.409187070252,4161.863353306664,2059.7281771232624,5500.559280088321,3621.97210185461,3264.019063161033,663.5154681743264,1333.0263880923403,990.4370852156426,897.8442901456312,15546265.377520742,39881036.2541132,26608528.953769747,24063435.1843281,138979.63397265956,359452.38156144094,243226.54566650788,216145.09562873305,15685245.011493398,40240488.63567464,26851755.499436256,24279580.279956833,4507291.215627939,10456610.613447793,7283790.400456516,6589553.004864888,1234923.497855212,3013613.5118373767,2072047.2111451083,1857465.0027489695,8141141.832203433,9981704.722784834,9199594.516141193,8785338.843906924,603819.4422137085,711140.6375946762,657289.6235408323,641381.8605970473,3964112.3849143498,4545128.8249484645,4128645.2570109842,4167468.13892629,2329884.2282017414,5807492.822497688,3928328.700566039,3547047.2362053227,4792320.81328779,6425545.003493635,5775408.179041365,5363949.279859835,2521832.703555806,2723860.674522139,2499013.5379129783,2592542.493394023,28925253.996285625,45767311.681856446,36962296.65003633,34819974.18623541,-13240008.984792227,-5526823.046181804,-10110541.150600074,-10540393.906278579,-155125006.3079556,-130189062.36031118,-147108936.93925995,-146397425.92628005,48.43233333333333,114.15666666666667,79.147,71.43585,4.249567189706887,4.0979305068647776,4.135304860400101,4.196494350712149,64.5944771282765,65.67596422741046,65.15489781541524,64.97299761297339,224914242.55239224,534463545.83943504,364898028.3634867,333256498.70285726,382.4054573063706,1249.0243541225618,755.0070635388456,685.7220711920376,91.944714544894,197.20343307929838,142.23354053089483,128.78526603193552,2037743.8402799184,4974021.039205268,3392087.3692907738,3065440.859903791,80.25884749397939,170.21222528609556,123.31072567605395,111.74252972122005,11.598947852073577,26.71777198258901,18.750406715857782,16.89053629775398,0.08691919884104184,0.27343581061382655,0.17240813898308432,0.15220001296151647,1018851.5572426623,2477812.304514665,1689567.3383817873,1529487.8187878635,1009765.7465174996,2467393.0963622024,1683757.9629282323,1519935.3189631456,9126.536519756528,28815.638328400186,18762.06798075471,16017.722152781807
18,3088.9008804240657,8145.163012024634,5374.681549191702,4858.592626484265,2309.8309864225494,6447.468309901108,4157.642982344251,3758.004049640045,779.0698940015159,1697.6947021235246,1217.0385668474505,1100.588576844219,17775235.447474413,48049788.47985203,31310408.326782934,28371329.00880658,262977.3438901688,732870.1739192465,480411.0203906798,427439.83440034604,18038212.791364577,48782658.65377128,31790819.34717362,28798768.843206923,4956733.906989764,12104026.423875092,8242436.590067861,7458286.287899628,1356847.7317700575,3474250.0551940473,2337971.2562028407,2097938.5449684537,8586439.82749842,10690227.161979448,9787300.29089537,9322765.39456678,640324.6514171546,771833.8989466537,700862.1904949198,686352.8880524794,4334832.771403607,5154572.528241724,4642608.426932373,4621741.686296947,2689412.4196818843,7062799.547725741,4669060.052458779,4220097.914497234,5033971.504451699,6879985.694087026,6130008.278191814,5680076.470824063,2653778.630573239,2908814.1002198625,2604684.3574949964,2743041.044949557,31206962.220676687,51594387.89370972,40794293.28187848,38342561.20623825,-13168749.429312108,-2811729.239938437,-9003473.93470486,-9543792.363031322,-168293755.73726773,-133000791.60024962,-156112410.8739648,-155941218.28931138,52.60633333333333,130.23933333333332,88.337,79.77788333333334,4.076747904169086,3.929495979739221,3.966806834854993,4.025209730618633,65.53830398730905,66.84250924573465,66.24528903995126,65.994775827758,259183333.54379436,653447673.8207453,434527679.98689526,397175852.6407272,428.3019883607795,1474.6646947527913,873.0938348388544,794.5289355979836,102.76105182155779,226.5245349058665,161.51260891337546,146.07827090106582,2352786.75172401,6036073.295351196,4027763.3249154384,3641937.041993525,89.41267057725554,194.5875212348941,139.4774327973388,126.22386830742903,13.088050697260778,31.055360612694503,21.459890248487277,19.37660916766258,0.26033054704145375,0.8816530582778727,0.5752858675493857,0.4777934259742003,1162747.3557732287,2970993.279645523,1982896.60159794,1795633.4291285316,1162747.3557732287,2970993.279645523,1982896.60159794,1795633.4291285316,27292.04017755236,94086.73606014995,61970.12171955865,50670.18373646152
19,3496.973405052933,9674.662485981637,6259.59136341474,5659.1645833779785,2584.717175167494,7519.314609832255,4766.81606313174,4311.826277300161,912.2562298854382,2155.3478761493825,1492.7753002830018,1347.3383060778187,20289858.382943545,57733473.84489206,36828557.81849526,33395123.79462553,447379.77472572215,1323647.6910419979,846191.8672093728,754073.5454364186,20737238.15766927,59057121.53593406,37674749.68570463,34149197.34006195,5435954.853165779,13981477.498366365,9326641.320364822,8426887.778985985,1487945.8631526043,3994420.466172387,2636382.641732496,2365211.974209528,9064946.620298207,11481387.08453329,10447325.52729574,9910700.782780485,675277.9115131329,831017.114736744,744669.2741928148,729786.6326413967,4813289.618286514,5988124.389091461,5298550.8732227,5224481.788068245,3091512.702868583,8577489.631922,5535844.598808698,5011604.628037279,5287136.969652283,7360982.584259756,6505387.287321528,6012982.934764898,2890771.415451508,3587671.277702117,3353578.4922044976,3134686.367239221,33844821.876923606,58887227.53151873,45838792.86439201,42609663.856031895,-13107583.71925434,169894.00441532469,-8164043.178687382,-8460466.515969956,-181401339.45652205,-132830897.59583427,-164276454.05265218,-164401684.80528134,57.016,148.30433333333335,98.6035,88.96691666666666,3.9109518480411922,3.7720230925159774,3.8064069252618844,3.862326783607367,66.59461868088088,68.1671356551605,67.45962359759875,67.14499962187875,298078454.73410785,797545614.6143205,517233474.543009,472891960.6921823,478.9424436202138,1723.1540299350452,1009.314824800435,914.4164988304047,114.18917071205168,258.29542222033086,181.9485168758919,164.6263587399494,2705731.918704687,7317398.798065691,4768622.902076042,4319815.326481039,99.06258287143808,220.61895762130916,156.4017095055699,141.60731403389298,14.545587840412466,35.59454963718421,24.229575831238982,21.912724469282573,0.5810000002011217,2.0819149618374326,1.31723153908302,1.1063202367738305,1322155.374812551,3546181.9986522,2313228.808008162,2100564.693156428,1322155.374812551,3546181.9986522,2313228.808008162,2100564.693156428,61421.16907958452,225034.80076129016,142165.2860597187,118685.94016818149
20,3957.5903993033703,11456.056733623102,7262.2893164895695,6582.053616315276,2888.886421365795,8735.572282974219,5438.737184192373,4935.2264729287435,1068.703977937575,2720.4844506488835,1823.5521322971965,1646.827143386533,23166022.71890844,69161666.66290663,43167801.38992235,39264498.099307805,704269.2415350816,2199222.201188226,1366590.3559107268,1227502.777413682,23870291.960443527,71360888.86409487,44534391.74583307,40492000.876721494,5973713.186248069,16130818.560550816,10527497.710853921,9528700.06725403,1630850.7928181903,4576257.275279457,2961659.7234933823,2661743.0616796333,9623071.489711853,12399909.638393922,11174344.137343908,10594964.841750577,705870.3671826601,892482.74735579,790558.1560177925,771184.7002432556,5472493.58169566,7158669.051990499,6170342.429355396,6062654.996298853,3550419.605972744,10389436.948683677,6557346.169115709,5944075.6759215705,5552394.987272736,7865255.385190519,6896572.092331954,6361896.12654396,3502756.5090971165,4427995.954933312,3794099.826313368,3826590.315139785,37275539.01182487,67568932.95808183,51225587.688218504,47878226.8930148,-13405247.051381348,3791955.9060130254,-6691195.942385442,-7386226.016293317,-194806586.5079034,-129038941.68982124,-170967649.99503762,-171787910.82157463,61.897666666666666,168.582,109.7655,99.23718333333332,3.7575162756988276,3.625764522066186,3.6576801768608123,3.7114031619274033,67.79967058256862,69.60123849540135,68.79548035212963,68.43021935206008,343214086.26286507,970323889.1830064,613777813.076562,562702517.2849145,533.5526581187273,2013.6731260156812,1147.256690959898,1051.594821882661,126.10884815451247,291.7079359853057,203.6958751655093,184.06852889529011,3110585.7236503907,8858568.230390107,5651212.452855695,5122379.601009292,108.92968261243958,247.05618006190952,174.0173092204828,157.27395671975404,16.039601614415893,40.20071535212407,27.123568493032334,24.495991422613756,1.139563927657011,4.451040571272142,2.554997451994138,2.298580752922307,1494757.5880472492,4184806.0476825433,2686723.5234650727,2436274.5489196023,1494757.5880472492,4184806.0476825433,2686723.5234650727,2436274.5489196023,121070.54755589197,488956.1350250209,277765.40592554904,249830.50317008712
21,4470.185101781384,13538.495614174939,8388.110770140851,7644.093781119128,3220.789854803867,10125.517798176477,6175.800216503283,5637.44463498428,1249.395246977517,3412.977815998462,2212.310553637568,2006.6491461348478,26400073.796702575,82679995.38791764,50389772.01162424,46098046.353627846,1042876.5865749238,3433487.862997544,2066406.6682018866,1879590.533322841,27442950.38327749,86113483.25091518,52456178.679826126,47977636.88695068,6563264.562187124,18606459.775595468,11854632.352831692,10778382.886880044,1785022.8497757819,5234784.284138603,3311172.156325773,2992439.351802769,10241196.14344712,13365763.008288225,11979851.54873339,11334794.546141507,733956.7444207242,956497.1467801397,832865.8617282525,811845.8852465197,6342437.54782936,8445375.366029462,7166647.561364771,7078465.784199396,4082214.0872648004,12569332.480904682,7739600.398141574,7052705.525038758,5826218.912831576,8399410.87225989,7296605.2466614945,6726836.098631486,3958200.95086968,4107450.4391461327,4103820.164271858,4010438.271766438,40985587.6541108,76184565.12434423,57057024.32549875,53305229.7686925,-13542637.270833306,9928918.126570947,-4600845.645672624,-5327592.881741817,-208349223.77873668,-119110023.5632503,-175568495.64071026,-177115503.70331645,67.159,191.53466666666668,121.839,110.69048333333333,3.6145424480483945,3.4890597719118026,3.5192075233306195,3.570623511400587,69.07345234507804,71.1268767131253,70.22076274183252,69.79215087389458,394409038.44018805,1176766820.4886403,724543328.8930682,668234262.1571463,593.8750552938101,2361.8690819460317,1295.5474977318113,1212.6729646220876,138.6654569751164,327.83312052593715,226.70700334232973,204.87413921790363,3580543.7940665283,10704133.32961423,6680158.76187496,6073800.131508224,119.0571089721702,275.21512270807415,192.30651955670592,173.71241377973658,17.562838905168046,45.10781427856757,30.063351033515165,27.20358028585788,2.0455090977781607,7.510183539295395,4.337132752108629,3.958145152309193,1680829.6985034535,4932477.943973657,3101991.870298446,2818906.584418025,1680829.6985034535,4932477.943973657,3101991.870298446,2818906.584418025,218884.39705962158,839177.4416669143,476175.02127806866,435986.962672174
22,5043.57822700884,15924.35934644026,9678.43388941803,8851.851618809837,3583.7860997031567,11664.843450242695,7014.944315884329,6412.156172391995,1459.7921273056836,4259.515896197562,2663.4895735337004,2439.695446417841,30079028.313500505,98408794.81535332,58730988.42220791,53994446.58914898,1476316.2448474516,5107853.311593139,2982141.030608012,2747354.218208442,31555344.55834795,103516648.12694645,61713129.45281592,56741800.807357416,7215617.056028499,21393213.715704396,13347421.471486991,12177775.886915062,1950942.9673767383,5961687.834902008,3698937.7554215975,3354703.6710105827,10939064.687619017,14497738.041292517,12863342.806685563,12184600.361404743,760858.070766833,1023756.711749232,874300.8857958029,852872.5951106726,7409669.246655294,10158550.889327094,8425203.180042882,8371777.821590424,4690797.79440136,15160084.045883156,9102309.794527518,8355047.982419988,6112199.406651964,8955792.97893304,7722197.959192285,7107457.156950342,4435877.715472473,4716939.9990423275,4051436.805539529,4534249.514721922,45185745.386186354,87277020.14476939,63345899.51768092,59917691.551690415,-13630400.827838404,16239627.982177053,-1632770.064865003,-3175890.744332996,-221979624.6065751,-102870395.58107327,-177201265.70557523,-180291394.44764945,72.88233333333334,216.89633333333333,135.237,123.28723333333332,3.4812216465976915,3.36180565118011,3.3896646900646594,3.439426048201538,70.47708034158973,72.77030264247577,71.69686872281166,71.27970814689984,453079836.6896993,1422051951.1763873,853187705.3080366,792220076.76004,662.3450266594394,2718.810286983273,1488.8800944401473,1382.107867772781,151.5985193012308,364.756474074156,250.19267891710268,226.2038034717546,4116442.5574916243,12917022.487637274,7868426.801973918,7196645.533042601,129.17246956846097,302.54421114879324,210.26809994119148,189.85257912157726,19.077795757363923,49.81490966655542,32.91527599237576,29.835785625580947,3.348253975405918,12.397353258807415,7.009302983535445,6.515438724596441,1877893.9929852532,5755352.136703374,3544868.6529196356,3235004.3432865953,1877893.9929852532,5755352.136703374,3544868.6529196356,3235004.3432865953,360654.5715211176,1406318.2142305293,778689.4961346474,726636.8464694116
23,5672.985726469651,18650.46708379298,11105.175227369857,10215.104201532817,3973.3797644133815,13384.417609574626,7905.85022209731,7267.243010219817,1699.6059620562698,5266.049474218355,3199.3250052725457,2947.8611913129994,34166242.22919547,116631918.22136141,68127992.49031076,63029228.82645355,2007746.373807687,7297619.299346228,4145279.730459918,3859201.8977461765,36173988.60300315,123929537.52070762,72273272.22077069,66888430.72419971,7920128.537608902,24539036.273491725,14969265.490234425,13736746.245167889,2125742.3939282163,6759760.398981119,4106713.7270147945,3747648.695696732,11697027.521500237,15733913.467917653,13841984.330481073,13109937.602746334,783469.7990917788,1098192.9242348734,915671.1116776351,893622.892891862,8597489.56131377,12092102.221363654,9866394.732514396,9820603.99233123,5385579.088802422,18196186.248521596,10699512.89595963,9869291.594704133,6407734.982903788,9535396.993507888,8155482.026410732,7502416.686615223,4080191.6997603253,4860253.281056937,4416011.601687265,4353213.2532141395,48912753.8878967,99291349.27445655,70791092.84470768,66545262.273192644,-12738765.284893539,24638188.246251088,1482179.376062998,343168.4510070784,-234718389.8914686,-78232207.33482218,-175719086.32951224,-179948225.99664235,78.96933333333334,244.94633333333334,149.5,137.06128333333334,3.357623395127426,3.2433722773505798,3.2687786645870927,3.31763550390553,71.91028313688233,74.45069871556902,73.25159974873057,72.79942858942267,518934941.6736268,1708813260.5408614,1000871466.7234861,935392353.277159,729.8617635801631,3130.3222451500533,1656.2657336937953,1570.0229321296247,165.08813558308108,402.7818647129312,274.5684171884049,248.28094077852865,4733301.683752193,15527497.219041966,9256969.417922387,8511270.121103613,139.35669126036174,329.13014990340184,228.2077216576579,205.77740178542575,20.577266961493844,54.232485877367225,35.74229458118636,32.35659358204953,5.154177361225518,19.41922893216211,10.618400949560606,10.146945411053323,2086693.7034556707,6639941.8309813235,4031275.2702248814,3680330.548089649,2086693.7034556707,6639941.8309813235,4031275.2702248814,3680330.548089649,559914.2768408513,2247613.557079319,1194418.8774726249,1150609.0249243148
24,6365.159406688958,21714.93051555941,12689.144064648579,11737.579294793615,4394.02976120267,15289.048352542499,8885.587455698884,8207.28626817161,1971.1296454862886,6425.882163016908,3803.556608949696,3530.293026622005,38722689.62525524,137313310.87295175,78643317.61725336,73229407.06194901,2655491.675419299,10075370.078548286,5586706.006857827,5252449.116514444,41378181.300674535,147388680.95150003,84230023.62411116,78481856.17846346,8691025.810454763,28019410.39977982,16737624.15158603,15455960.416718531,2308657.227741649,7618319.292733021,4540073.63905934,4167038.950488629,12544051.92188437,17037781.007612508,14913215.915663643,14116857.101889217,802833.3497821618,1175290.0472944537,957339.803188763,933193.193911464,9968569.945582777,14201411.15113779,11452940.838976786,11450064.36752703,6164652.402764217,21695344.517317068,12485545.124906952,11600394.642857714,6710599.063744929,10133792.476986188,8597833.262106908,7908716.75837937,4749136.868402761,4602101.068684489,4663249.758376655,4697674.338501366,54130758.20051407,112185089.05321887,78799791.22500427,74449773.99896075,-12752576.899839533,35203591.89828116,5430232.399106894,4032082.179502707,-247470966.7913082,-43028615.436541006,-170288853.93040535,-175916143.8171397,85.501,275.3446666666667,164.759,151.94628333333333,3.2425907735925357,3.1323078566127576,3.155918482001251,3.2039917526496136,73.40119782697903,76.15145967210249,74.81143318424161,74.36378947277224,592839747.9879816,2036289174.5974355,1166463643.6959352,1098047047.3012905,805.9353454430889,3561.7425889099395,1855.8545005846358,1770.4678806564864,178.78445720765887,442.4047168354501,299.12011248961977,271.0515480773858,5426098.290450473,18589430.628106143,10840990.8331156,10033264.608629957,149.2943891374638,355.66985648306974,245.31015433529555,221.52580270842589,21.997690087484923,58.50217409820583,38.28553037027392,34.77425949123724,7.492377982710135,28.232686254174574,15.524427784050278,14.751485877722688,2302894.850735658,7624590.607359845,4533719.401329801,4165488.365554123,2302894.850735658,7624590.607359845,4533719.401329801,4165488.365554123,820308.5889791575,3340249.4133864515,1773552.030455997,1702287.8775217105
25,7118.2916660899355,25138.987366629837,14449.359013892778,13425.5351612789,4842.648930655715,17356.732284837515,9956.95507874716,9222.578104619344,2275.6427354342213,7782.255081792326,4492.403935145617,4202.957056659558,43735429.684020475,160730845.6900092,90459185.90024745,84683825.28611653,3435552.2613463453,13561381.504408946,7357424.774375802,6979592.496418256,47170981.945366815,174292227.19441816,97816610.67462327,91663417.78253478,9521492.214137247,31833152.704655655,18692878.93968357,17330573.38581869,2500065.2222165046,8530214.192257527,5004211.728076473,4610617.361730862,13419535.795682516,18410349.79031393,16058706.324306222,15166320.693803512,821713.6479031601,1258652.742225746,1000042.5190867038,974642.330916065,11564737.925103307,16357946.972462654,13203697.124850156,13242361.091679078,7039801.354756993,25748570.375629973,14520750.022030922,13587870.512062535,7020262.440963359,10741730.12141024,9055327.672904646,8322776.129119767,4747412.300914036,4244838.432319638,4586867.5213379245,4571511.446905997,59132751.803655274,126233423.97727376,87293003.74166244,82617987.06442174,-11961769.858288463,48058803.21714441,10523606.9329608,9045430.71811304,-259432736.64959663,5030187.780603401,-159765246.99744454,-166870713.09902662,92.41233333333334,307.9363333333333,181.311,167.84573333333333,3.135977438165382,3.027554515184871,3.0503218192348673,3.098029415122203,74.90039206375613,77.8978665744238,76.3907483905595,75.9495081424898,674730148.5695064,2410925111.510306,1353923369.8357804,1282398385.598786,883.6402936892833,4027.2526853701775,2080.667589101686,1983.9046307775961,192.8894675883444,482.515828114685,323.7653716638842,294.25869377256356,6206727.195101181,22108302.142725006,12634503.543616675,11772278.42676952,159.106247216111,381.1854509758097,261.6170433392843,236.83396853200554,23.382118543629804,62.4915493856064,40.646926494955665,37.070419338321614,10.401101828603608,38.83882775326882,21.5014018296443,20.354305902236433,2528413.33346765,8702479.104942102,5070122.547509912,4689336.353483709,2528413.33346765,8702479.104942102,5070122.547509912,4689336.353483709,1149900.5281658794,4703343.932840797,2494258.4485968486,2393605.7198021007
26,7931.342789728285,28936.77850749618,16351.547053817514,15283.245290947047,5323.31673357495,19594.364964673863,11097.740543355934,10318.183614459569,2608.026056153336,9342.413542822316,5253.806510461582,4965.061676487479,49185204.8909105,187085321.95691285,103362273.61993738,97450245.86401132,4357784.66766281,17854246.505031012,9489146.503231712,9081546.31074168,53542989.558573306,204939568.46194384,112851420.1231691,106531792.17475298,10402956.875975367,35999696.00141015,20761715.276916746,19361815.569877543,2694405.8143716925,9493054.21736908,5475031.076733118,5073932.755420778,14334555.813863128,19788367.62119438,17181468.389395576,16243389.946429066,841961.3129781329,1351199.5294957582,1046411.2246294175,1020194.6887593017,13119514.233195659,18470031.82122255,14898328.767886106,14992195.38900507,8002907.694375279,30348712.395466562,16795132.895352647,15823939.339757228,7333975.601218335,11372080.136160929,9517200.290294135,8747312.188448243,4054599.138998945,3772284.3082992835,3477105.4159991597,3955788.9482540637,63620690.93783862,141305201.1017829,95118435.80031964,90810269.49521911,-10077701.379265316,63634367.36016095,17732984.322849445,15721522.679533876,-269510438.028862,68664555.14076433,-142032262.6745951,-151149190.4194928,99.609,342.86066666666665,198.43,184.7470833333333,3.03597983043038,2.929886216193715,2.9517050657041857,2.9988470654475474,76.37706330522059,79.67013709436199,77.9687196029573,77.52963913142008,763721882.5028257,2834899611.638268,1559912163.086058,1488634087.7002304,965.0794667975637,4507.799053083629,2283.7911679289555,2205.031321997686,207.74725858884128,524.418844767728,349.8494426909865,318.58231375145164,7075647.291805021,26143834.079162724,14672491.601193488,13749512.667380217,169.2081282411424,407.1228605017614,278.69122330973266,252.47828453235905,24.774111060176132,66.31826364013708,43.0333940162208,39.314564463162455,13.765019287522726,50.977720625829555,28.12482536503303,26.789464755930112,2768514.395371267,9899768.073560428,5674154.112336,5264453.182737473,2768514.395371267,9899768.073560428,5674154.112336,5264453.182737473,1538618.5010624886,6344297.932041872,3324183.376521487,3220606.3019052725
27,8803.547107502753,33141.005382361145,18413.20261962574,17321.65750370319,5837.199000124435,22036.07824189992,12323.276213072952,11506.806734745853,2966.3481073783178,11104.927140461228,6089.92640655279,5814.850768957336,55066521.25992338,216502723.65547422,117460975.86059889,111569192.09836617,5431735.975846984,23070614.318521544,12011214.813660301,11605343.39578308,60498257.23577037,239573337.97399572,129472190.6742592,123174535.49414924,11332781.154299438,40571016.05215933,22971915.376155294,21566163.3685504,2891070.3504966344,10507899.679773321,5956831.700087022,5556960.615743475,15239844.150787488,21170656.178490438,18321710.893334243,17315628.36048352,863668.909218777,1452660.6042990084,1096770.9854123082,1069816.002496858,14629289.470133098,20572134.499916956,16545251.000815561,16709285.23055745,9053993.969598806,35556136.73015345,19297479.24921985,18329743.93579293,7650899.737870084,12009695.000344995,9985898.05651761,9176478.079736304,3647480.5767693585,2925640.4464850393,3322475.0181204644,3394836.5311698467,68513255.052575,157286320.32263073,104343642.34107266,99583827.89709452,-8014997.816804634,82287017.651365,25128548.33318653,23590707.597054735,-277525435.8456666,150951572.79212934,-116903714.34140857,-127558482.82243803,107.066,380.382,216.355,202.72660000000002,2.940767004844384,2.8380083082158465,2.8587477145734783,2.904801461024396,77.82464708485739,81.42540786470109,79.5302243150614,79.08491335780268,859836517.9648649,3310716848.611151,1784718067.1613653,1717644633.691065,1048.9485512031226,5055.016253999836,2508.645309579582,2451.0722471819727,223.15039570256073,567.473202792645,376.6550705996902,343.6633781840902,8031448.4337859955,30740935.269291576,16927713.01847536,15979768.82621295,179.4978415421154,433.23848552456633,295.7874826314454,268.30706693597324,26.173791907766326,69.97451276904481,45.34589754975719,41.50404420921379,17.478762252679015,64.2602044990338,35.521690418487566,33.85226703890319,3027241.02846279,11252303.41897126,6320578.621060257,5906012.865140754,3027241.02846279,11252303.41897126,6320578.621060257,5906012.865140754,1976966.3768604165,8236328.431349058,4286555.7763548475,4167743.0959314406
28,9740.018302322116,37737.81426102047,20623.023988684785,19539.24688786654,6382.924629351616,24647.66819436874,13600.107616704454,12775.584877107609,3357.0936729705,13090.146066651727,7022.916371980328,6763.66201075893,61421564.0278202,249111937.7769475,132794571.40112156,127113194.84001476,6677211.350366689,29310810.336375687,14974643.010153938,14598970.995469838,68098775.3781869,278422748.1133232,147769214.41127548,141712165.8354846,12318269.525229182,45480579.84714533,25294709.062062576,23925078.13789983,3089907.9837820255,11560032.310955558,6445682.664299415,6054451.498292762,16124290.215478731,22540318.013929885,19506401.11642077,18369899.944936633,886949.0644543723,1563981.8695906529,1150550.6822199526,1123910.5462520705,15973899.283741236,22526768.841791596,18249163.32166387,18267403.62905886,10210297.745408481,41396123.1086841,22077010.290660795,21125336.622554947,7971504.959066207,12654273.74678385,10455802.115378281,9610474.034767382,2634500.402157322,2243688.0084902383,3164833.67159119,2497716.0643738424,72816805.73361698,174516142.90306145,114156887.64901762,108411573.74292254,-4718030.3554301,103906605.21026176,33612326.76225787,33300592.092562046,-282243466.2010967,254858178.0023911,-83291387.5791507,-94257890.729876,114.826,419.84166666666664,234.7945,221.58148333333332,2.851347871592495,2.7511530395521344,2.7709829571890934,2.816279680378369,79.23838597036246,83.21346595693487,81.11731702237434,80.6296639656628,963924473.1931227,3841832230.385494,2031513445.9230325,1971192188.2104528,1141.5207506707789,5582.993536473977,2724.3727423806513,2696.036225701898,239.42791143309958,610.9404413343981,403.52740946023704,369.4572968985541,9074738.585365554,35936000.696099356,19420828.601138882,18476180.324122384,190.47693659734583,459.14586363563717,312.1916021743961,284.5110610607478,27.673801375879624,73.40721653726119,47.4293815230628,43.68049668236317,21.27717345987414,78.38736116149975,43.90642576277804,41.26573915544311,3318384.489924921,12784857.268560287,7001827.996157499,6631649.962447299,3318384.489924921,12784857.268560287,7001827.996157499,6631649.962447299,2437969.6055157133,10366286.15897878,5417172.608823883,5212880.399227787
29,10730.291164655251,42657.46648911903,22973.714769003527,21904.802528217573,6953.208164344427,27397.126932459552,14940.717523481508,14108.57973318472,3777.0830003108235,15260.339556659477,8032.997245522017,7796.222795032852,68205985.6097652,284411926.47253776,149256554.04270282,143878064.9117356,8092150.648865773,36588461.03767146,18398903.62065604,18065859.284947764,76298136.25863096,321000387.5102092,167655457.6633589,161943924.19668335,13342591.318314295,50659529.03084592,27735773.56513572,26403519.51770036,3285054.1519370335,12604669.573022753,6927420.28085853,6546919.549317036,16990623.85670086,23829375.304507963,20596824.305758562,19384186.863433346,911659.5166764155,1683143.4929228975,1207903.2529023157,1181678.908362684,17146674.805124696,24156615.873678584,19644684.013053823,19600154.17911856,11458253.640563017,47846619.64166118,25087657.224067483,24194181.740947373,8292777.786182681,13299350.983392688,10925588.03055221,10045078.405206183,2070859.2936993863,1517572.6419965588,2009924.6725158358,1877208.9656033968,77540225.80523491,192371889.41568115,122998069.97557592,117731308.0688911,-1242089.5466039495,128628498.09452808,44657387.68778294,44212616.127792254,-283485555.74770063,383486676.0969192,-38633999.89136776,-50045274.60208371,122.71233333333333,460.507,253.768,240.94046666666668,2.7666216572204534,2.670117398324993,2.689159578670971,2.732845166607042,80.62558664869398,84.98257449764982,82.69002979200421,82.15053239582852,1075647233.0643456,4417485944.961106,2297488452.1207848,2245290782.2282114,1222.8803163180255,6075.148822142889,2935.567147014967,2921.174293356728,256.85563888269235,654.9051470131266,431.86846030374824,396.1729667283443,10214816.306728033,41763412.21699848,22165382.161691323,21256824.87532269,202.4715339361055,485.90186579179544,330.3673513393349,301.67215008559697,29.27756186983828,76.87446330247823,49.715150362011094,45.936477371262264,25.10654307674855,92.12881791885285,51.78595860240218,48.56433927148505,3647156.779436659,14576317.368457159,7807252.052182896,7472362.985593833,3647156.779436659,14576317.368457159,7807252.052182896,7472362.985593833,2920502.747854716,12610777.480084162,6550878.057325531,6312098.904135022
30,11786.470584647524,47952.18117584135,25478.613039338365,24444.469291565365,7558.970267865359,30314.881700719223,16360.55986413905,15523.539269364212,4227.500316782164,17637.299475122134,9118.053175199319,8920.930022201153,75496285.66665529,322804356.8386566,166975243.83410257,162054110.57685575,9693444.13339028,44985251.821491405,22274841.093496248,22045576.82422567,85189729.80004558,367789608.660148,189250084.9275988,184099687.40108144,14426407.246562246,56169737.072266355,30298805.43850762,29036572.685558684,3476698.7799361367,13666650.763618968,7404344.945590023,7043181.974225128,17884070.945823442,25124074.26084499,21696253.48487061,20418072.106080983,938304.0030478805,1810797.1213041346,1268975.5900951596,1243676.5944375694,18314259.850512765,25683345.85518915,21002919.343740344,20893439.9521495,12799767.45595609,54925419.194053754,28347760.65969027,27543745.56429027,8615541.970865311,13952057.411997467,11395308.217931807,10483322.375261566,2172697.98247376,1203450.0699387107,1689426.2886274068,1833461.2130864926,83140696.73405479,211755285.9605476,133106656.75920527,128155802.96332726,2049033.0659907907,156034322.6996004,56143428.16839354,55943884.437754154,-281436522.6817099,539520998.7965196,17509428.27702579,5898609.835670441,130.899,502.75533333333334,273.186,261.0487166666667,2.6870965767471375,2.592930262064305,2.6108491552426045,2.654138366608146,82.01119249645241,86.72816611209942,84.24815738496318,83.66213326192886,1195242090.404377,5046479942.242831,2582954727.687984,2543175338.547836,1318.3444766711289,6627.4666196310445,3166.5172106219165,3176.537226707099,274.2142565644584,698.3223802936044,460.3276984116647,422.6520998696595,11444720.438794645,48150058.126531385,25148318.64950383,24291588.629502505,214.02163248859964,512.1994540976169,348.3812341088732,318.3838700517557,30.79302048231414,79.95806531785202,51.84077011028975,48.00078617475239,29.399603593544647,106.16486087813547,60.10569419250173,56.26744364315143,3986008.60994961,16536319.209904172,8670925.97211935,8378617.319933707,3986008.60994961,16536319.209904172,8670925.97211935,8378617.319933707,3472703.218895423,15077419.70672304,7806466.705265129,7534353.9896350885
31,12900.944354528441,53638.281306593024,28126.411195403114,27159.012287751044,8187.917484437164,33375.03995022801,17835.92784081195,17003.41034746396,4713.026870091276,20263.241356365015,10290.48335459116,10155.601940287084,83272840.52941377,364609681.84693766,185932719.223003,181740734.99054712,11473685.12664504,54592812.813719265,26607341.877548385,26565379.81712102,94746525.6560588,419202494.6606569,212540061.1005514,208306114.80766815,15547499.158510633,62055902.22867116,32985895.500607893,31825440.23306682,3663657.3169267955,14716352.675263371,7866465.127398055,7532100.692344597,18789952.679199517,26428987.95288974,22770516.70569361,21463615.024991095,966194.6123996243,1948357.2285448376,1333594.149707442,1309951.5280504487,19533953.121408965,27110247.923953004,22256207.02741197,22185656.30229938,14253736.19249919,62706576.27230131,31885060.56312805,31212230.220429927,8939048.009945503,14609397.261683777,11870580.221616136,10923670.248053897,2301037.9242532146,1644683.3813704427,1944255.7412486998,2071313.8342442447,89015070.5294192,233126839.41669694,144145277.90600377,139454189.63996643,5731455.126639609,186075655.24395996,68394783.19454761,68851925.16770174,-275705067.5550703,725596654.0404795,85904211.4715734,74750535.00337213,139.199,546.8806666666667,293.1095,281.88758333333334,2.612155957602103,2.5207918423264153,2.5376095466711988,2.580178517255612,83.37313298823415,88.49249579473084,85.77385916684666,85.16490997050799,1322584089.582072,5734052318.514512,2889835254.6235995,2866597969.708426,1406.5904530318865,7186.173828111067,3387.9376089151892,3429.4446343095997,292.1793213192013,740.0750413683563,488.95751115811606,448.9428233364056,12778459.470006837,55168441.2990222,28387512.739139818,27614953.11016221,225.85307083744425,536.5973604102097,366.54843601589135,334.61357218791215,32.33547722721873,82.64797224694712,53.957624709903435,49.94485048412366,33.990773254538325,120.82970871119957,68.45145043232127,64.38440066436976,4347611.353633978,18654796.016730495,9619994.154411655,9355125.985717759,4347611.353633978,18654796.016730495,9619994.154411655,9355125.985717759,4083236.7627388765,17858849.265561208,9147524.43031651,8904701.138726693
32,14081.959118883213,59606.79239918133,30910.333959372954,30015.650766987554,8855.844435013212,36528.14828475799,19370.71847671108,18541.150782423883,5226.114683870001,23078.644114423336,11539.61548266187,11474.499984563667,91554666.1994375,409145295.7313963,206067798.7871651,202711386.53562307,13419242.811052078,65280586.66917853,31343800.30416864,31570713.16139634,104973909.01048958,474425882.4005749,237411599.09133375,234282099.69701943,16733505.322714742,68158814.36154488,35775839.620662674,34732363.48630529,3844270.082696453,15726092.736461515,8306491.423643878,8002908.011514224,19623606.02068882,27670432.539617777,23761460.520713296,22439995.302313954,995847.0227095146,2093442.3194182224,1400993.7203335501,1380005.3765575623,20473173.981200427,28410342.31667982,23218505.015437096,23251182.898618214,15804466.621561427,71135440.19847243,35673822.05803046,35170307.373480275,9266129.905935202,15257222.692851365,12338338.690941008,11363012.38135586,1631436.634286041,1175653.5427447108,1255432.553180539,1471912.5522465755,93934629.27655403,254420277.64333147,154276980.2241313,150104606.20492613,11039279.733935557,220005604.75724348,83134618.86720243,84177493.49209332,-264665787.8211347,945602258.7977229,169038830.3387758,158928028.49546546,147.80866666666665,591.3153333333333,313.381,303.036,2.541147374086683,2.4525795967998043,2.468906596413007,2.5101486520362757,84.66224745652576,90.23058904824565,87.26824467429674,86.61116701362772,1458067401.2607465,6470413359.727474,3216037999.176823,3212388486.724101,1505.3278140811767,7687.384367330795,3606.54298250695,3669.0476077185426,311.43097146918296,779.9212717700667,517.4134007668589,475.4025765744923,14211978.848408818,62880374.19909853,31881009.165082708,31245917.221150212,239.15029524196208,560.6756211014293,385.7410972650873,351.6841592927756,34.06993747228131,85.0118133460812,56.10503995232574,51.89959402811127,38.21073875493955,134.23383732255616,75.5672635494459,71.81882325360536,4767888.812818048,21082337.0978003,10726555.40556641,10477945.712561835,4767888.812818048,21082337.0978003,10726555.40556641,10477945.712561835,4676201.222772725,20715700.003497932,10427898.353949886,10290025.796026547
33,15327.759243291692,65860.92367850554,33851.77587481154,33014.36679561654,9549.984886185537,39766.77635546553,20971.591859476477,20125.861900433534,5777.774357106154,26094.147323040004,12880.18401533506,12888.504895183001,100370520.00192964,456533335.5191583,227591738.73529908,225027505.43295965,15515598.08633493,76922953.87496191,36524286.214092314,37008172.61235437,115886118.08826458,533456289.3941202,264116024.94939137,262035678.045314,17979371.781126305,74516475.2190048,38683821.22486021,37767357.98438378,4019020.0412731105,16696123.864722751,8738783.886693293,8456006.379480485,20410223.23752528,28885653.344940826,24799647.60323649,23376623.77512072,1027117.9333186988,2246432.7169894488,1472444.244538444,1453878.1076034612,21227208.253708523,29562199.26798674,24219656.766466927,24144455.1087059,17477387.67486604,80180928.44955528,39732703.59665756,39423626.946007274,9593265.985007746,15900330.787314605,12810613.791858453,11800738.665815147,1424658.111323087,1542534.6427134695,2110418.465969624,1465914.897309721,99298695.10345198,277409107.0277761,166523735.65877473,161637339.27696544,16587422.984812612,256047182.36634406,97592289.29061666,100398338.7683486,-248078364.83632207,1201649441.164067,266631119.6293925,259326367.2638141,156.67933333333335,636.5233333333333,334.0005,324.6247333333333,2.474418920805975,2.3881225953230465,2.40352591405171,2.44421520688695,85.90440838130846,91.91892688989938,88.726813300635,88.00948985931528,1602406616.3885186,7252521757.546297,3565656803.001618,3579946915.793741,1601.7898729700275,8196.58952829964,3849.764629845512,3909.9697523353916,331.5523615596465,816.1397825407045,545.1016598486391,501.1579589030168,15746086.351573436,71163882.36008623,35611739.863700055,35142314.95455291,253.58914711305252,582.4160075085642,404.01579379779133,368.67854825148163,36.00077857293793,87.15218192306423,58.043513631507714,53.90376974548214,41.96243587365609,146.57159310907596,83.0423524193399,78.57564090605305,5252681.782846878,23734891.731159255,11881316.156266958,11721455.26475621,5252681.782846878,23734891.731159255,11881316.156266958,11721455.26475621,5240722.785879681,23694098.89776773,11849107.551166141,11699404.425040498
34,16620.614161845202,72367.8209507187,36857.677715654645,36132.13653795092,10266.417894529659,43082.790095680415,22591.67464140756,21752.148164932423,6354.196267315544,29285.030855038287,14266.00307424708,14379.988373018503,109595880.6111033,506521188.73026454,249830597.28733045,248519738.4528097,17731693.74070226,89399145.36055301,41974182.41232437,42815301.80765002,127327574.35180554,595920334.0908176,291804779.6996548,291335040.2604598,19264327.74118698,81059736.36162794,41626946.23357155,40892720.75834131,4177944.5318460045,17601726.8782221,9122528.26707554,8876268.353077639,21164620.177313898,30060340.21866161,25742981.63240308,24278122.191785596,1059566.631260863,2405024.0834680838,1546057.68378583,1530476.7395333904,21839197.075954035,30576672.380917218,24955240.646678094,24897313.43269115,19230727.32819545,89757973.67884062,44001231.66966537,43915263.550921254,9917035.36752095,16534368.150485678,13268780.383747388,12233101.841558605,1330184.193659607,1235102.8086919447,1529921.9555405674,1296905.7089209252,104729851.90887718,300380128.1870939,177211436.5627872,173207448.60625303,22597722.44292836,295540205.9037237,114593343.13686761,118127591.65420674,-225480642.39339373,1497189647.067791,381224462.76626015,377453958.91802084,165.60966666666667,681.801,354.269,346.27663333333334,2.4118722851342747,2.327657143341917,2.3425672228967316,2.3823969855069493,87.06689441428105,93.54730429972584,90.12136807432165,89.33503787418672,1753543704.6561296,8078078007.704775,3925470797.920249,3967130710.723155,1686.4544640838283,8669.376845941973,4024.776147854288,4130.477297734179,352.13977474754387,848.7648818785564,572.2744573705428,525.9585622433983,17382917.71323969,80018443.40911803,39617403.74240871,39305351.70679711,268.78000687143094,602.7238178068078,423.0436662985707,385.66034069881283,38.00043795099263,88.97244583321526,60.033283477799124,55.84064070977055,45.359329925120385,157.06861823853333,89.19750759417305,84.45758083481492,5794305.904413228,26672814.46970601,13205801.247469569,13101783.902265701,5794305.904413228,26672814.46970601,13205801.247469569,13101783.902265701,5794305.904413228,26672814.46970601,13205801.247469569,13101783.902265701
35,17988.675694356276,79137.97194043617,39958.26696554175,39390.92938048424,11019.656520415698,46483.693049881935,24231.240558581732,23432.06930572888,6969.019173940579,32654.27889055422,15727.026406960014,15958.860074755354,119427904.1959145,559255283.7667665,273136682.59960395,273367487.0457127,20079256.320839245,102628375.38773793,47687535.63880382,48971447.994253784,139507160.51675373,661883659.1545045,320824218.2384078,322338935.0399665,20597831.876820963,87819956.20267905,44670775.91938895,44125575.390871294,4332993.21828675,18448209.938279673,9479152.726106388,9273319.070284273,21915823.209384352,31234094.610835746,26691096.7662726,25177218.199892342,1093933.0264398688,2570149.209641001,1621816.4086247855,1610608.690560265,22412996.385678284,31528923.469502155,25650025.000268996,25603570.86501664,21079852.27752709,99893356.32827555,48472691.6060216,48664578.695289046,10242527.836860094,17163755.082499627,13725229.130364059,12664957.37283393,1679405.561085736,1870338.269500929,1745110.808948427,1746232.0090310534,110746775.58557726,325128204.48814875,189005759.92160842,185780275.7014773,28760384.931176484,336755454.6663557,131818458.31679936,136558659.3384892,-196720257.4622172,1833945101.7341466,513042921.08305943,514012618.25651,174.72333333333333,727.372,374.7595,368.1503666666666,2.351271942516569,2.270741593070327,2.2861603072424335,2.3230863202103844,88.17067500583137,95.11972299006473,91.46112255985422,90.60284180031306,1914208490.0140676,8949003666.603422,4303218665.35126,4376386801.820342,1785.146898073277,9161.617108370814,4222.663605055656,4366.911471677415,372.47906978661456,876.5707780906664,597.1156407165373,548.9111676930327,19099136.152770832,89388050.11362264,43770716.954948224,43700256.03906896,283.8078142347488,619.660217427483,440.53842197626363,401.35615535220575,39.998449194664786,90.32227455869028,61.83847281326451,57.61178807207371,48.67280635720108,166.58828610449302,94.73874592700915,89.94322426875326,6366378.717590277,29796016.70454088,14590238.98498274,14566752.013022987,6366378.717590277,29796016.70454088,14590238.98498274,14566752.013022987,6366378.717590277,29796016.70454088,14590238.98498274,14566752.013022987
36,19408.81859448966,86152.92274019086,43192.73372045707,42769.25504548508,11791.343910736645,49912.15433952247,25944.374680662204,25133.627560811685,7617.474683753017,36240.768400668385,17248.359039794865,17635.627484673394,129743293.17212072,614732795.4574407,297619185.87810254,299489618.9719827,22526688.279919043,116562166.02473666,53621772.93741772,55439105.490605205,152269981.4520398,731294961.4821775,351240958.8155202,354928724.462588,21995867.36855696,94795807.5679606,47812071.98286318,47475846.43834823,4474516.105651549,19225183.0032881,9800915.68140131,9637249.519824343,22687817.116158396,32408465.552592244,27635051.165495865,26090044.06891024,1129672.9929358969,2740251.1514077834,1700472.1638004645,1693375.348401057,22981231.874706935,32467757.1267252,26325228.617923263,26301515.712913327,23041568.09604241,110609794.26409322,53103786.55945442,53690447.25486019,10565408.899177969,17784451.094651755,14175914.734646885,13092073.667593794,1808596.276507944,1966669.9896942126,1765730.9298359705,1863922.0761231382,116752333.15276854,350232731.6265472,200874356.20882618,198470472.61859107,35517648.29927125,381062229.8556303,150366602.60669407,156458251.8439969,-161202609.16294596,2215007331.5897765,663409523.6897535,670470870.1005069,184.05233333333334,773.169,395.4345,390.24316666666664,2.2956278762830165,2.2168129993512165,2.2325023836454334,2.2680426693568867,89.21640003640903,96.64131140939212,92.70977899310962,91.8151190169531,2083268059.5501225,9872845993.911724,4698411378.089239,4809620336.576683,1876.4895446811493,9639.376927207195,4433.0040014669985,4593.500128565265,392.59398187882965,899.7736503233062,620.6313221104284,570.1068658343964,20926074.077513058,99282548.87317568,48123632.73576117,48350840.255994976,298.63991844842997,633.2651861416904,457.2094208467357,415.7587621410711,41.93939181551981,91.34096950571272,63.43863685448949,59.229944007087326,52.01467161487985,175.16749467590316,99.98326440920319,95.118159686238,6975358.025837687,33094182.95772523,16041210.91192039,16116946.751998326,6975358.025837687,33094182.95772523,16041210.91192039,16116946.751998326,6975358.025837687,33094182.95772523,16041210.91192039,16116946.751998326
37,20897.16755545018,93207.39510913505,46505.610858118685,46205.747199239886,12597.961604915017,53260.09955413886,27669.24036452354,26829.709887143363,8299.205950535166,39947.2955549962,18836.370493595143,19376.037312096527,140629176.6056945,671631229.0162942,322971347.2203142,326479894.9494044,25052048.240603626,130816236.58640055,59664710.903875336,62069514.16163255,165681224.84629813,802447465.6026946,382636058.12418956,388549409.1110369,23453520.867934223,101792172.023104,51018521.77700146,50872048.77224364,4604228.580072152,19891832.057122696,10083256.423723469,9954889.797039842,23454164.83190783,33564634.32289042,28596067.763974402,26992829.15375174,1167091.5240537205,2912519.640480699,1781042.142500523,1777991.3648031629,23544016.55717002,33378375.60737454,26981896.194133278,26986042.2247416,25097591.07214975,121722470.14447422,57990764.535762526,58916298.74746331,10890934.833638193,18380411.86249667,14620665.614679825,13512251.79373866,2678229.3853910128,2517765.2545865597,2405647.8570250235,2622066.939609454,123667900.74899594,376120646.3926686,213690155.57578826,212026361.72428137,42013324.09730216,426326819.2100262,168945902.5484013,176523047.38675556,-119189285.06564383,2641334150.799803,832355426.2381548,846993917.4872625,193.61666666666667,817.561,415.918,411.99718333333334,2.2431231582741,2.1663023708548197,2.1811476033770156,2.216235882677352,90.18608312986616,98.11954220580162,93.88642237198844,92.96279380644359,2260473619.7099986,10819256284.979523,5107499708.627289,5256047552.554332,1983.9254648859103,9981.527151029977,4635.455500390233,4783.086055036334,412.2791967797197,918.4291273177887,641.3464009804031,589.4316724680439,22840497.217805967,109694244.22232662,52686143.82232803,53239308.6693882,313.151302811323,643.8149630446319,471.7407142386471,428.8835838929811,43.78702305406814,91.8020286352097,64.80506438013198,60.592275007467684,55.34087091432853,182.81213563794705,104.80062236162392,99.95581356759502,7613499.07260199,36564748.07410887,17562047.94077601,17746436.2231294,7613499.07260199,36564748.07410887,17562047.94077601,17746436.2231294,7613499.07260199,36564748.07410887,17562047.94077601,17746436.2231294
38,22435.634099140152,100520.16631685794,49934.242269719136,49765.22037534138,13425.680221897012,56684.099531603635,29417.705547840273,28566.126980294328,9009.95387724314,43836.06678525431,20516.536721878867,21199.09339504705,151988993.34779522,731506913.0395406,349580381.5568864,354820265.2399061,27631874.395505205,145461433.71210048,65874590.91964337,68872220.15631355,179620867.74330044,876968346.7516409,415454972.47652966,423692485.3962196,24953758.263366528,109093212.34353288,54328729.865358606,54402567.19142475,4720699.282106938,20497767.70320069,10337811.96590106,10242673.229489751,24243595.660080973,34733881.74723466,29551394.65873179,27915195.79058476,1205708.5105163492,3091091.244047229,1863898.3656744487,1865592.4672521572,24096607.86419774,34264993.39030354,27646732.607252292,27655542.79833477,27236818.057802174,133225437.5661773,63064344.984527215,64332834.88573347,11215916.812684193,18973014.23954616,15062362.458890937,13930900.912085881,2701798.0241121654,2655687.5276064286,2799570.3898199988,2685659.3503351575,129891201.47405294,402398582.6107385,226596159.31780937,225268784.8718929,49729666.26924752,474569764.1409025,188858813.15872034,198423700.52432677,-69459618.79639632,3115903914.940706,1021214239.3968751,1045417618.0115893,203.21933333333334,862.7016666666667,436.6105,434.03815,2.193537166714778,2.1189515162681034,2.1327796060177606,2.1674321890584416,91.09567992910863,99.54197689648831,95.02696382357927,94.05188386769152,2445016412.936918,11809153490.561773,5537647763.383393,5722464390.105618,2072.0049980128215,10459.187330798532,4855.7085078130785,5007.518814487819,431.6665658826774,933.1267427331284,660.0663972999874,607.1776277803352,24852183.72694472,120367119.84040421,57395408.71862844,58282411.366655536,327.42829250682337,651.8267904564357,484.8840989298719,440.96776678918764,45.585054988627526,92.01255363995217,65.97930874459504,61.83467951659115,58.65321838722644,189.2873986367405,109.20298962552054,104.37518147455636,8284061.242314906,40122373.28013474,19131802.906209473,19427470.455551848,8284061.242314906,40122373.28013474,19131802.906209473,19427470.455551848,8284061.242314906,40122373.28013474,19131802.906209473,19427470.455551848
39,24030.224924884544,107912.3038175525,53412.41082972336,53388.95253731833,14274.718318689527,60031.514595761895,31175.40815575076,30289.597015664855,9755.506606195013,47880.78922179061,22237.002673972598,23099.355521653473,163870478.09128502,793068185.4197308,376917761.2205788,384089675.65624106,30275358.900209025,160420619.35259148,72134171.96563415,75826200.05854288,194145836.99149406,953488804.7723223,449051933.186213,459915875.7147839,26509268.01146935,116475475.20354941,57641263.69678923,57997440.52869737,4824958.132622251,21006042.679883275,10555684.57826746,10488337.724163609,25029480.649383374,35905528.758401066,30523021.08672786,28836097.487539567,1245812.8365577096,3273210.380926975,1947884.7181888865,1955401.9770869524,24644492.0387686,35135582.27977605,28282805.446272463,28316373.62312121,29468034.161550067,145166139.68695357,68262382.854264,69962371.0954413,11537496.49230641,19546847.991280336,15494393.104443256,14340769.516947284,2634177.4282453055,2805542.951741268,2721472.099888272,2694155.3614688925,136179252.17282066,429182783.2157482,239140178.03292072,238730488.03784528,57966584.81867338,524306021.556574,209911755.15329224,221185387.6769386,-11493033.977722932,3640209936.497279,1231125994.5501676,1266603005.6885278,212.961,907.0026666666666,456.6495,455.87558333333334,2.1463468082454673,2.074221569094856,2.0865669928185837,2.1211029745427536,91.95574806357656,100.91456065574044,96.08947923163906,95.09133247083392,2638265748.3080025,12837746799.106615,5977596624.117649,6208084116.087517,2166.2168681570197,10818.799412018207,5027.811045414422,5194.620758508435,450.2205597969447,943.3534744875196,676.8934001281691,622.817079938646,26943130.161495067,131545252.01274614,62318245.87147945,63553872.80943294,341.04415499311864,656.8701048317142,496.76959867936233,451.5832374366271,47.29728855395007,91.98982207969568,66.8901746989886,62.93967528796104,61.879116249876,194.49354757610985,113.23362674981819,108.29416721405784,8981043.387165021,43848417.33758205,20772748.623826485,21184624.269810982,8981043.387165021,43848417.33758205,20772748.623826485,21184624.269810982,8981043.387165021,43848417.33758205,20772748.623826485,21184624.269810982
40,25680.44057804066,115381.44706872193,56884.004867599935,57075.7928497791,15156.329250612158,63360.83111340626,32921.79856882613,32027.904902590093,10524.111327428505,52020.615955315676,23962.206298773795,25047.887947189014,176239595.7901131,856083021.8556341,404568830.6533779,414184794.91304547,32963876.99024512,175335316.1655034,78318956.98025475,82793880.70158552,209203472.7803582,1031418338.0211375,482887787.6336326,496978675.61463094,28124150.844275646,123923459.05502202,60978303.50347624,61653908.718036875,4914589.4331981,21436788.60578327,10720875.214899275,10697359.143602908,25838871.980124157,37061649.8664374,31472299.22023741,29766844.240333788,1287092.7155007306,3457059.1513171247,2031554.1435134506,2046580.9680364686,25178816.275401346,35981092.5566608,28892117.71394357,28959612.973842155,31784417.996786043,157349176.54336068,73503062.12530449,75732083.48808716,11856050.265447484,20102483.618788514,15907301.243088271,14742301.939116845,2230365.796524447,2385060.797257699,2244339.1779113575,2284509.0467810854,142296451.8201434,455644624.6853241,251245302.77168953,251968312.32295662,66907020.9602148,575773713.3358135,231642484.8619431,245010363.29167432,55413986.98249186,4215983649.833093,1462768479.4121106,1511613368.9802022,222.882,950.1483333333333,476.247,477.42521666666664,2.102075127955553,2.0316548279233104,2.044194767509515,2.077428022944268,92.74689881261645,102.22064865334957,97.10524522679111,96.06271125687304,2838819547.9728837,13887797444.258142,6422021065.30177,6705961811.672724,2272.976676344075,11182.699095566066,5137.121386281163,5391.3795230717715,468.2263724682461,950.4124089262925,691.4626730300772,636.9914852285624,29121875.548724107,143023320.71584836,67357789.97793195,68987381.3572176,354.23736937169815,660.1716659331762,507.0916975653762,461.3143731682154,48.90093795131946,91.71461877619859,67.68782527959151,63.885726240027154,65.08806514522844,198.5261242169176,116.68315018510957,111.79138582031965,9707291.849574702,47674440.23861611,22452596.659310646,22995793.78573919,9707291.849574702,47674440.23861611,22452596.659310646,22995793.78573919,9707291.849574702,47674440.23861611,22452596.659310646,22995793.78573919
41,27372.08875327338,122869.4178279752,60487.7515204281,60796.153929419015,16050.990481057142,66599.65888292076,34717.49931080556,33743.02442170941,11321.098272216235,56269.75894505443,25770.252209622537,27053.129507709604,189040228.99541193,920376757.473525,433454016.99304557,445008013.9627515,35670035.11467005,190344471.3423274,84623885.52524032,89806087.79435012,224710264.11008194,1110721228.8158524,518077902.5182859,534814101.7571016,29762744.28084619,131401706.1257434,64460848.471070655,65336380.92656021,4989164.991195467,21763812.116866924,10866188.197759086,10860291.485180477,26646628.424465656,38221239.126769096,32429683.64936004,30697742.17027186,1329769.2485298892,3642493.1541397916,2118932.1879285355,2139222.615493355,25702975.37212081,36799210.93692222,29492330.486789085,29586657.8198013,34172180.15038871,169764507.48200434,78974072.91099985,81629494.71645418,12170091.8442988,20641708.106587477,16319166.481789317,15135157.536099836,2018189.017092701,1889067.134836455,2560725.0945503665,1972996.3583030151,148695095.77010843,482219449.5070072,264571726.21223828,265428619.57802302,76015168.33997352,628501779.3088452,253506176.3060476,269385482.1790786,131429155.32246539,4844485429.141939,1716274655.7181582,1780998851.1592813,232.682,992.02,496.2565,498.45029999999997,2.0599536939730934,1.9917085612100691,2.003394923369581,2.036067897506035,93.49456411132243,103.48877219536843,98.05675565127923,96.99253694073852,3046443264.706103,14961673050.170292,6886806021.584821,7216773689.618568,2354.4602903674463,11483.863590242674,5405.497064243217,5549.751445323776,485.4962059840858,954.4230843484372,703.7398996808766,649.6206134116088,31380520.917053733,154712750.70317063,72433168.1450449,74546801.34219465,366.8255888197127,661.8468189745158,515.7212863788593,470.08301937389376,50.465725980170724,91.27109376157357,68.3927778771788,64.74760470366172,68.20489118420231,201.30517161234786,119.62583542483853,114.78998933405325,10460173.639017908,51570916.90105688,24144389.38168163,24848933.780731544,10460173.639017908,51570916.90105688,24144389.38168163,24848933.780731544,10460173.639017908,51570916.90105688,24144389.38168163,24848933.780731544
42,29113.87639273688,130448.17901953415,64075.1390865107,64580.88231211592,16967.57929095213,69798.1075845985,36461.90974859407,35458.26419372836,12146.297101784747,60650.07143493565,27613.229337916626,29122.618118387563,202338627.55779937,986424642.306761,462678619.17082655,476768732.7199359,38426722.08003361,205497672.7984471,90875614.97541364,96901554.83147833,240765349.63783297,1191922315.1052084,553554234.1462402,573670287.5514144,31476944.60212085,138990746.04533806,67931722.64169207,69106775.10724688,5051450.054573431,22000725.315750588,10962645.796910856,10983696.395985436,27466632.455352865,39374315.38938241,33384834.32823465,31634321.482263204,1373427.2332749336,3829470.633298928,2205114.204556332,2233042.4232833316,26216822.28276009,37596523.80493226,30077175.37803108,30199717.81552035,36630452.590177044,182368609.90718344,84494436.12638526,87638807.65112928,12482577.136051895,21167514.00694183,16719008.307866585,15522305.040863372,1915807.8038729455,1785905.7383824831,1687689.5484575117,1870342.0809512837,155366532.79469752,509464621.4090959,276682964.168246,279300863.80973697,85398816.84313545,682457693.6961124,276871269.97799426,294369423.7416774,216827972.16560084,5526943122.838051,1993145925.6961524,2075368274.900958,242.702,1033.136,515.4645,519.3539,2.020442527151995,1.9535851382784921,1.9651140546973154,1.9970424410462688,94.21464150056597,104.71756973321763,98.98509615362099,97.89066638199405,3261073846.875029,16063655138.551546,7355648714.110829,7741977298.96181,2443.963063368221,11838.417244657223,5486.870957943855,5732.022026819372,501.9372363806822,955.4221620194207,713.8203985110771,660.6569603542407,33706539.61651229,166608184.32237786,77711685.37774289,80222115.26356524,378.80898677232193,661.7248192790732,522.6938508228966,477.82952814968485,51.925006882857204,90.90594005789077,68.93135553814345,65.56833349411895,71.20324272550306,202.7914026824568,122.195192150037,117.25909871043686,11235513.205504099,55536061.44079261,25903895.125914294,26740705.08785508,11235513.205504099,55536061.44079261,25903895.125914294,26740705.08785508,11235513.205504099,55536061.44079261,25903895.125914294,26740705.08785508
43,30879.2398146801,137903.26285731784,67645.53720945494,68337.6478796033,17880.818543598572,72854.91605546414,38161.99374958036,37121.75267275152,12998.421271081525,65048.34680185372,29483.543459874585,31215.89520685179,215981024.65979493,1052505384.0086625,492225048.74226296,508764550.43189853,41196992.920496024,220430627.85498294,97110019.02777477,103928765.14756644,257178017.58029094,1272936011.8636453,589335067.7700377,612693315.5794649,33221076.121653512,146513730.43024093,71390417.18776765,72873505.12965912,5094932.298750612,22142021.011263516,11014272.510190861,11061413.34813013,28278898.987627633,40508564.8292933,34331245.90140164,32559282.03221062,1417853.7546828294,4013417.965846243,2291805.461751937,2326301.228590024,26718592.53508015,38357717.17381236,30637392.16771211,30792286.158636425,39174671.077217676,195068736.9802155,90066085.53369659,93737594.14326692,12786049.453031296,21665897.70205745,17101763.69502764,15893996.34019045,1531000.6643368104,1409007.278896244,1701106.2672294255,1488302.9794326122,161844327.8911937,536271543.71936965,289638326.36249447,292893853.43105525,95333689.68909727,736664468.1442757,299696741.40754336,319799462.1484097,312161661.85469806,6263607590.9823265,2292842667.1036954,2395167737.049368,252.65966666666668,1072.2896666666666,533.9055,539.5301666666667,1.9835386081106883,1.9175099422512958,1.9282498096164322,1.9604285750599009,94.91501384388656,105.89652357740746,99.89123541772346,98.75854225061887,3481418929.1918488,17164442385.92,7830613824.007766,8270477139.046701,2521.0584935913057,12008.217693125018,5606.497801130734,5841.564213428104,517.6805988426117,954.4371979784826,721.7026912317659,670.5454085401666,36114802.44567495,178788347.26578125,83033135.12193602,86050543.13271216,390.24444158845705,660.667939686567,528.1691158833596,484.8926659227956,53.321561364664106,90.33760431587504,69.44212343460353,66.27717639758794,74.1145958894906,203.4316539760406,124.09145191380279,119.3755662197831,12038267.481891647,59596115.755260415,27677711.707312003,28683514.37757072,12038267.481891647,59596115.755260415,27677711.707312003,28683514.37757072,12038267.481891647,59596115.755260415,27677711.707312003,28683514.37757072
44,32704.94464275993,145334.8911049177,71224.6798148747,72125.42590451516,18826.512847410355,75804.62530767288,39873.31786406965,38768.852208502234,13878.431795349568,69530.26579724482,31351.361950805054,33356.57369601291,230175694.64962965,1119534169.052059,522077587.7546673,541451160.6904799,44010579.49531846,235376672.69018653,103291852.91046014,110988712.11352228,274186274.14494807,1354910841.7422454,625369440.6651274,652439872.804002,35028342.63839952,154046380.9148869,74839397.9870773,76684656.03517011,5125627.500773739,22196532.004477534,11025685.153853899,11100444.077070067,29097715.744974934,41645817.25532949,35278735.90742749,33489551.27359903,1463779.5045023425,4196775.55217358,2378963.8544793753,2420328.1211872753,27212001.163067374,39096407.92773456,31172748.03495122,31371543.530700892,41782338.46084846,207882056.0005168,95633095.12089175,99917239.59973237,13089572.439433593,22147715.87577362,17476704.81092714,16259922.642152604,1182083.4211894262,1039135.9054308822,1132739.1760774737,1132051.7906739358,168501831.21005908,563133595.5137691,301936139.53631586,306622948.7163576,105684442.934889,791777246.2284763,323433301.12881154,345816924.0876446,417846104.7895871,7055384837.210803,2616275968.232507,2740984661.1370125,262.7463333333333,1109.9153333333334,551.6545,559.2554833333334,1.9482086807936527,1.8833778457062271,1.8929725768244334,1.9255178885130537,95.57965268997066,107.04805315190299,100.74674013158504,99.59359285164697,3708913856.824046,18278674902.536083,8304705036.946918,8808330222.823257,2624.0705799886096,12271.508536528387,5739.197720952355,6000.673864777531,532.7248623926843,951.6035447425085,727.736345768895,679.3324012151227,38576702.63704364,190940401.7795468,88400260.16550565,91903997.33691974,401.1470873921176,658.8875190882552,532.4090968706012,491.35623848576574,54.65857929667437,89.66695108522622,69.73156148967534,66.9115094226675,76.91919570389214,203.04907456902694,125.59568740861843,121.06465330668932,12858900.879014546,63646800.59318227,29466753.388501886,30634665.77897325,12858900.879014546,63646800.59318227,29466753.388501886,30634665.77897325,12858900.879014546,63646800.59318227,29466753.388501886,30634665.77897325
45,34557.295624698934,152688.98377371868,74852.14399039149,75903.38647685584,19775.278758106044,78662.83652874848,41569.67673826811,40385.92397783089,14782.016866592894,74026.14724497018,33282.46725212339,35517.46249902494,244731364.9993345,1186774197.7632813,552657440.5285803,574446356.4667158,46855129.683456115,250221729.28586563,109552563.64586931,118033439.54429945,291586494.68279064,1436995927.049147,662210004.1744496,692479796.0110153,36867958.4221438,161581272.17609745,78393227.80032447,80517618.23602757,5145624.483902118,22165729.85213636,11014787.853273453,11102661.362784103,29935382.8349274,42769640.12368152,36234927.736755006,34427372.88599134,1509902.0472050381,4378585.770958504,2467100.595138859,2513941.350518751,27693601.291951273,39796308.65963001,31699604.033300918,31929548.870638832,44472816.01470277,220690456.5920759,101355653.46253,106148990.21678337,13386003.175323257,22609356.091317747,17842756.046375412,16614176.695921328,956466.4723590418,814548.0526048725,785854.706318983,906795.0254450825,175408299.23531485,589985261.3490592,314733764.4366941,320510235.9751254,116178195.4474758,847010665.7000875,347476239.7377555,371969560.0358899,534024300.23706293,7902395502.910891,2963752207.9702625,3112954221.1729026,272.7246666666667,1146.1016666666667,569.53,578.4066166666667,1.9143322330096204,1.8508219632581089,1.8603114184265135,1.8921036385965915,96.23533463856248,108.14249746117407,101.58236372262493,100.40284162647654,3941817681.4647202,19399652700.518288,8793313675.468586,9352059938.133469,2709.9368696583933,12462.983020413136,5901.722719436342,6123.503022422553,546.906124855204,946.6848940073652,731.6460866782675,686.8286940584603,41127941.12174221,203236626.2613368,93805416.09976912,97865980.92060032,411.3938759734472,655.8974378186666,534.7615437074503,496.970122619274,55.91918165171941,88.96616311946899,70.0642344973841,67.48562516543177,79.59306723003732,201.82129306922977,126.82030847343299,122.37294627375468,13709313.707247404,67745542.08711226,31268472.03325637,32621993.640200105,13709313.707247404,67745542.08711226,31268472.03325637,32621993.640200105,13709313.707247404,67745542.08711226,31268472.03325637,32621993.640200105
46,36430.62277215011,159904.4973282414,78392.89693706552,79646.47886678207,20731.7559243088,81410.08688991838,43208.019043936074,41969.171762272155,15698.866847841313,78494.41043832306,35184.87789312945,37677.30710450992,259580497.14790642,1253550005.4300754,582881302.8479328,607469825.0466655,49713961.68769813,264816651.37245566,115653120.59981012,124999903.07736327,309294458.83560455,1518366656.8025312,698534423.447743,732469728.1240289,38734297.38625245,169056021.35523394,81903241.02711739,84346900.77539596,5154009.9593068445,22062288.05015523,10963833.902646745,11071907.291103778,30767788.74240744,43879864.62974568,37167429.99179194,35357015.30297582,1556656.3224214818,4555788.953040443,2552786.9386730166,2606352.743138118,28162761.600271292,40456706.93418037,32197402.34589003,32465642.467139468,47203207.723161094,233351104.426354,107035815.55747333,112354971.5692786,13675639.283385223,23048578.072652157,18191519.60799579,16956167.859628648,569685.5439457544,659311.5692415443,795239.2579923777,601054.6527992808,182201393.33446422,616507786.5766513,327655985.73343724,334208630.9692297,127093065.5011403,901858870.2258799,370878437.71430576,398261097.1547991,661117365.7382032,8804254373.13677,3334630645.6845684,3511215318.3277016,282.61966666666666,1180.547,586.38,596.8942333333333,1.88247451023925,1.8201575173776612,1.8294391907313494,1.860663562737694,96.86456146968654,109.17784158465481,102.38166309943668,101.17420950992543,4178054138.060027,20510291722.553024,9271845296.218016,9894337292.632576,2787.4029720150684,12570.982109738658,5959.078417347683,6211.655670218324,560.4095751199443,940.0119967425709,733.7307850922136,693.2704226878636,43737974.202418596,215549389.057372,99331500.62616743,103871969.40165229,421.1296279876931,652.0859303274607,535.815342180478,501.96433380661176,57.12188866753614,88.23806272834906,70.22022133708798,68.01254958882066,82.15805846471494,199.68800368676122,127.69522157464776,123.29353929243115,14579324.734139532,71849796.35245733,33110500.208722476,34623989.80055076,14579324.734139532,71849796.35245733,33110500.208722476,34623989.80055076,14579324.734139532,71849796.35245733,33110500.208722476,34623989.80055076
47,38343.31923030281,166885.66942448338,81901.40398395556,83333.141798266,21690.65513363596,83971.11807765887,44825.58306366009,43488.81716404398,16652.66409666685,82914.55134682449,37075.820920295475,39844.32463422202,274898452.1381217,1319486126.8218026,613195115.8008327,640504138.27741,52657208.61861119,279028652.1347303,121707618.77990215,131887213.84925286,327555660.7567329,1598514778.9565332,734902734.5807348,772391352.126663,40659372.45318306,176293765.20950565,85436990.98467764,88131409.91789597,5153095.061269118,21879706.93529623,10882763.953859802,11007409.217178607,31604591.244333353,44977215.01128601,38114550.36678795,36285009.56276678,1604529.4923002482,4727754.627680782,2637412.5658444613,2697658.289683435,28627208.04659125,41083395.473939165,32670155.98078408,32986873.646163017,50035749.147516206,245990415.85879126,112644999.1798042,118619882.49646248,13963261.584314309,23459040.581589535,18530140.091394976,17286784.233360637,467742.645575012,546434.8784385455,336084.6204460634,495284.9270772487,189459541.44543153,642596255.0485526,340014753.90623754,348057391.2065239,138096119.31130135,955918523.9079804,394887980.67449737,424333960.920139,799213485.0495045,9760172897.04475,3729518626.3590655,3935549279.2478404,292.5613333333333,1212.1176666666668,602.843,614.40605,1.8518038069323883,1.7904681321450249,1.8004849745762235,1.8303363207568113,97.49923601766544,110.18292930658852,103.15061877466907,101.9385286687885,4423138264.647716,21601290202.576313,9750646536.410492,10435491442.922724,2888.495634713798,12665.004443840307,6042.074484129731,6310.273717908076,573.1107195651506,932.5954843926839,734.5422133478083,698.9303872547873,46394168.82534068,227754998.52037963,104780163.51716144,109870459.21860431,430.2328403421871,648.0524763513491,536.057434291436,506.4697129453938,58.278911717680295,87.50718160952918,70.3705998276133,68.50880617982742,84.59896750528317,197.03582643180565,128.1141792287591,123.95186812956604,15464722.941780228,75918332.84012654,34926721.172387145,36623486.40620144,15464722.941780228,75918332.84012654,34926721.172387145,36623486.40620144,15464722.941780228,75918332.84012654,34926721.172387145,36623486.40620144
48,40271.19295777539,173740.54994833935,85291.57869039463,86985.46790447278,22657.77366617381,86503.34244245593,46362.80988382494,45003.72273787255,17613.419291601578,87237.2075058834,38928.76880656968,41981.745166600216,290459531.93684727,1384685505.4845564,642950237.4515953,673438622.6785455,55634849.15469222,293002251.21331054,127624044.52329116,138713439.87520862,346094381.0915395,1677687756.6978672,770574281.9748864,812152062.5537541,42625361.09676065,183555095.06007338,88857190.91099052,91950767.9839201,5140112.140310952,21639816.08097569,10768751.3107085,10915008.51954361,32447559.141666178,46063041.64730414,39019469.7487681,37212978.01863946,1652946.9050195827,4897238.9563609185,2718067.7506159763,2788449.12298905,29075407.22194443,41663576.79345763,33117282.25752752,33481266.571974047,52869001.37506691,258164677.61848193,118190323.80125585,124722488.06026216,14242379.669626648,23853846.545569938,18849698.793827973,17606393.0762068,170217.02086943688,188693.6973366905,171932.84127527743,176683.85763297565,196547175.4318148,667806374.8321147,352331166.30959487,361487895.2219198,149547205.65972477,1009881381.8657525,418243115.66529167,450664167.33183444,948760690.7092294,10770054278.910503,4147761742.0243573,4386213446.579675,302.4096666666667,1242.4913333333334,617.9335,631.43825,1.823215111337279,1.762452400110908,1.7726219956755174,1.8019481624080491,98.11718658110323,111.11400817937947,103.89188529038067,102.66607414049992,4670176838.682963,22673377430.3471,10218499994.704367,10971297045.76541,2951.780329511532,12726.733432370413,6054.8861643657165,6373.01391551214,585.0292711171991,925.1855003756015,733.9253956748985,704.0839513576399,49133349.11350993,239777216.84347993,110235410.18711023,115858702.81899942,438.7935812700504,644.2573410929677,535.1745433684739,510.7058972080715,59.33579634556345,87.06094116988791,70.54273429918551,69.03959703407702,86.89989350158515,193.86721811274586,128.20811800723922,124.3384571154914,16377783.037836645,79925738.94782665,36745136.72903674,38619567.606333144,16377783.037836645,79925738.94782665,36745136.72903674,38619567.606333144,16377783.037836645,79925738.94782665,36745136.72903674,38619567.606333144
49,42252.99023947093,180376.31386767983,88632.67749185281,90596.15350934403,23650.138723989618,88883.81056449116,47866.2753724878,46481.923868165155,18602.851515481314,91492.50330318869,40766.402119365,44114.22964117889,306545187.5050361,1448953920.5947504,672602848.323738,706388244.086436,58690105.81056885,306607749.18946725,133459280.25222138,145461280.99318328,365235293.315605,1755561669.7842174,806062128.5759593,851849525.0796193,44655155.21548258,190565215.82895285,92227840.06295003,95723676.43019716,5119972.486546852,21342081.315079983,10629108.971392844,10797710.576533448,33294731.508942537,47133653.31227521,39933563.6705698,38138354.14010897,1702525.1756553657,5061355.0262997225,2798179.8319864795,2878115.62338089,29512774.638550308,42209786.84032691,33539692.23963075,33956728.90917212,55797581.635977186,270297145.0688659,123667297.2262718,130872428.83748823,14522039.908550309,24223973.427697226,19152623.78390469,17917716.64025173,149848.9975384595,104378.8665415444,113228.35812954864,133934.4516895392,204090206.95141292,692778397.5541885,364565967.48674464,375131073.6623844,161145086.36419207,1062783272.2300293,441496161.0892148,476718451.4172351,1109905777.0734212,11832837551.140532,4589257903.113572,4862931897.996909,312.393,1270.0006666666666,632.058,647.5556833333333,1.796065258213416,1.7352365263259824,1.7452039383185471,1.774775202052814,98.72143059959154,112.01059471932643,104.60443504733774,103.37263804149875,4924954084.594904,23721816282.137527,10683125008.57559,11503855853.734821,3049.788437571304,12737.665866850279,6104.921032929183,6440.5455378189445,596.364707253324,915.7627840456596,732.6302167346003,708.1540341306414,51914157.16373093,251653163.50468007,115586142.29623297,121822809.38306312,446.86897334368217,638.9436587144751,533.9567765312768,514.0951132234596,60.36441062300401,86.48016604301668,70.66723487324997,69.50492502000844,89.1313232866379,190.33895928816796,128.00620533007358,124.55399588717341,17304719.054576974,83884387.83489335,38528714.098744325,40607603.1276877,17304719.054576974,83884387.83489335,38528714.098744325,40607603.1276877,17304719.054576974,83884387.83489335,38528714.098744325,40607603.1276877
50,44219.40965537693,186892.7286699186,91895.79312262019,94155.0713104665,24622.7475979892,91156.4365437673,49302.94084261716,47909.53872901153,19596.662057387726,95736.29212615133,42592.852280003026,46245.53258145499,322683862.28141755,1512811515.551394,701916870.1245052,739228540.9259093,61726050.57598267,320116912.0236053,139175674.37183186,152162852.08265057,384409912.85740024,1832928427.574999,841092544.496337,891391393.0085598,46692651.05210219,197662021.13139644,95583163.12162408,99531930.57985517,5088858.364184403,21002443.415555745,10471235.422992194,10658613.132164372,34141370.65605794,48194601.07037423,40828174.63006924,39060001.30106864,1751709.0657001836,5223523.057122659,2876519.4388210936,2966843.96269805,29941403.482332204,42726113.103445575,33939211.63277666,34416051.849721886,58770661.140304014,282342130.1164107,129167576.90665314,137020675.28194132,14787713.688491961,24581319.622442424,19439659.803129904,18215475.765374623,113356.87280015627,165475.57716391055,158655.69955998915,131598.41932747027,211636898.00887358,717776387.6051085,376811117.06145644,388785719.3675558,172773014.84852666,1115152039.9698904,464281427.4348807,502605673.64100397,1282678791.921948,12947989591.110422,5053539330.548453,5365537571.637913,322.1166666666667,1296.8086666666666,645.523,663.2588666666666,1.7701275538978822,1.7098547929211318,1.7196330075535853,1.7490320875560197,99.31858521990222,112.86052681377119,105.30157190158282,104.05826477775636,5179967698.103949,24763129989.596184,11140411101.678528,12034074500.12623,3099.1050362266174,12874.13918212903,6169.82266895278,6520.366987292462,606.6488544561037,906.5619814233472,730.5601571517914,711.618448894639,54785293.99734074,263334250.46763265,120909319.28639391,127777428.7619429,454.11034970073547,634.1632744836115,532.1200205603958,517.128873374742,61.33222740413005,86.02526559427318,70.88611954814779,69.97479077068014,91.20627735123807,186.37344134546257,127.55401704324767,124.51478474921663,18261764.665780246,87778083.48921086,40303106.42879797,42592476.25398096,18261764.665780246,87778083.48921086,40303106.42879797,42592476.25398096,18261764.665780246,87778083.48921086,40303106.42879797,42592476.25398096
51,46170.052911994615,193046.8456968562,95118.6381622285,97576.93038669617,25579.190368248925,93269.90329286933,50724.47647055907,49270.939891866066,20590.86254374569,99776.94240398689,44394.16169166943,48305.99049483011,338871125.4609738,1574151955.2829142,731136146.337571,771219415.8986528,64770385.28576788,333013431.8578643,144844006.06839722,158655451.58600163,403641510.7467417,1907165387.1407785,875980152.4059683,929874867.4846545,48745275.97747606,204531863.23661247,98970450.57382576,103270581.5181738,5044871.13128496,20609007.846050587,10294682.95366549,10492318.981452929,34984886.71696909,49241259.165710084,41731910.13165732,39974617.07402843,1800048.472400245,5375964.3187651,2954752.8340395726,3051619.0186279444,30346475.716604374,43195003.996906705,34315397.49262522,34843460.61471019,61740023.1794179,293871331.3343764,134526291.64370745,142985981.03365338,15045287.306279015,24912082.02702957,19720453.944537777,18498665.45854171,121971.48055648367,112187.41917717311,117417.02851451127,118547.05907372499,219193686.12127694,741599739.824028,388818821.033189,402035804.9172398,184447824.62546477,1165565647.3167508,487161331.3727792,527839062.5674148,1467126616.5474129,14113555238.427172,5540700661.921231,5893376634.205328,331.573,1321.0106666666666,658.632,677.8761833333333,1.7459552169326829,1.6857741244690854,1.6955257691725973,1.7248918345704238,99.90428419252981,113.64924570872542,105.968629809703,104.71502072319828,5435016452.621457,25755828978.923885,11594197233.319466,12547300836.827307,3142.580825640772,12738.19135141966,6229.063102806907,6501.044509663383,616.1293365012269,896.6621642559643,728.4041317425895,714.315826215385,57661486.92861003,274939264.13624984,126163881.67445056,133708708.95128396,460.7619867468492,628.9316981031989,530.473574750521,519.6213857215716,62.22730871265881,85.55534648760673,70.98419181863929,70.39212193389058,93.14004104171892,182.1751196651587,126.94636517342923,124.30231855992284,19220495.64287001,91646421.37874994,42054627.22481685,44569569.65042798,19220495.64287001,91646421.37874994,42054627.22481685,44569569.65042798,19220495.64287001,91646421.37874994,42054627.22481685,44569569.65042798
52,48131.34086495155,198982.19329942742,98213.32343850052,100929.1392170181,26531.71685158821,95311.71556137943,52062.95211668632,50604.71640001514,21599.62401336334,103670.47773804796,46150.37132181421,50324.42281700296,355297841.2905881,1633896486.8294942,759658945.6974983,802807367.2292051,67860900.76044527,345504487.16338205,150399891.0398269,165036156.00147313,423158742.05103326,1979400973.9928763,910058836.7373252,967843523.2306783,50832472.942780234,211221133.22429907,102238801.81504312,106968504.04131182,4994019.216071595,20191543.98803648,10101293.693269733,10313152.886259304,35819538.244256355,50255622.979247294,42618164.66537359,40872167.90150318,1848668.2436657092,5521557.757029506,3029927.66931653,3134179.573343038,30744456.9068252,43632112.72240366,34667247.75605983,35255136.44227766,64751462.029273964,305003219.2935626,139791339.68196663,148839577.07177496,15295049.69526494,25213912.219484456,19983515.497685663,18766651.57874177,105516.7740882336,93261.6673867499,142389.66335155815,101227.4867427143,226789027.0220848,764653703.3468703,400551481.4548307,415041663.73575974,196369715.0289485,1214747270.646006,509507355.2824946,552801859.4949186,1663496331.5763614,15328302509.07318,6050208017.203727,6446178493.700248,340.911,1343.076,670.5065,691.66875,1.7225826605408268,1.6622693939224247,1.671836727891543,1.701473017224386,100.49405659533012,114.39074424414767,106.61683452441925,105.35789727241627,5692832082.318364,26720219424.31578,12035123846.31934,13052417652.01746,3218.6384401437826,12697.04468238431,6192.907762720283,6536.080624927967,624.7813760117303,886.6232828676617,725.691689179661,716.4260434113063,60546226.612011254,286074808.0711168,131397022.86089522,139481230.1226982,466.8062170396548,623.4786596055383,528.3384755852553,521.6415719377139,63.05779807573981,85.25025899623229,71.05762582935681,70.82515939791219,94.91736089633572,177.89436426589123,126.29558776504886,123.95931207568015,20182075.537337083,95358269.35703894,43799007.620298415,46493743.37423273,20182075.537337083,95358269.35703894,43799007.620298415,46493743.37423273,20182075.537337083,95358269.35703894,43799007.620298415,46493743.37423273
53,50078.21403958259,204575.6796446858,101261.83009661833,104152.32700136871,27466.623951405923,97162.97888706191,53400.12591014292,51860.34817888552,22611.59008817667,107412.70075762387,47861.7041864754,52291.97882248319,371783593.6655713,1691258808.0722587,787820242.0482099,833599918.707912,70951033.45692582,357380620.95711493,155855147.03823712,171201389.081992,442734627.1224971,2048639429.0293736,943675389.086447,1004801307.7899039,52916357.49862733,217663375.43515664,105556113.25352202,110577813.77641258,4935856.577181057,19721153.512179773,9892969.731542196,10110710.504430607,36675755.66602163,51263224.797126666,43508525.58621881,41781369.86190839,1897238.606017655,5658790.133511076,3104444.6849968415,3213781.640640352,31123011.636440314,44026143.69670346,35001030.9705408,35639107.85753241,67780333.53254804,315804890.7130833,145024277.55851603,154588928.5457354,15535628.571400473,25496022.877340563,20235533.094829872,19021766.578479506,103979.5871093993,120119.20073271319,86301.21186737776,109628.45187755916,234401115.7905865,786881005.4647254,412148302.9874241,427769077.1765351,208333511.33191064,1261758423.5646484,531527086.0990229,577032230.6133687,1871829842.9082718,16590060932.637829,6581735103.30275,7023210724.313617,349.877,1362.749,682.151,704.3822,1.699984444645405,1.6402748101862181,1.649931270455862,1.6790860725846897,101.06776892084628,115.09245878765786,107.22653606676356,105.97641037423034,5950949316.082654,27641150225.322918,12466659995.963207,13542519634.316746,3267.766074810772,12576.65817614973,6282.396731528278,6525.878310279406,632.7769536019811,876.1566730546307,722.4540323495136,717.9598554104084,63473811.30765499,296910146.09893143,136508825.51059878,145176528.48460174,472.3431431621819,617.6618867393144,526.00965420065,523.2047034141782,63.84166831558389,85.05770978246203,71.1386795077114,71.26728282899123,96.5921421242153,173.43707653285426,125.30569864115215,123.48786916723893,21157937.10255166,98970048.69964382,45502941.83686627,48392176.16153392,21157937.10255166,98970048.69964382,45502941.83686627,48392176.16153392,21157937.10255166,98970048.69964382,45502941.83686627,48392176.16153392
54,52045.56864317264,210019.2544599727,104265.82157298988,107336.35867905266,28408.46046915732,98934.5220148557,54696.7857817896,53092.582010151746,23637.108174015328,111084.732445117,49569.035791200295,54243.77666890091,388555875.4926047,1747900782.6772141,815938298.7548966,864326593.007218,74083228.79504235,369160861.617961,161266003.98938274,177360400.2830639,462639104.28764695,2117061644.2951758,977204302.7442794,1041686993.290282,55053419.42149357,224167979.2597935,108914180.78364147,114243515.36489853,4873107.619073168,19236645.46158353,9678218.447121967,9900345.863951795,37519766.381346606,52258861.24174444,44375531.13109319,42678449.58248585,1946239.3208458086,5793565.243673931,3176599.2929985737,3292803.3938356517,31492549.891830634,44397916.999499545,35317228.15684372,36009428.379514754,70845639.55014403,326458867.6263014,150190281.1735237,160310269.3767991,15770374.445108065,25761519.818377595,20478003.50841479,19267275.3257524,100528.56645402743,85962.3352809805,85680.01910783416,95430.385543461,242086470.3800487,808843919.2351635,423718308.6380662,440451577.4793389,220552633.90759823,1308217725.060012,553485994.1062131,601235415.8109431,2092382476.8158698,17898278657.69784,7135221097.408963,7624446140.124559,358.83366666666666,1381.49,693.491,716.7633833333333,1.6782987662331994,1.6190675451762129,1.6291793360228892,1.6575678388632542,101.63601530939158,115.76681985857812,107.81750796006224,106.58179690160688,6213009672.213628,28551423343.23611,12896055068.255836,14031454457.071497,3349.4106602243146,12652.671450860813,6322.263761439071,6605.5519369470885,639.9393936367434,866.7300569694353,718.9575815348824,719.3161258031855,66410194.06837456,307295914.35440606,141551308.36296704,150720196.16848558,477.2054859706443,612.6541738400551,523.3493904774265,524.6125267249381,64.61504751021835,84.88689757741413,71.35217016339146,71.71019503373687,98.11886015588063,169.188985551966,124.25602089406439,122.9934040445105,22136731.356124856,102431971.45146866,47183769.45432236,50240065.38949519,22136731.356124856,102431971.45146866,47183769.45432236,50240065.38949519,22136731.356124856,102431971.45146866,47183769.45432236,50240065.38949519
55,54003.72916565802,215043.43023479637,107106.62440461369,110367.62453985642,29334.62195485272,100603.9493538477,55893.559934365316,54278.88654450096,24669.107210805287,114439.48088094869,51213.06447024836,56088.73799535548,405435394.16449726,1800683019.7868302,843061357.8605996,893772063.1323137,77251183.09241775,379961339.1960456,166483537.4406834,183199737.7286875,482686577.256915,2180644358.9828753,1009544895.301283,1076971800.861001,57246028.82565943,230318383.9425246,112144754.47254874,117821353.11656223,4805154.228842031,18713508.1754299,9447576.765462965,9673078.110147785,38368302.65112567,53238117.12535209,45236898.626394205,43572737.71710491,1995001.1846551835,5917468.89596005,3245366.8400266347,3367864.8836118868,31847526.311670307,44716936.80425972,35610176.9479159,36351819.9840766,73932176.77213985,336291062.4382219,155168732.7053963,165757786.75526854,15999526.3418532,25996993.44154528,20703030.505564936,19498639.82674543,160054.58319001214,103044.28432167949,98155.13598587071,140100.97858609573,249895222.09586236,829286359.0772839,434855619.07622534,452682120.03935987,232791355.16105258,1351357999.9055915,574689276.2250576,624289680.8216412,2325173831.9769225,19249636657.60343,7709910373.63402,8248735820.9462,367.7916666666667,1397.4046666666666,703.5975,728.1562166666666,1.6581464449906635,1.599150821871454,1.6092442028300897,1.6374979768989402,102.196724032811,116.36925964811665,108.39147394002075,107.15711149816798,6476118434.09787,29385293809.309303,13308283526.787453,14494329815.421871,3404.3446744927155,12416.7993802188,6220.504174138069,6558.703821496845,646.4146571315987,857.0931163273792,715.2101930856027,720.1521178501218,69395865.64314704,317559246.6442763,146580645.4116419,156253048.99354228,481.5051194030819,607.6866883458168,520.6399797920118,525.6686685330391,65.37173579648356,84.86135825298972,71.46427451239875,72.19310365626072,99.53780193203323,164.54506972857266,123.10593878119212,122.29034566082203,23131955.214382343,105853082.21475878,48860215.13721397,52084349.664514095,23131955.214382343,105853082.21475878,48860215.13721397,52084349.664514095,23131955.214382343,105853082.21475878,48860215.13721397,52084349.664514095
56,55981.78153012843,219751.59915241558,109835.01887837845,113301.21769792894,30267.27110672002,102086.92720008016,57034.26581177667,55404.150739396064,25714.51042340841,117664.67195233545,52800.7530666018,57897.06695853287,422564732.10571826,1851319525.4706745,869402072.5088611,922628909.783453,80451416.75752251,390289041.77822703,171548740.76453027,188894585.51476908,503016148.8632408,2241608567.248902,1040950813.2733914,1111523495.298222,59490512.555930175,236399383.14384538,115371033.33953482,121408617.2617005,4731339.92302214,18174208.87053758,9206028.732926242,9436344.054652544,39229215.43087808,54194671.80257658,46097401.69462781,44467125.16097255,2044185.5801518161,6033682.746595933,3311550.5830684947,3440509.588407257,32194989.691885803,45014435.877907686,35882609.96415335,36681795.85699346,77053584.19172885,345799581.13033,160090967.7442907,171114683.12023926,16225933.808798434,26211926.907903668,20911443.672153283,19721031.393485263,101983.39416813644,118071.57165804712,64431.114959256454,107614.25628960518,257684676.74718827,849093925.0097321,445781977.0554383,464677913.6390786,245331472.11605245,1392514642.2391696,595168836.217953,646845581.6591434,2570505304.092975,20642151299.842598,8305079209.851973,8895581402.605343,376.738,1411.8166666666666,713.2805,739.0155333333332,1.6390749027445886,1.5804926146332476,1.5908057469921164,1.6185711019056193,102.74979818539457,116.95303467017847,108.9398594234497,107.72093095506894,6742922192.833139,30180372043.089245,13709319375.345121,14946029640.422775,3462.7855341146674,12277.072365505024,6249.511145164704,6547.785925101292,652.0472168261516,847.823422122634,711.5734555146486,720.5688886799205,72402986.58853723,327096653.8474313,151431734.29519245,161545770.12915015,485.1516192912929,602.5593067934446,518.1695210183664,526.244309917046,66.04888489532719,84.86794624190027,71.60326552566231,72.63555636662777,100.84671263953148,160.39616908728917,121.80066897061985,121.68902239624666,24134328.862845745,109032217.94914375,50477244.76506415,53848590.04305005,24134328.862845745,109032217.94914375,50477244.76506415,53848590.04305005,24134328.862845745,109032217.94914375,50477244.76506415,53848590.04305005
57,57903.084908452816,224141.41103985935,112512.8982700153,116086.4990544451,31161.688061713357,103446.07937634007,58138.943366884734,56461.2250218327,26741.396846739462,120695.33166351922,54373.95490313058,59625.274032612375,439454821.93772966,1899370885.3837698,895574667.9194334,950425444.1438437,83589377.3903361,399818250.4225003,176523695.6548023,194269482.95159358,523044199.3280657,2299189135.80627,1072098363.5742357,1144694927.0954373,61701384.167573445,242093702.77997816,118620392.86402826,124838695.68191509,4649877.057675227,17618266.488722295,8962637.244645977,9188813.358541701,40072385.05974089,55135276.24588547,46958773.60997541,45344396.9748915,2091546.0817278677,6141808.788945561,3376410.6304137097,3509138.0292540602,32519306.024510805,45282702.06958306,36139781.56157591,36986494.64028609,80151034.19903368,354755995.648813,164840038.80369347,176262770.70645642,16438678.45761379,26411215.00276541,21111771.171573874,19929066.248416856,140292.53299576722,75232.8251759472,107382.01953323596,117521.63525883021,265435183.29473242,867647542.6062373,456599935.198391,476209509.0537591,257609016.0333333,1431541593.2000332,615498428.3758447,668485418.0416782,2828114320.1263084,22073692893.042637,8920577638.227818,9564066820.647022,385.129,1423.5573333333334,722.5445,748.5789166666667,1.6206007872676405,1.5624645969483735,1.573457332925659,1.6002531206558972,103.28330881391311,117.49555311632308,109.47387387511779,108.2575943197566,7004078130.918147,30918900766.717567,14103152366.762554,15374266053.447945,3473.1858381231405,12127.62141995071,6243.140760035639,6502.238291762789,656.8270990448979,839.0944785531749,707.9201270978192,720.6206818727949,75452422.3294861,336241285.0873352,156142621.99100873,166728524.2947333,488.16200290867175,598.1207964838209,515.6024227300605,526.647580659974,66.68064767478914,84.89660424281155,71.86636331354391,73.05623247359698,101.9844484614371,156.07707782654248,120.45134105421482,120.91686873922399,25150807.44316204,112080428.36244509,52047540.66366957,55576174.76491111,25150807.44316204,112080428.36244509,52047540.66366957,55576174.76491111,25150807.44316204,112080428.36244509,52047540.66366957,55576174.76491111
58,59855.11492692364,228328.35456720274,115072.18204081582,118820.74880102131,32080.718588163094,104801.79814933028,59180.60878248513,57533.096434571606,27774.396338760544,123526.5564178725,55891.573258330696,61287.65236644972,456628919.98756236,1945463510.7806978,920964118.8764923,977721026.7651596,86766281.19070199,408804959.19334424,181359601.9508199,199479818.49162677,543395201.1782644,2354268469.9740424,1102323720.8273122,1177200845.2567868,64002352.15606831,247799090.80795267,121787864.08119407,128331210.68422784,4567297.807259733,17056572.940010812,8712247.039636783,8938544.10372261,40919383.74231958,56089333.32829741,47807103.38451428,46228866.09741182,2139642.781444826,6245713.099452377,3438832.944695224,3576767.3927474692,32836235.13686734,45518553.41289714,36379026.2202603,37275046.53347777,83255047.42433845,363118621.9400865,169552727.3904179,181207298.50485024,16649453.237362975,26595155.21839813,21303569.188351776,20130448.93072528,116530.70440087501,112221.56973644717,148886.1721894878,115022.50726832527,273230060.433075,885510017.1928164,467201617.50464225,487528045.2989845,270165140.7451893,1468758452.781226,635122103.3226699,689672799.957802,3098279460.871498,23542451345.82386,9555699741.550488,10253739620.604824,393.7,1434.539,730.724,757.99365,1.6032877990298893,1.5456093714705228,1.5560545182892747,1.583100349384111,103.79531786734043,117.99954883376482,109.99428607474611,108.76679870558897,7268275924.552097,31616096156.363686,14486369786.529078,15790013005.686153,3554.7225046179806,12007.017551394963,6253.242029632496,6513.025770989924,660.6093125048213,830.9494963505825,703.857295047709,720.2283768508378,78456629.89920984,344878370.37094057,160814754.53613535,171704239.0643156,490.33384470537163,593.8543835142257,512.8191855398318,526.5660332884705,67.28628041240073,85.10096689180143,71.98528167262943,73.52142068019097,102.9891873870489,151.99414594455544,119.05282783524775,120.1409228821762,26152209.966403283,114959456.79031351,53604918.17871178,57234746.35477187,26152209.966403283,114959456.79031351,53604918.17871178,57234746.35477187,26152209.966403283,114959456.79031351,53604918.17871178,57234746.35477187
59,61723.36692829858,232169.5873127372,117580.64005870753,121379.54406285209,32938.584707314134,106044.18155934,60228.79923120576,58525.543605523184,28784.78222098445,126125.40575339715,57351.84082750177,62854.00045732889,473381265.2456605,1988627254.0963418,945819894.6606277,1003717361.343399,89864785.16883089,417154174.4948078,186000750.55285257,204416071.43292278,563246050.4144914,2405781428.5911493,1131820645.2134802,1208133432.7763216,66235353.07720774,253287244.66780168,124948206.30053684,131703515.1339156,4475732.431445001,16480237.682610296,8466752.009248404,8677309.269352853,41772374.752956845,57017185.60969462,48655123.27781835,47108058.552815065,2185572.382631058,6342074.732151678,3498961.1176680997,3640348.2049632743,33132688.80384551,45730148.826259695,36597331.56346318,37541799.81169048,86347801.41629511,371022475.35416377,174037178.96275738,185983937.29454914,16848083.319801386,26763159.005889878,21484994.678489227,20318359.80993236,112710.01643785743,100549.66012436179,130439.19133596864,108453.89172813395,280900198.703709,902370623.3533823,477439156.2400305,498414847.3310947,282345851.7107824,1503410805.237767,654381488.9734497,709718585.4452269,3380625312.58228,25045862151.061626,10210081230.523937,10963458206.05005,401.5566666666667,1443.622,738.668,766.2795333333333,1.5866765077959162,1.5296914446238068,1.539376918793093,1.5667317356856778,104.30966712418372,118.47883604741392,110.46364523278471,109.2688762473143,7523962630.131419,32262510536.979626,14853766685.750463,16182454397.528292,3543.4009708789663,11748.714762598142,6222.819805718532,6415.260797980677,663.7439875499522,822.2592066242117,699.9892785246695,719.2243142259431,81509280.17673965,353140270.4961063,165348558.12409684,176580126.78851798,491.93173940888244,589.0721366959283,510.2383673464178,525.9308784593485,67.8854442324142,85.17510081423818,72.12888400224534,73.9368240360526,103.92680390865557,148.0119691140453,117.62202717600643,119.35661173054199,27169760.05891322,117713423.49870211,55116186.04136561,58860042.262839325,27169760.05891322,117713423.49870211,55116186.04136561,58860042.262839325,27169760.05891322,117713423.49870211,55116186.04136561,58860042.262839325
60,63588.722470456305,235639.2617409212,119876.50694097707,123806.411215119,33779.178324375374,107139.56832103606,61138.22013580395,59455.314823206616,29809.544146080927,128499.69341988512,58738.2868051731,64351.09639191239,490302701.0922163,2028460298.7694812,969392276.8986748,1028657860.279259,92992400.84076077,424746688.0501416,190436504.86644593,209106401.364044,583295101.9329771,2453206986.8196225,1159828781.7651205,1237764261.643303,68475663.74712546,258450596.29184398,127961669.27305517,134966890.13777694,4382750.7479218505,15896783.103917284,8208684.3816358205,8412662.072520252,42621162.35464764,57916722.1797191,49489267.703202836,47974608.29342265,2231659.1240616594,6429062.87464974,3554691.0475117243,3700750.4367674873,33420001.42306665,45909914.79440057,36799997.403653316,37791471.10303352,89438688.62035105,378350474.7196577,178452437.9813971,190557813.75510836,17038556.646541025,26910896.34171326,21646810.622535348,20493875.539851308,161046.9191113493,100094.50273451001,120187.19221850652,139713.57337945554,288616481.17719036,918042109.3896167,487322536.8328924,508915451.05153954,294678620.7557868,1535164877.4300058,672506244.9322284,728848810.5917635,3675303933.338067,26581027028.491634,10882587475.456165,11692307016.641815,409.1603333333333,1450.265,745.277,773.5469666666667,1.5700212030008722,1.513954793004661,1.5236533813783784,1.5503979595021984,104.8200439194577,118.92274429075819,110.93199298758083,109.75598904941288,7783771761.348479,32850623610.341587,15201061548.630077,16557169908.496067,3591.8448616187275,11471.542233550703,6136.928418043253,6349.738941794918,666.5733381604582,814.0926098609801,695.2894517795401,718.2050832556408,84486907.56217371,360867214.28867245,169773096.78202203,181220014.91644827,493.3791334537284,584.4452338444422,506.89530903579515,525.2522685904783,68.44824060207958,85.3340245821598,72.22496600558881,74.35826499510766,104.74596410465023,144.31335143437806,116.16917673815607,118.59454967005496,28162302.52072457,120289071.42955747,56591032.260674015,60406671.63881608,28162302.52072457,120289071.42955747,56591032.260674015,60406671.63881608,28162302.52072457,120289071.42955747,56591032.260674015,60406671.63881608
