month,users_cons,users_opt,users_med,users_plan,revenue_cons,revenue_opt,revenue_med,revenue_plan,labour_cons,labour_opt,labour_med,labour_plan,tokens_cons,tokens_opt,tokens_med,tokens_plan,eng_cons,eng_opt,eng_med,eng_plan,compliance_cons,compliance_opt,compliance_med,compliance_plan,sales_cons,sales_opt,sales_med,sales_plan,gna_cons,gna_opt,gna_med,gna_plan,onetime_cons,onetime_opt,onetime_med,onetime_plan,total_cost_cons,total_cost_opt,total_cost_med,total_cost_plan,contribution_cons,contribution_opt,contribution_med,contribution_plan,cum_cash_cons,cum_cash_opt,cum_cash_med,cum_cash_plan,gen_heads_cons,gen_heads_opt,gen_heads_med,gen_heads_plan,floor_heads_cons,floor_heads_opt,floor_heads_med,floor_heads_plan,eng_heads_cons,eng_heads_opt,eng_heads_med,eng_heads_plan,blended_min_cons,blended_min_opt,blended_min_med,blended_min_plan,auto_share_cons,auto_share_opt,auto_share_med,auto_share_plan,tok_task_usd_cons,tok_task_usd_opt,tok_task_usd_med,tok_task_usd_plan,churn_cons,churn_opt,churn_med,churn_plan,arpu_usd_cons,arpu_usd_opt,arpu_usd_med,arpu_usd_plan,min_per_user_month_cons,min_per_user_month_opt,min_per_user_month_med,min_per_user_month_plan,adds_organic_cons,adds_organic_opt,adds_organic_med,adds_organic_plan,adds_paid_cons,adds_paid_opt,adds_paid_med,adds_paid_plan,marketing_spend_cons,marketing_spend_opt,marketing_spend_med,marketing_spend_plan
1,261.77962818561605,294.619481145182,277.72519652281596,273.2735767214641,1221432.8200280415,1470789.6433501872,1340458.8077383665,1308707.7081907925,922552.2026966693,958369.7385465807,942872.3094219997,935088.3402441383,210201.02899972667,224321.94562004134,215500.54608099503,215143.3498168368,2907463.659166619,2903972.5495868935,2876877.770667583,2906241.770813715,411335.2152991105,418010.71991429775,417350.0352850118,413671.641914426,309024.38690669305,313550.05094120675,311436.6287439435,310608.36931877286,1959706.2726331817,1920594.1587432947,1904567.354412671,1946017.0327717212,142823.90169576614,97202.35143590061,113870.75424985863,126856.3591048132,6927672.529021174,6912919.542947868,6853295.013964644,6922508.983895516,-5706239.708993133,-5442129.89959768,-5512836.206226277,-5613801.275704725,-5706239.708993133,-5442129.89959768,-5512836.206226277,-5613801.275704725,8.644666666666666,9.222,8.8855,8.846733333333333,11.531,12.203666666666667,11.82,11.766433333333334,7.513333333333334,7.5906666666666665,7.488,7.5404,9.096501685839307,9.036483162000497,9.079806974887104,9.075495202495723,0.4119965084486778,0.41227230474771964,0.4135231531960676,0.41209303715334245,0.3268032267132678,0.3214715937548222,0.32263585915717546,0.3249371551778118,0.10096810210355064,0.09581217203437976,0.09873714185130279,0.09916352657934084,52.322541486692366,55.65671584475031,53.83481898042798,53.48950251201265,249.857397164617,238.25844426729273,243.46911390818448,245.7977636505535,36.097547626772105,54.20020376482703,45.746514975774,42.43347727509133,27.597070829059696,27.710594513037503,27.653388588716094,27.636804118451927,300000.0,300000.0,300000.0,300000.0
2,306.5965124894653,362.66414193139417,334.87130438867814,326.2201827941404,1433495.3811883733,1815571.032911391,1619824.8572231168,1567221.8592914294,1016691.6337624162,1097364.8270262755,1063719.8849405297,1044927.2514047669,237946.55685881735,266603.73421686504,251262.25734473008,247976.56893413403,3077242.604467998,3106425.9550008858,3063044.8547836053,3087456.7771545085,412439.33231692767,419694.15086011885,418734.8410323168,414978.5188070446,311307.1672247402,320731.90775963693,315801.03785228374,314605.82641195407,2087714.7822708646,2082529.6701738513,2049998.4421106288,2085899.99303691,119011.22795409175,171677.7474904648,128762.66999985388,137444.50979182232,7338135.938034785,7559962.565590629,7376888.10702887,7415775.25767933,-5904640.556846413,-5744391.53267924,-5757063.249805753,-5848553.398387902,-11610880.265839543,-11186521.43227692,-11269899.45603203,-11462354.674092624,9.631666666666666,10.743666666666666,10.1695,10.020866666666667,12.701,14.005333333333333,13.3495,13.157516666666666,7.857333333333333,8.026666666666667,7.8805,7.916600000000001,8.694532819336843,8.626037144042238,8.673212738000139,8.67055933298373,0.4345444730326085,0.43515408049219195,0.43613479787991355,0.4347578356434627,0.31569918256996365,0.31031319869081453,0.3117050294772885,0.3138140882122614,0.09828586467405868,0.09174395549031217,0.09478035958660476,0.09599619645974741,52.45899999374446,55.82700456659673,53.987161012246844,53.63780159424276,238.8252488395105,227.42590413061794,232.5673445870346,234.83547819139812,42.88703367654724,67.030819887295,55.75046760264508,51.33735885030895,27.612495145896332,28.041875503997062,27.78722579468502,27.76277827123159,300585.40880560345,303974.2027878132,301863.4209516224,301771.48669937684
3,355.4591779148777,442.3487172440503,399.3766771648198,385.87051668008814,1665514.471505273,2220864.8662693463,1936241.4925768462,1859887.1096726987,1108901.9622954137,1252196.8046120296,1186992.040580192,1159055.157106229,266594.2856299278,314178.62538261915,289617.30370786577,283248.8045433698,3244887.0810078867,3311366.061645473,3244590.28616335,3268154.724231042,413645.8036646344,421674.2151885759,420301.23224637663,416455.74769801396,315554.53854613885,339640.2259104082,325833.817630555,323984.5291236331,2213658.6856595743,2249511.553955149,2196172.3012625217,2226207.1895630257,132864.914954467,85393.63015259856,96178.7965371748,116249.96527381305,7784155.049111744,8090078.949631191,7861979.900381845,7891228.41429355,-6118640.57760647,-5869214.0833618445,-5925738.4078049995,-6031341.304620851,-17729520.843446016,-17055735.515638765,-17195637.86383703,-17493695.97871348,10.565333333333333,12.358,11.4545,11.192766666666667,13.814,15.952666666666667,14.8795,14.562533333333334,8.185,8.453,8.2505,8.2788,8.262512458825862,8.186176986665133,8.237130734313968,8.235795043569606,0.45589959810834957,0.45682668818123645,0.45755808083594274,0.45622407963385997,0.3050232807271999,0.29959315730809316,0.301195420953127,0.30312273753051255,0.094277443460086,0.08912742552313413,0.091670761372177,0.09247493718215286,52.595889976651115,55.99789797543338,54.140012831897195,53.78659277622491,226.9666053786651,215.81752659778655,220.8752336641734,223.06442780535758,49.8260575562908,82.59990294279993,66.74639282582739,61.296903441569,27.79075577649833,29.32869223563315,28.38514901591322,28.329033537195517,303098.02415706613,318990.2501747082,309147.21942409826,308660.30326324084
4,408.9881213538866,537.090767190253,471.9748286930264,453.82404739661484,1920960.7753619722,2704408.5980969844,2294451.833610576,2195167.5133192264,1201277.447785888,1424262.4023434194,1318264.546958765,1279322.181881024,296671.29020084516,368499.6578262305,330854.3824154795,321811.21886973,3404429.022789243,3520431.459713062,3434973.3797900192,3445029.87571258,414969.6181148421,424029.45287889085,422049.9079128922,418140.5602822592,324743.36004484986,378979.66778112156,346505.1585315548,343726.06775254494,2339254.7841638774,2425359.5385023016,2342910.9956747787,2369391.448182326,96178.6215936225,97431.29579730146,80302.16320688059,96617.05756491014,8179074.209382823,8780358.097760491,8397077.216827398,8389523.570315007,-6258113.434020851,-6075949.499663507,-6102625.383216823,-6194356.05699578,-23987634.277466867,-23131685.015302267,-23298263.24705385,-23688052.03570926,11.469333333333333,14.130333333333333,12.765,12.400683333333333,14.899333333333333,18.084,16.4615,16.01396666666667,8.485333333333333,8.882,8.6305,8.624166666666667,7.827719712302215,7.744167757682059,7.798581257638489,7.7984765281851605,0.47612177807862405,0.4773784950912342,0.47787488500374753,0.47656162903303756,0.294757515381893,0.2892927859697428,0.2910893447783765,0.29284486008764044,0.09161277610850983,0.0859511305885786,0.08867715407073254,0.0896312001765339,52.73321297397968,56.16939843998615,54.29337633862626,53.93587788708194,215.03135249587072,204.1525422892089,209.11660992650152,211.22376892353907,57.601549845409,100.34151539102834,78.09196487214216,72.56053778637576,28.368740987940715,32.3140638747607,29.88124760624893,29.749603998327707,310342.9725834976,353894.28893336456,326982.1673135192,325585.933305951
5,467.68814067559583,650.0403723001534,557.5708968691572,531.511421744191,2202154.3076161603,3283888.5300445072,2718497.021137273,2580761.2854660815,1299799.785866685,1619569.8106571357,1465646.1297631073,1411719.2945433427,328036.3927295609,430935.57196719106,378140.01123671496,364051.10546273144,3566781.5331041096,3743397.4987611,3628256.4549580566,3628597.1210840563,416417.81375452195,426836.68872320454,424134.11028525734,420064.4199935609,341903.344460722,442528.2334567693,384307.92361698544,377122.05560933857,2466119.476799488,2609991.8207865735,2499685.117376648,2516474.797194968,120506.16141002,95964.6757602248,144308.66700054088,111916.64143259168,8655983.394442396,9540875.766504442,9068072.088517735,8965695.724664113,-6453829.086826238,-6256987.236459935,-6349575.067380463,-6384934.439198032,-30441463.364293102,-29388672.251762208,-29647838.31443432,-30072986.47490729,12.391,16.078333333333333,14.225,13.681566666666665,16.02,20.457333333333334,18.2185,17.573066666666666,8.784333333333333,9.333,9.0085,8.976366666666667,7.404806425628245,7.315303208362821,7.372906638716414,7.373480299585347,0.49531979812614374,0.4968468092617043,0.49710581519368496,0.49585425202358996,0.2848846895993347,0.2793942473874313,0.28136990506128595,0.2829630348251685,0.08926951680872297,0.08373658613129405,0.0854516432902212,0.08733299107162285,52.8709705302678,56.34150833893874,54.44725343931676,54.085658763302625,203.42219594087987,192.83458515262254,197.70231894284214,199.71653216498981,65.35470567007975,120.38589828718236,93.07283326866163,84.61562308606565,29.61731530916007,37.2689799496692,32.743074419918365,32.295397933338265,325564.6680432021,412431.7588849737,361039.71529982006,355968.14983782213
6,534.1881052221431,786.766379321227,656.6048633494818,622.5905011568225,2521714.4732992323,3986645.0810093572,3209660.583903713,3034440.1859977758,1398868.7197448614,1850325.054888468,1633624.1282660547,1556878.4370451237,362390.1554340437,503957.068970876,430755.95189890085,411938.575171935,3744273.585215553,3979227.088033776,3829859.596242083,3826507.311201931,418065.50116724713,430232.10519265843,426540.4616444149,422323.8125761411,369423.0915066206,530377.1403690011,440966.4685438186,425757.00860845373,2597394.594716792,2809548.5495796516,2662560.950614822,2671648.4789187927,122615.56294339483,126071.97486637069,75425.90043205114,123825.30711643638,9146340.309463106,10438093.622963335,9669229.355026208,9598453.969188187,-6624625.836163873,-6451448.541953977,-6459568.771122496,-6564013.783190409,-37066089.20045698,-35840120.793716185,-36107407.085556805,-36637000.2580977,13.337333333333333,18.328333333333333,15.805,15.084183333333334,17.150666666666666,23.214,20.165,19.27283333333333,9.110333333333333,9.804333333333334,9.4005,9.353233333333334,7.001613800708141,6.9072716646456636,6.967565397791995,6.968594053086274,0.5135551857707406,0.5153218274288385,0.5153459102577735,0.5141735103510748,0.27538837702586544,0.26988051039222377,0.2720209613770172,0.27346062370409085,0.08608208909300087,0.08072571528782883,0.08278329767022716,0.08420735826119066,53.00916419604813,56.51423006097677,54.60164604851944,54.235937248773155,192.35238491953064,182.06736216080267,186.83124880075442,188.75262695397583,74.76317564985231,144.80307603611348,107.79635351832636,99.27714078504371,31.68581132231224,44.06454222404502,37.15013576759129,36.018367137918716,350732.29759415746,494176.37135997263,414017.380164237,400937.7234121928
7,608.2555297622814,954.2979149146738,774.2023001018097,729.3703645656187,2878793.034445611,4850624.152456297,3795528.0344658494,3568933.925749351,1509894.1152200787,2115110.241720595,1818079.5566172083,1721719.7594952593,399309.1763357695,590787.3964228347,491425.91692610946,466326.5533662423,3921739.6724219723,4236488.048876381,4049026.6571893534,4031901.604181015,419894.08167891786,434396.2297630164,429383.2292785523,424969.83350835234,408408.34626132797,642180.2128944913,515197.12209128344,490228.4995829351,2732820.2135200924,3025875.7530650934,2836915.4393005497,2835389.6523608426,141317.71497595473,157110.90313526866,101405.70003840789,146845.33083171461,9685593.705178127,11455450.414430376,10441822.390734646,10305043.553416414,-6806800.670732515,-6604826.261974078,-6646294.356268797,-6736109.627667062,-43872889.8711895,-42444947.055690266,-42753701.441825606,-43373109.88576476,14.337,20.924,17.58,16.64245,18.375666666666667,26.368333333333332,22.312,21.173099999999998,9.430333333333333,10.313333333333333,9.819,9.739383333333333,6.6217234725487675,6.523211170721158,6.585795907409063,6.5872441669091035,0.5309191864345201,0.5329078683848837,0.5327047431252653,0.5316152251171473,0.26625288549299747,0.2607353116944221,0.2630270931662501,0.2643217346634961,0.0836281175892505,0.07803253657052349,0.0807356640390918,0.08166966423269605,53.147795527873114,56.687566004832114,54.75655608848568,54.38671519480877,181.92072585208325,171.93412265207755,176.59522574044496,178.42541473208126,83.80546803817474,176.0886567573015,127.6149775200843,116.10458408986909,34.68184446893344,52.49881965082556,42.815637989100246,40.917785782595686,387456.9792517843,598158.0487051659,483293.3777112623,461202.35356046783
8,693.705405008114,1153.9818455731663,912.2591221567285,854.8021592058823,3291743.7696526176,5884178.141578311,4485249.570056908,4199095.799826611,1631870.2520413522,2418306.396280266,2030560.0267289688,1907122.9025249719,440446.3275921802,690586.8563602719,560358.8209735502,527995.5126610124,4112079.65211788,4504805.1393701555,4272741.693307637,4249533.572656177,422004.8704946987,439339.3312759008,432751.58733445744,428071.93176811945,459253.1784021489,779722.3230469008,606896.3445631654,571417.379027812,2875728.9771490567,3255884.101340759,3022238.690401926,3008783.2706161523,114434.20821246394,83383.54079835904,98191.1960455515,103566.47461752723,10229891.626762692,12479521.760231232,11260542.943308325,11017262.173476681,-6938147.857110077,-6595343.618652919,-6775293.373251416,-6818166.373650071,-50811037.72829956,-49040290.67434318,-49528994.81507703,-50191276.25941483,15.443,23.853666666666665,19.548,18.386733333333332,19.719,29.932333333333332,24.727,23.293666666666667,9.768666666666666,10.838333333333333,10.24,10.143049999999999,6.266750841176523,6.164837305755143,6.2299798157328965,6.23108110377904,0.5473897431883066,0.5495640461621598,0.5490464451835388,0.5481507492291553,0.25746322241614744,0.25194311953079207,0.2543735658856797,0.25553118640627304,0.08118682498668173,0.07542820499937744,0.07808584833818011,0.07917130799112523,53.28686608833984,56.86151857932745,54.91198548920029,54.5379944601855,172.1755780576991,162.47975108301483,167.05522469908487,168.78203861655962,95.85100236188843,208.51480071382528,148.43225978101214,135.2833317850663,38.54355478523977,62.6722518046794,49.71798591441977,46.988598742043635,435290.4278116768,727593.6228684444,569788.2796179124,537596.5460815455
9,790.9273031813328,1396.5209961951011,1074.7786748995704,1002.8850957361517,3763267.7838048516,7143127.845134682,5298251.535432466,4946218.805270292,1768027.598115431,2774505.53669741,2270649.896634244,2120294.876619124,485657.08705946326,807927.4375490089,638762.0355177848,598451.7097308042,4301389.743733288,4789756.078214577,4513728.431963499,4472317.960801739,424400.15232323756,445377.9879749954,436694.6885000385,431742.3948013528,521880.49094308296,945541.1489461476,716185.33956973,670161.7212441555,3026317.4985646657,3504321.249711615,3219197.330663826,3193618.811466098,98919.07043609071,87761.46781267467,104257.98601631103,95013.9095178951,10825652.940898994,13728529.59122468,12179165.3527527,11841659.768512983,-7062385.1570941415,-6585401.746089997,-6880913.817320234,-6895440.963242691,-57873422.88539372,-55625692.42043318,-56409908.632397264,-57086717.22265753,16.653,27.257666666666665,21.7735,20.36463333333333,21.198666666666668,34.077,27.4375,25.706083333333332,10.095333333333333,11.388,10.691,10.547766666666666,5.936184090193339,5.83163217707035,5.897873218611332,5.899590920600293,0.5630426149014592,0.5653734875129579,0.5647287278352892,0.5638584203154837,0.24900506189624577,0.24348909910287755,0.24604629882101456,0.2470744749185669,0.07895958195307927,0.07307194912650528,0.07565396473834457,0.07689891046377836,53.42637744611508,57.036090203420954,55.0679361884144,54.68977691117213,163.10006139923647,153.6886392983484,158.15107105672348,159.80606366392564,108.20087463246252,251.6577108376038,173.4297685590956,158.41076730426195,43.25662685932476,74.44001697439546,57.695860011599684,54.17081339959951,494830.2722849674,882626.7212367466,672827.8974299562,630559.0294180901
10,901.3372438170431,1687.5304385056781,1266.2820126292218,1176.5048619580652,4300636.225202788,8658010.004052533,6260499.297606079,5825717.047800198,1918935.5466119887,3180016.519678976,2542369.2899219855,2360313.887185434,535827.4514367142,944425.5745916618,728797.9041345727,678836.7945409459,4513342.045910876,5097227.596568359,4765393.148641497,4717701.988640996,427150.04164592974,452589.7121230307,441374.1314698552,436053.92631291505,595171.2541496295,1146868.2414296917,845535.0477766108,788265.1996976512,3183838.9011775632,3769360.865892551,3427748.97386977,3388771.588827809,124448.82074456676,106551.81251764749,70691.59458431481,118184.86786514503,11526236.775294313,15149487.9990895,13152340.233334087,12794374.703622628,-7225600.550091527,-6491477.995036967,-6891840.935728007,-6968657.655822432,-65099023.43548524,-62117170.41547015,-63301749.56812527,-64055374.87847996,17.984,31.117333333333335,24.2825,22.58066666666667,22.828666666666667,38.74766666666667,30.4815,28.40031666666667,10.467666666666666,11.975666666666667,11.1535,10.995466666666665,5.62952492306108,5.522719364144147,5.589917360295332,5.592142977440154,0.5778534931633857,0.5803807429265643,0.579562791894942,0.5787380305804982,0.2408647134373291,0.2353590797151581,0.2380318344777886,0.23893774163456927,0.0763905464568457,0.0713740492598988,0.07361698817463677,0.07463477243791429,53.56633117596038,57.21128330625128,55.22441013167855,54.8420644215622,154.67822038057335,145.53817158472307,149.89499357161387,151.47920330202575,121.67718728741485,301.5962586379582,203.1892698469642,184.64886226010503,48.66251120711735,88.17249159496572,66.80288332278514,62.49100434286427,564751.9573277758,1071469.1767702021,794737.7303148699,742102.9841326249
11,1027.7425591636709,2035.4142325649534,1488.235935863852,1380.4276448541198,4916545.168282225,10472824.384690838,7376601.095053816,6861242.894025239,2083325.31222376,3655915.9009226467,2847004.519186348,2633732.01826837,591070.274416683,1101313.2294638397,829402.7337847309,769655.3086831879,4724255.621904905,5419673.221839312,5037141.991249853,4967651.781881947,432355.11701933685,464635.5292098635,448334.69039853575,443653.2612860212,679691.9207270705,1388537.5919915072,997572.4984133032,927787.9056696233,3349992.2384088314,4053416.282689827,3646902.4917580863,3596190.65390718,229782.2022296633,239825.18450859503,232097.28048876268,233297.2460272894,12350564.34022119,16870657.138958104,14427727.58773925,13932596.81977911,-7434019.171938965,-6397832.754267265,-7051126.492685436,-7071353.92575387,-72533042.6074242,-68515003.16973741,-70352876.0608107,-71126728.80423382,19.433333333333334,35.54966666666667,27.0395,25.07405,24.59,44.147,33.843,31.43495,10.825333333333333,12.583333333333334,11.65,11.440633333333334,5.344532063212018,5.2366841486944855,5.304581161578216,5.306785293130882,0.5920150113901661,0.5946047165622566,0.593651062252626,0.5929214082003977,0.2330290921977913,0.2275395235265885,0.23031730946974988,0.2311077431628703,0.07458097520244152,0.06895049450635791,0.07106719210352315,0.07261030695881227,53.70672885875725,57.38710032718265,55.381409272375926,54.994858872706146,146.85257966454165,137.99310618867045,142.24352199956286,143.75176394798672,138.0934544614242,359.3443655345095,233.99041508956478,215.53127333700405,54.69899068971094,103.95242991033689,77.16261735978894,71.93769441693001,645168.5571117145,1298701.50060788,939074.894640912,873905.0873353723
12,1171.8929031266803,2455.1158141749797,1744.4601770849547,1621.020921993585,5622139.748101191,12672915.718039587,8668870.457339283,8089911.337579628,2265518.167572202,4205650.482686507,3183933.650304716,2944564.477862209,652500.8873187313,1285171.3399738527,941883.2415619324,873935.5457480238,4957569.890569261,5760844.053015716,5314572.666449394,5238715.84742552,443764.9960514318,484705.3985752511,462938.7815410697,458094.1369347685,776471.51567033,1679176.0678174382,1173858.4072947656,1092418.108921818,3523897.8488951814,4359484.457968313,3877419.3713329164,3816353.1620707773,426621.57740341657,352262.7621568107,360318.85351822054,400595.99206710455,13343803.889297873,18789543.93520958,15772364.89593857,15249812.905366972,-7721664.14119668,-6116628.217169993,-7103494.438599287,-7159901.56778734,-80254706.74862088,-74631631.3869074,-77456370.49940999,-78286630.37202117,21.039666666666665,40.658,30.0715,27.906083333333335,26.534,50.339,37.5265,34.86575,11.223333333333333,13.216666666666667,12.147,11.921,5.0803889420942125,4.9721646676295475,5.0407390145663715,5.04251044603158,0.6055144487429664,0.608073587552357,0.6069476535181894,0.6064101473262531,0.22548569069729846,0.22001749583358196,0.2228904268287967,0.22357182249499769,0.07203724049439442,0.06695658787883983,0.06896686846307619,0.07025901207895031,53.84757208153259,57.56354371585026,55.53893557175565,55.14816215354378,139.60025979859577,131.01869929380965,135.16957631946786,136.59671362192063,155.83891612521427,433.00964045524955,269.4729721467724,252.8486696407266,61.40441150786159,121.91594652881093,88.66777900321419,82.58344876519386,737511.7866390264,1570923.657703626,1106490.1642580724,1029205.9415116361
13,1333.7923992663489,2955.205794847009,2045.4122925229296,1901.28708771958,6417368.125027813,15301946.420372823,10192535.204460258,9526970.528398566,2470202.5517442483,4845752.513724457,3571362.099485549,3301645.038437321,719094.3598067033,1496700.66143879,1069774.9205388355,991256.5653779337,5189066.225008917,6123608.329894386,5613419.996207014,5516155.961718831,464634.32160443225,513779.6241737644,489037.7343916889,481835.1775036985,887031.2070293074,2029710.372520156,1379303.9398699075,1286968.9149511044,3706059.690949839,4682642.385587499,4124843.552451909,4047863.63407302,513630.23741226946,548442.6001994336,517077.1116067822,525814.5643877769,14289324.827178566,21040396.991357867,17302665.035904005,16652200.084641322,-7871956.702150755,-5738450.570985045,-7110129.831443747,-7125229.556242757,-88126663.45077163,-80370081.95789245,-84566500.33085373,-85411859.92826392,22.772666666666666,46.50033333333333,33.526,31.07735,28.663333333333334,57.440333333333335,41.7175,38.735283333333335,11.608333333333333,13.882333333333333,12.678,12.404233333333334,4.836089517905503,4.726952493272022,4.795495964453144,4.7978915592837845,0.6182354935573753,0.6209591400430097,0.6197206204349784,0.6191887698273473,0.21822255190546178,0.21278063680678505,0.21573942966441595,0.2163178816209249,0.07058131885779365,0.06469473982138192,0.06728694537813742,0.06852101619504955,53.99077297674302,57.743968191533185,55.699824056925024,55.30439130191957,132.88948372133058,124.55311538020052,128.59070866279782,129.97175480193505,174.77884597193233,515.0920592568702,315.89348507605996,293.8884706216606,68.7788003670457,142.43910690447856,101.36295777967476,94.55990765514721,843336.4955363242,1900937.3577059384,1300330.5686008923,1213496.7972956891
14,1517.6754997584733,3542.9333811188258,2392.064671993102,2226.5157582345964,7328389.650968228,18405933.05563007,11961108.297571886,11205529.842599872,2694275.426805977,5566693.054370538,4007741.6982706566,3699621.5964535736,792331.8009564098,1736288.471120051,1212846.6943360467,1122716.6355136842,5453480.154240793,6534832.599329702,5947544.843367071,5831953.51002191,503179.04007780616,567112.8117702812,537292.1793480273,525555.8601701724,1011546.3440813783,2446552.7344438294,1619637.3810187967,1513798.5807082362,3896628.6056801425,5023598.007837783,4382201.027429287,4291067.896435317,931026.9834092439,969277.4453053484,973386.3355796176,944414.6450728804,15670402.082341125,23806532.76047147,19311746.862995926,18518047.819686748,-8342012.431372897,-5400599.7048414005,-7350638.565424044,-7312517.977086873,-96468675.88214453,-85770681.66273385,-91917138.89627779,-92724377.90535079,24.684,53.022,37.3255,34.6023,30.989333333333335,65.343,46.354,43.01311666666667,12.052666666666667,14.641666666666667,13.272,12.958816666666667,4.609622453855549,4.500352533096401,4.56933695860891,4.571377981589847,0.6303164144735093,0.6331171223300548,0.6316734478799105,0.6312966622233002,0.21122824364223655,0.20581713460804246,0.20885307610434678,0.20933435548026863,0.06816110485025538,0.06320564089414264,0.0657634412041005,0.06642669246561592,54.1810225769999,57.95756593776982,55.90760777695521,55.502812753269374,126.67349594480685,118.58024939098756,122.52186154259034,123.84085965097009,195.76450130882608,605.0430855516239,363.02840139903174,339.0120057938053,76.779992803295,165.48604850907702,115.5799327482642,107.8271123003187,962605.2187541719,2295291.963055923,1528880.2806690386,1429045.579259785
15,1726.134220554882,4240.435655191561,2792.5725692130486,2606.1397226777194,8370380.64556207,22123702.700869888,14020980.40639813,13184043.364919806,2943827.6594441286,6401834.364811458,4496463.437521444,4154130.006322694,872824.0147820537,2010191.0484728315,1372141.4311141626,1270902.4765738258,5758727.920513105,7001532.476875908,6314484.476680334,6193709.515240086,560742.1265886116,641615.6624598049,599936.7054412732,589047.8641435293,1154313.751577011,2940429.951363698,1898638.9281369287,1779454.4215023515,4097297.320565497,5387561.862691106,4654571.616442302,4548889.91030946,1622560.1854263237,1562277.102167595,1416738.3464686617,1601461.1062857686,17453356.80775013,27101720.55795431,21492788.169325806,20830284.120321594,-9082976.162188055,-4978017.857084418,-7471807.762927674,-7646240.755401783,-105551652.0443326,-90748699.51981826,-99388946.65920545,-100370618.66075258,26.780666666666665,60.452666666666666,41.5715,38.565866666666665,33.54866666666667,74.36466666666666,51.515,47.834266666666664,12.573333333333334,15.501666666666667,13.9245,13.59825,4.400738477329742,4.2913543503242755,4.360816362174184,4.362454032877829,0.6416222410344842,0.644494956695933,0.6428421634425708,0.6426276915159913,0.2044918342236784,0.19911569981778754,0.20222061545175715,0.2026101871816166,0.0666745337159029,0.061327443378179074,0.06397403515083318,0.06480305209769956,54.41842082966885,58.21561816876693,56.15378717104191,55.74743989835318,120.93438749090633,113.07084815900342,116.92932735634481,118.1821487247403,220.22121572710822,718.1599720767507,417.89073400458403,394.49978044948307,85.64355025852231,191.04086929694782,131.2973096831863,122.53261192197124,1099258.4476452342,2760889.9583445108,1794166.2446357827,1680829.4763899809
16,1958.7547623584564,5058.184085172983,3252.6181569417754,3043.5550253435404,9549304.990120644,26514195.966325775,16410399.824677842,15487016.83179244,3213223.102331556,7357083.88660337,5048130.842911691,4663574.3768266905,959510.5728950955,2323063.014952265,1548889.738706469,1436753.9276151047,6095915.221085374,7537072.088794557,6735455.395480961,6600320.124783589,638919.4779625053,737403.5762509415,683340.8585387967,673388.912363458,1316642.7660761648,3529662.2975101727,2223144.566216531,2091199.6020780676,4306384.560144434,5771347.3578493465,4940708.079864207,4819121.539341154,1996797.985802525,2120408.9033478056,1974551.6468861357,2040061.8069433733,19032991.1025618,30761907.13360381,24020055.130774196,23138111.713426504,-9483686.112441162,-4247711.167278038,-7609655.306096355,-7651094.88163407,-115035338.15677376,-94996410.6870963,-106998601.96530181,-108021713.54238665,29.04,68.857,46.278,42.97595,36.290333333333336,84.554,57.239,53.18261666666667,13.150666666666666,16.483666666666668,14.6785,14.317216666666667,4.208001773559139,4.098680088890068,4.168229782449638,4.169739183924964,0.6521714088084584,0.655127256885792,0.6533160729062248,0.6532059556355252,0.1980028692901533,0.1926655411067258,0.19583176549759765,0.19613480442595366,0.06518356497221173,0.059922354487556444,0.062202458512346355,0.06334214130258238,54.7248590185791,58.52708633099706,56.45498196304993,56.055638577925386,115.63942623678153,107.98857172783393,111.76763476381974,112.96162715864986,244.34267696741716,844.4275695187571,479.99002102724756,454.37238936038614,95.39235770681016,219.6608216534676,148.55502109114346,138.88632008814025,1255557.0968343106,3318555.405130483,2103147.0609597196,1977606.504737971
17,2222.9332716990716,6026.37719782727,3776.4675522925336,3554.138645843941,10910937.017294332,31767293.915763676,19160313.022057123,18210661.9317586,3518782.9862713446,8467678.294309575,5659978.605633225,5250896.344084725,1055611.5700502899,2679867.2518330216,1743072.9237551284,1624101.058674246,6489579.375195959,8130281.081501854,7198346.798271682,7063824.9724030215,733030.3838147599,854681.7059458911,778583.0729791586,775608.3465606559,1501020.7525574786,4227683.165016957,2598575.1878619716,2455352.596918296,4526790.919374327,6179346.688023359,5237556.585749951,5105185.438401489,2660534.0521220244,2702203.742202065,2618554.1521414234,2675118.4436500384,21063114.433169723,34902092.17516489,26845521.257256966,25906756.642868035,-10152177.41587539,-3134798.259401214,-7685208.235199842,-7696094.711109428,-125187515.57264915,-98131208.94649751,-114683810.20050165,-115717808.25349608,31.553,78.47433333333333,51.4285,47.97546666666666,39.35333333333333,96.232,63.499,59.260866666666665,13.829666666666666,17.571666666666665,15.502,15.139366666666666,4.031755614901624,3.922161721941907,3.991208675425355,3.9933977523657234,0.6616285761915872,0.6647660874095278,0.6629349650563201,0.6627267051178665,0.19175134975738017,0.1864563420891158,0.18967669092998796,0.18989809707348765,0.06331183417465898,0.05826376428597185,0.060987683834106264,0.06154500971361848,55.106173666926225,58.89574009585924,56.80790941754792,56.43252191705278,110.79797554135337,103.33046060669639,107.02116023289598,108.18434531422342,274.5000161575285,1002.2150802723635,548.0608566411821,529.2002885977207,106.10580303895753,251.13229179813658,167.54080830303567,156.8650741046702,1432395.7485180963,3977129.3949488653,2461559.9737016764,2323052.524768865
18,2514.268765541975,7148.79853147131,4378.670520719128,4136.354183617242,12434030.7765311,37937814.65605791,22371656.923448037,21360355.134365484,3855425.9642156227,9723622.141375579,6356464.900321811,5909294.626221607,1157483.8538231463,3079036.800718048,1958940.5645916183,1830027.385236362,6912149.285524127,8800763.865728447,7730784.936135855,7573164.388595639,837650.7087464794,997119.973562423,896109.2084446615,893464.9514320596,1712538.886277778,5056939.285393768,3031347.9519857015,2883079.0259683747,4752909.682679914,6607675.091721371,5551909.562595617,5402077.575844424,2868183.7725834274,2972119.2374927998,2855843.205550094,2904561.185301708,22754812.470758222,39220119.28429659,29561496.51443663,28517669.85549665,-10320781.69422712,-1282304.6282386787,-7189839.590988595,-7157314.7211311655,-135508297.26687625,-99413513.57473621,-121873649.79149023,-122875122.97462724,34.25566666666667,89.19566666666667,57.197,53.48466666666667,42.67133333333334,109.234,70.5255,65.96826666666666,14.553,18.797,16.451,16.0384,3.8697187541994604,3.759598861953827,3.8274724216733746,3.8311767919134887,0.6702323121824523,0.6736675466613589,0.6719097025478483,0.6714346442500696,0.18572771083378703,0.1804782392982058,0.18374598278551646,0.1838903957963336,0.062182084609845825,0.05678186726317269,0.059238376393005485,0.06029200853851023,55.551837689691375,59.340074283496165,57.24972257212213,56.87772049752305,106.34499302832276,99.04156130357946,102.63483433882357,103.7887919246626,303.5933347345129,1167.3807921168695,629.2039947085347,605.9189448183376,117.95432366951283,286.1501311422405,188.22815803977429,176.82285628496751,1636640.5525941495,4765094.087364551,2874046.953308568,2731599.2897637896
19,2840.1945937798705,8422.224619314005,5052.997638290202,4793.905102716817,14175063.188513925,45041201.47875506,26038032.669522263,24978211.59009832,4218376.830115353,11119098.224519493,7113967.701208774,6633629.318156801,1267935.1233117513,3513138.469640465,2191702.4690912603,2053756.294526801,7406952.938837379,9517937.317014467,8343798.229777928,8145797.47119936,955719.0910272907,1139056.7746016758,1036151.8722126143,1019887.2802783255,1949237.000313308,6024807.587116565,3532151.985912267,3375686.7056944477,4988702.385888333,7046886.636460307,5874959.595475707,5709066.873588525,3416538.639651962,3448222.604462659,3335487.5192817296,3427628.027335706,24954219.353742596,44162960.51932347,32801806.45357466,31677278.7616959,-10779156.165228669,878240.9594315921,-6763773.784052395,-6699067.171597578,-146287453.43210495,-98535272.6153046,-128637423.57554263,-129574190.14622483,37.190666666666665,100.89766666666667,63.4375,59.48811666666667,46.235,123.443,78.088,73.2578,15.408333333333333,20.087666666666667,17.546,17.0461,3.720153560293751,3.6099122736237392,3.6782409047761155,3.681569109959247,0.6781570749945713,0.6818235268186054,0.6798012496597332,0.6794403331329832,0.17992280205060193,0.17472180122746594,0.17803063889019274,0.17810245176250433,0.06024183449136346,0.05592525936668754,0.0581336995615028,0.058731033197726885,56.095021722088084,59.84303213605409,57.78847643915225,57.406825366976186,102.23819787685967,95.09453559742684,98.63840118328275,99.73791607905818,336.52953533457355,1336.5415548315107,705.6137895802485,686.5337421585016,130.9900673738166,324.36282390946405,211.2672444044847,198.6705321612932,1865104.6164796646,5690672.198408687,3355748.538517205,3204053.270154822
20,3207.145943779887,9897.101472796314,5816.128384999122,5548.630378935637,16181847.42958637,53398046.11577726,30252748.46396425,29207516.969753183,4627357.291846196,12694758.257833572,7965524.876474279,7450947.629941777,1387848.5746540432,3998028.0415148023,2447476.5359410257,2301411.3880553087,7973623.0488504665,10336667.019170044,9003531.91583548,8800688.438462319,1102927.2123626773,1297586.047944518,1184878.9538580999,1171057.8048163215,2220120.00058786,7143862.640723812,4105412.83072083,3943429.9246354434,5236134.78166797,7510883.131824094,6211786.077060387,6032296.704222614,3832759.0974785187,3590291.890610281,3801924.987510618,3747895.5750746354,27237890.684398167,49362429.74409668,36316818.06812013,34981479.35529265,-11056043.254811801,4035616.3716805764,-6064069.604155886,-5773962.385539469,-157343496.68691674,-94499656.24362402,-134701493.17969853,-135348152.53176427,40.44866666666667,113.94566666666667,70.295,66.17261666666667,50.196666666666665,139.261,86.428,81.36918333333332,16.395333333333333,21.560666666666666,18.7135,18.2032,3.5831260389320136,3.471837634190034,3.542268459565633,3.544175097272321,0.6851972905710139,0.6893327027709327,0.6866477463698307,0.6866446848409855,0.17432681717570786,0.1691764298263583,0.172519951913721,0.17252418160343552,0.058653206985842074,0.05422455025992365,0.0561453901756978,0.05710317713177063,56.77255027054173,60.42224217403614,58.391321482918414,58.04994243676477,98.47232518955755,91.45507687903412,94.99277084385734,96.01628828087435,375.442089243085,1550.7296756422156,798.8317211699627,786.7927444827806,145.35783066477686,365.4950163354324,236.3820051335831,222.4058456495063,2126259.4782770886,6756180.221813258,3905704.900428339,3746731.7385147475
21,3600.1751722199288,11562.350702879801,6654.121437813425,6386.936607950884,18374226.42890086,62977108.460783206,34974504.336015284,33985235.14005968,5061397.690222224,14456831.007442577,8879257.271142235,8349799.351249347,1510543.6722578383,4527171.625419478,2715160.059287846,2566363.4558644122,8518834.705670936,11195037.070717212,9669010.282545155,9455505.533437133,1213414.387398042,1457767.6469413114,1319066.2147855358,1298938.0282381864,2528876.889073939,8450728.588668017,4759461.88593869,4601524.983931866,5485968.212932992,7985937.898542773,6552494.6273738295,6360957.602896415,3326354.1800402957,3559894.0276444755,3467518.1486574938,3408093.1267017582,28618747.46803419,54924675.83281025,39207334.18491752,37825822.39570581,-10244521.039133329,8052432.62797295,-4232829.848902238,-3840587.255646132,-167588017.72605008,-86447223.61565109,-138934323.02860078,-139188739.78741044,43.84133333333333,128.26566666666668,77.5285,73.38985,54.329,156.64633333333333,95.2255,90.14006666666666,17.311333333333334,23.068666666666665,19.862,19.3264,3.4593404455184507,3.3448062610704694,3.415615383295305,3.4192534809616575,0.691024279410352,0.6960881000047892,0.6931323330830064,0.692796616618405,0.16890820289643912,0.16382209102371598,0.1671809359938893,0.16712806374098602,0.057837315786150804,0.052790216200487745,0.05552218886629563,0.05607083093116873,57.48196226325351,61.0541063638755,59.05290799275717,58.7322126984712,95.07155483660567,88.10910990292842,91.59737523272689,92.63469910981863,406.3990985439356,1764.086685205711,886.1984653762115,881.589753875557,161.10455510266027,410.08111680569493,263.5736248958921,248.24635169872238,2427277.1144379554,8009706.917366589,4537912.269594637,4381127.545462977
22,4033.6479957099245,13473.693146235386,7582.143810264775,7337.663798393836,20832845.27617054,74097987.5393322,40268764.242260404,39475645.06827712,5530917.532462541,16456433.896675466,9871174.758399898,9354848.259937065,1640720.1937853124,5114854.120028716,3001535.267246741,2856667.0679705036,9078279.8260185,12031180.824596414,10306429.33542374,10111795.17552077,1316668.185886193,1593487.1611939704,1421111.363718692,1413554.8272439153,2868468.986649938,9956369.642495042,5493547.1235979805,5349234.216195724,5742576.515819046,8486812.342618216,6902024.940908403,6703059.055198755,3026289.234364231,2767885.698280605,2665518.694105722,2935847.996734962,30307536.115969885,60279484.585255146,41786237.53429722,40797718.08021972,-9474690.839799345,13818502.954077045,-1517473.2920368118,-1322073.0119426083,-177062708.5658494,-72628720.66157404,-140451796.32063758,-140510812.79935303,47.468666666666664,144.246,85.2725,81.34073333333333,58.73533333333334,176.04533333333333,104.633,99.79383333333334,18.229666666666667,24.505,20.9235,20.426033333333333,3.343820891235236,3.2271630505152684,3.2985029199691778,3.3029906469832473,0.6965647106494756,0.7023556215032692,0.6990664358055606,0.6985915294483034,0.16364521358811776,0.15862770660032213,0.16199191240353797,0.16188908614238928,0.05665232265099039,0.05165404070175597,0.054149491438643504,0.054902923968758344,58.21411997155505,61.70897095581897,59.741069515435406,59.437317816047425,91.89690620580296,85.01020931082192,88.45609244692128,89.4865622925596,449.34008925923473,2039.213493510243,989.4858927827529,1005.7957807470875,177.70349698466637,456.65407844517296,291.4389833359304,275.3362004958436,2756133.9643351287,9446566.26911748,5246175.650402293,5097785.271008952
23,4508.7018520473,15599.908089480123,8610.705053002424,8390.624035148789,23575238.40044573,86659684.21890709,46228524.26534543,45654794.4369072,6043045.259776818,18633467.495561067,10956598.51093622,10449693.042301305,1777575.388714409,5740798.460772636,3304647.3721907544,3164703.4639347885,9643491.826547345,12885854.045041632,11012459.927537777,10778318.603020346,1416810.9809366409,1721686.8047178462,1533185.757426223,1523517.5192600628,3248148.296608085,11688219.41163674,6315429.131890976,6202173.186868114,6006551.955342908,8997490.014039803,7264735.119563806,7053380.275886822,2712338.2908010245,2415866.403314201,2381352.0025461717,2608573.1301806364,32096793.534408804,66612270.54910439,45207798.83717309,44177210.48955226,-8521555.13396307,20047413.669802696,1020725.4281723376,1477583.9473549472,-185584263.69981247,-52581306.99177134,-139431070.8924652,-139033228.8519981,51.36066666666667,161.377,93.611,89.86638333333333,63.470666666666666,196.82133333333334,114.754,110.1434,19.135,25.933333333333334,22.089,21.51441666666667,3.23625744386597,3.1180130404473445,3.189610115424833,3.1948719026694508,0.7017488519203798,0.7081669030308986,0.7045658755882289,0.7039951698090614,0.15852276688136047,0.1535699979491462,0.15692766703578748,0.15678929775508546,0.055418125267995395,0.050865516650456036,0.052787466837222956,0.053824712251856616,58.99426203751141,62.39157329816088,60.449757666880295,60.18332097873872,88.94484175453998,82.13592330060652,85.53613028747617,86.56172029566326,492.8860207300169,2294.085122947638,1100.457982207662,1123.3057065061844,195.34086011282278,505.12704801304574,320.6691049117453,303.7660258779008,3124926.7914255816,11114698.130899828,6040314.63633906,5921346.760241568
24,5019.685850781898,17966.398807446014,9733.246465659675,9551.035385614337,26579463.112036835,100807806.93373303,52849815.78827845,52559383.44963051,6580018.616222219,21022378.85923141,12129701.693845363,11634844.701275434,1918757.9822703006,6403753.008891794,3621783.3636464025,3488506.2415878233,10223084.247139158,13749619.535497673,11704253.826063026,11457371.598064639,1501439.423659638,1842607.5779387245,1628215.8453130445,1620848.2776573184,3669621.928892891,13642828.39462384,7236351.103498354,7160244.191898723,6272546.254189687,9519988.232909849,7632632.622920429,7409150.946741743,1945126.6893773386,1943829.9130282018,2019864.392671403,1944672.8176551405,33518620.826531533,73392596.97449455,48761850.07825204,47474512.47831859,-6939157.714494696,27415209.959238485,4087965.710026415,5084870.971311916,-192523421.41430712,-25166097.032532863,-135343105.18243882,-133948357.88068613,55.396,179.82533333333333,102.4105,98.94626666666667,68.36333333333333,219.21466666666666,125.472,121.1613,20.03933333333333,27.353,23.196,22.599116666666667,3.1352574970155813,3.015419056457858,3.0881687158881954,3.093314042820378,0.7067415688912744,0.7138816305582905,0.7097826438311952,0.70924059047473,0.1535110294717793,0.14863014087161489,0.15197729026353193,0.15180271846172178,0.05423768934217812,0.04966769256797366,0.05163433335705312,0.05263819047120656,59.79335872692504,63.0829254942107,61.19779169584383,60.944707095475025,86.16717029472315,79.43424908288277,82.81142819462454,83.81064787057902,533.3446753041246,2575.5030471511,1208.289854786162,1248.100105450566,213.77482959461918,554.3967777081184,351.15214204044014,332.9925114343439,3536285.760066859,12998952.632836062,6934278.639801814,6848219.16553608
25,5577.104423974447,20577.3526184336,10960.962563655712,10827.19129203515,29897405.853893477,116625053.846618,60190280.63384292,60252082.651347056,7169569.334282824,23614065.026656184,13383237.393832335,12925142.826613499,2065110.751467956,7107194.163868884,3951261.191085934,3829839.9458082807,10782626.333956841,14613238.17674347,12398162.078078998,12123340.47893216,1566056.911410277,1956537.4599767043,1713603.3457114615,1702725.1034085266,4132545.2720963135,15838066.036247253,8261861.411445576,8229477.539549142,6547358.51567268,10051242.854503263,8009701.686605785,7773718.0342633845,1665499.875205033,1338200.385214544,1667655.522606307,1550945.053708362,35512716.01027662,80612955.57379788,52562151.66971326,51297799.85750906,-5615310.1563831465,36012098.27282011,7628128.964129665,8954282.79383799,-198138731.5706903,10846001.24028725,-127714976.21830916,-124994075.08684817,59.72,199.49066666666667,111.6945,108.63973333333333,73.63533333333334,243.06366666666668,136.749,132.93525,20.880666666666666,28.726333333333333,24.2875,23.626649999999998,3.0413226322287295,2.9197825576208283,2.993275333680938,2.998783606115964,0.711347498544741,0.7192933683244346,0.7147273625521905,0.7141285529676338,0.1485872596451621,0.1437960069917179,0.14712995166860135,0.14691032121645664,0.05294303184602463,0.04845727667637774,0.05116191433454147,0.05137301753664822,60.59304596763712,63.78216092068481,61.9551632131751,61.70923620120381,83.58824365469407,76.91364340881007,80.26166537893351,81.25213356863466,582.5032211631536,2867.5799847492003,1337.5561728152302,1382.28008841827,232.66115995940996,603.4885249631506,382.1314283712072,362.4507377107192,3986919.4668055256,15121171.040059952,7927472.368241768,7883907.517444574
26,6183.913907411655,23453.450456438422,12283.369744783431,12228.251699571023,33553555.614867218,134223296.13387573,68229939.03828585,68787964.79652019,7803207.2384484885,26426274.97544628,14725509.924401462,14321280.946397714,2217731.9504340584,7841847.685441116,4289276.370149547,4186172.4576865286,11338495.245952906,15465957.253883183,13099533.409417836,12783106.948728504,1623411.6916097177,2067910.480976205,1796576.641028716,1778986.2678879881,4644107.116629746,18293037.776277445,9390705.085381407,9421232.84750644,6828726.94916957,10592533.972985378,8388805.506712066,8146059.407505102,1196897.4939922914,1108594.4901583444,1316566.3256646646,1165991.4426504099,37430130.85771364,88810548.41785058,56608115.06956425,55413277.00376157,-3876575.2428464266,45412747.716025114,11621823.968721591,13374687.79275861,-202015306.81353673,56258748.95631236,-116093152.24958755,-111619387.29408956,64.29533333333333,220.39266666666666,121.448,118.92939999999999,79.20366666666666,268.432,148.6045,145.43358333333333,21.692,30.041333333333334,25.352,24.614266666666666,2.9524138102291495,2.8291052149525178,2.903778821906789,2.9092558018823285,0.7159762832074397,0.7247079806216098,0.7196238173852947,0.7190323773023992,0.14375232824702583,0.13904203047758967,0.14233396074970253,0.14210372402772317,0.05210099089326896,0.04772197444632511,0.04980529578900134,0.050568335136838616,61.389455655738836,64.4723474057618,62.72406719579945,62.46846776824687,81.14593098196924,74.5261538187985,77.86440499335559,78.82900897485948,637.9849541828952,3197.118797138989,1448.6519612198722,1533.681799217528,252.10638274018365,651.5375281705142,413.508988096107,391.90728364079933,4484610.878084022,17493758.076992698,9028542.095076438,9037812.397702059
27,6821.664186077573,26556.60950426818,13714.896829054858,13728.895047444285,37462429.23082386,153416527.95330718,77049168.4857046,78046363.78369302,8454033.883973477,29404260.470305048,16157978.530173626,15786613.189189527,2367258.175008919,8588766.49017219,4637183.259253693,4544786.085316064,11916657.004672205,16335408.76189747,13801944.715615287,13463220.119701048,1693040.6382935098,2186418.6620495776,1879424.8634083192,1865722.9466081336,5201505.585917225,21009197.50338046,10631099.992681297,10734197.757029356,7109660.148966358,11137198.671219835,8773494.900664786,8519298.631755074,1217076.6574785754,1268555.2109225905,1167670.0677985086,1235094.1511839807,39943970.086856306,97947262.60293202,61115678.620173156,60245122.467482805,-2481540.856032437,55469265.350375146,15933489.86553144,17801241.316210218,-204496847.66956916,111728014.3066875,-100159662.38405612,-93818145.97787933,68.92366666666666,242.06866666666667,131.6855,129.52441666666664,84.82066666666667,294.73533333333336,161.032,158.29080000000002,22.528,31.359333333333332,26.396,25.618966666666665,2.8686286305647277,2.7439638136441182,2.81876985811036,2.8249959446425144,0.7205087423878179,0.7299937574903,0.7246135284357046,0.7238284976736866,0.13897927045654165,0.13435865027245128,0.13761031661003703,0.13736205339211002,0.051078167115296426,0.04704898296505407,0.04921187464711096,0.0496679526627116,62.18645055742917,65.1564857464561,63.50178825404029,63.22596287358859,78.84168128425007,72.28189475589299,75.58358309923912,76.5457559993251,673.8889747485704,3502.8123331964107,1586.436547753681,1664.0121502053144,272.54137938325096,696.4968601805792,444.6907407477623,420.92579766231586,5033033.3422300825,20133494.420081355,10234490.855742877,10318194.719478028
28,7515.690042086467,29891.849558205813,15236.688252651033,15347.345872728238,41745006.8594034,174285435.40831143,86531581.94457048,88134156.85152121,9160991.982865168,32565695.13627833,17651868.787195798,17352638.086559776,2521993.5299199526,9341169.8148267,4982589.363712541,4908705.229637314,12479490.627284441,17277012.95020503,14511202.603288773,14158623.440306649,1744885.2195525777,2333210.996345715,1955587.106527652,1950799.241430176,5803657.357584738,23967611.632330514,11983573.85243703,12161041.353745759,7398149.6609978685,11685664.925360652,9157088.457812976,8898780.003524844,816803.24694213,1232248.5385243099,869435.2890167073,962209.098995893,42137350.33925949,107510778.1213951,65680177.54579297,65018050.06300695,-392343.47985609627,66774657.2869163,20851404.398777515,23116106.78851424,-204889191.1494253,178502671.59360385,-79308257.98527859,-70702039.1893651,73.84033333333333,264.6293333333333,142.0685,140.61648333333332,90.818,322.10366666666664,173.6735,171.76798333333332,23.311,32.769,27.422,26.621299999999998,2.789297276301364,2.6635960311907785,2.7388145649726203,2.745301840512659,0.7250334386003078,0.7351748169181634,0.7294252964052544,0.7285829210115573,0.1342635203360973,0.12974782671746363,0.13297396000836742,0.1326830275695755,0.05000361743571385,0.04645604051230545,0.0481390669143882,0.04876196551252091,62.95517894263736,65.83830102709022,64.27422855152545,63.96427167219586,76.65951680969538,70.16691232711833,73.43402382125907,74.3871052407934,737.1718918446373,3820.529757337769,1704.794318325362,1816.3471447672334,292.29824909145736,740.1252842374089,474.3441859839291,449.03771139254036,5619364.38462358,23012479.192996074,11557375.27285569,11706954.567553952
29,8248.785699166689,33463.270590913926,16852.76586922957,17073.855411278222,46322289.83862339,196950403.75807366,96757317.05235936,99042129.71043098,9887349.698078288,35900016.43918406,19231629.493794587,18991783.057465307,2673588.8735647937,10095597.67765143,5327076.788113499,5271291.954995116,13059433.409777869,18261969.37970374,15230596.670223823,14880320.999251924,1803693.241769427,2494741.6167160906,2049301.0534551872,2045560.1730007594,6458042.552624114,27177021.69941884,13436826.288624778,13709685.254002266,7686750.796714142,12235254.174029766,9542556.555239739,9278726.97877461,922506.5462014348,1470498.153249544,969892.1761011073,1114303.608668273,44944950.65918898,117927688.74684623,70897903.76552168,70488908.98986901,1377339.17943441,79022715.01122744,25859413.286837686,28553220.72056197,-203511851.96999088,257525386.60483125,-53448844.69844092,-42148818.46880315,78.82966666666667,287.922,152.873,152.01198333333332,96.87366666666667,350.3686666666667,186.8005,185.59691666666666,24.100666666666665,34.223333333333336,28.444,27.6436,2.7136791988832454,2.5879058263966153,2.6639957653329858,2.669658518512925,0.7296618972172882,0.7402449617739804,0.733969504092023,0.7333659698121304,0.1295894389735009,0.1251919267882102,0.12839381580716172,0.12805030970864917,0.04910912912802714,0.04502309838403979,0.04696784665305664,0.04767901836763157,63.71130360121242,66.52318709400468,65.03788044458443,64.69546282368971,74.57675455996615,68.17304483735253,71.42757294612392,72.33545615705138,785.1660948544205,4136.82555268851,1828.3559877568227,1958.2469050963516,312.10680905600975,780.148163157581,502.8418377521682,475.9212829915597,6261751.028910509,26142815.311246715,12979737.291685574,13220123.52772818
30,9035.862498124754,37247.33950865005,18565.90381704191,18909.879451808607,51273155.50238847,221225020.86411873,107704134.97835195,110756308.37899406,10666764.172362313,39378929.88824578,20885028.69907641,20716022.172921523,2826136.1958494186,10837736.919855805,5666996.59066486,5630196.449251654,13658809.901571851,19264505.46829991,15989596.948381871,15620803.349926673,1874166.1867685572,2663887.5932990448,2154958.887775791,2150568.6790542277,7161407.659661704,30658090.811706867,15005859.132010113,15385246.76287751,7980729.684218493,12784263.467987763,9928139.843114102,9661966.508537738,1104625.243171386,1662243.1542094357,1355779.7963554622,1299791.5120347033,47987905.206491455,128811231.66681595,76675535.29409282,76276069.46760502,3285250.2958970233,92413789.19730276,31028599.684259128,34480238.91138903,-200226601.67409384,349939175.80213404,-22420245.01418179,-7668579.5574141,84.065,311.64566666666667,163.9265,163.71823333333333,103.238,379.15633333333335,200.2335,199.80941666666666,24.906,35.67166666666667,29.512,28.673983333333332,2.641716834152081,2.516046066791283,2.5937255476943273,2.5977320655758014,0.7343540992562495,0.7453112483093395,0.7383562279622854,0.738189101424831,0.12493978299147625,0.12066371589031792,0.12384429396049242,0.12344315950607083,0.048788282951329136,0.044836466057546216,0.046877907814247395,0.04740514703850511,64.43939791829303,67.20711271123824,65.79355587078916,65.40809809582385,72.59922197290166,66.2779995132977,69.54321858190478,70.38679411204028,852.2567354727806,4462.120991983252,1969.0462966248256,2115.709225251446,331.62952481126484,815.5565761054925,530.2954679643817,501.0039927642445,6948343.475793509,29542560.56371105,14513597.557853905,14856319.456564648
31,9863.179943812636,41272.12505082319,20376.808792065036,20856.310731266327,56551819.57943901,247285649.81359303,119423826.52379304,123308660.16139293,11478058.448598256,43069500.26840619,22623304.090572875,22535063.085531034,2972173.3238468985,11573195.541462034,6000977.994839085,5982531.100012196,14334727.19128425,20343395.721412282,16831881.90442933,16437761.176829062,1974477.84616063,2860969.101464548,2293102.073379392,2284749.785517001,7915788.586087039,34384463.84821765,16680762.080772692,17179824.927832752,8276517.796046414,13334357.511825152,10315807.404253403,10046761.696568973,1878497.9537747204,2270616.878234311,2691181.3665582123,2015739.5773355772,51824743.09076393,140761680.65907198,83746507.74579726,82952671.23967174,4727076.488675077,106523969.154521,35677318.77799577,40355988.921721146,-195499525.18541875,456463144.956655,13257073.763813984,32687409.364307046,89.39966666666666,336.254,175.286,175.79868333333334,109.72833333333334,409.013,214.0485,214.47796666666665,25.823333333333334,37.22533333333333,30.6985,29.814033333333334,2.5735635154960463,2.448764427580801,2.5262531436440563,2.5298838347257107,0.7389819138180556,0.7501411712340276,0.7429534932315651,0.7428876539136458,0.12030217776849808,0.11615711483561612,0.11932305767840329,0.1188514057419894,0.04753715421852981,0.04399386446267363,0.04575893445777649,0.04629700280398015,65.17088834426593,67.88597015096052,66.53929011407533,66.12116697660903,70.72095772013928,64.50725847610595,67.7355336408414,68.54616298472762,899.2610429150664,4802.842874399374,2100.5673360795945,2265.514683934574,351.6119486050328,848.7847805254863,557.4806321923796,525.6224397771915,7690973.325358272,33183753.129617807,16155620.246752793,16613446.25684911
32,10735.845505926121,45456.97522201252,22261.78528468994,22888.240906556362,62182302.601614855,274839256.11499184,131765258.08032626,136612236.3312968,12328144.286760192,46840737.065693155,24397781.43246947,24407551.759386726,3112316.22942366,12267432.410646668,6314455.373151615,6316606.892851712,15021423.140144348,21475819.097515427,17665255.340348717,17280461.725224227,2065802.3315077787,3078911.44127287,2417796.281811093,2420390.519925561,8721712.736605316,38358353.9670349,18467817.66096587,19094537.16725567,8572179.676071202,13873711.685229296,10699060.20706916,10427715.879276536,2048219.2028434249,2980431.5450402936,2196682.4956742907,2374493.5226123286,55162340.88153088,153243262.13723597,89121949.2070787,89490663.32102767,7019961.720083979,121595993.9777559,42643308.87324758,47121573.01026915,-188479563.4653348,578059138.9344109,55900382.63706156,79808982.37457618,94.85333333333334,360.77733333333333,186.61,187.92673333333335,116.37466666666667,438.76533333333333,227.8075,229.21139999999997,26.731666666666666,38.836666666666666,31.8355,30.96841666666667,2.5086974945381395,2.385273506889502,2.462146665396414,2.4654990988611165,0.7436525771667123,0.7548456152188564,0.747489115219485,0.7475701404849627,0.11565960106461254,0.1116726115992077,0.11481706467196069,0.11426415475172083,0.04660483117127929,0.0427872220494174,0.04508129070198152,0.04526866797862763,65.88724038130744,68.579213888937,67.2714167938875,66.82943110897779,68.93677494436457,62.83498515537675,66.01106856133303,66.80114851821884,955.7591987578633,5062.025979983828,2216.9747295876596,2392.952572186951,371.7161943981845,880.2428749557454,583.2671418358287,549.7005325933308,8482772.93691585,37092847.47203895,17913573.97856896,18496299.024208933
33,11652.865591907403,49747.38290338038,24211.304295614256,24985.946650922942,68174559.84020334,303517872.1234077,144725214.51625335,150544719.13932487,13204214.815430043,50664286.41584741,26206531.61661127,26315239.875576124,3247307.0040850313,12898935.451510146,6604185.770971529,6625376.960683821,15777879.114540944,22716535.87346103,18559098.173532438,18206408.980162974,2190590.4252851997,3319040.895304243,2578667.7849834682,2585548.089791865,9580769.804087063,42553661.93130377,20347070.082034696,21121282.048612908,8867800.06858063,14399849.536682343,11076326.358701717,10804017.38241623,2888632.4190562256,3361650.6474984945,3145278.775258116,3054188.79901102,59366530.31379994,165783304.09664676,96166484.5901001,96612401.13779633,8808029.526403414,137734568.02676094,48558729.926153265,53932318.001528546,-179671533.93893135,715793706.9611717,104459112.56321484,133741300.37610473,100.42233333333333,384.941,197.855,200.00386666666665,123.129,468.10066666666665,241.482,243.86908333333332,27.745333333333335,40.59466666666667,33.058,32.242599999999996,2.447797042554517,2.3254308432054023,2.4011895050245924,2.4049688727823266,0.7480534583106767,0.7594242809809422,0.7521027264754018,0.7520332462452697,0.11106692596427543,0.1072277594775485,0.11033885565666374,0.10972321769392102,0.04624720969902511,0.04267656168089347,0.04456240780828863,0.04499748289267903,66.61565926625363,69.27712719836309,68.01098914561909,67.54717304249193,67.25961161925991,61.25774986636697,64.37799759875202,65.15896000574739,1013.697655379346,5311.094056219946,2329.1254799430235,2517.786395673556,392.3065429502999,910.7122851228733,609.1741632668613,573.7485527107006,9327345.390242228,41225888.41724878,19764788.71204894,20491835.44969452
34,12626.110966078115,54237.45961177485,26243.745623416602,27190.082992071973,74607556.75448406,333934933.9472435,158491457.85521755,165372138.77194986,14142793.865474902,54668263.93627395,28096875.489447746,28326708.39025457,3375876.0922945645,13493223.862539342,6874542.396281401,6916947.8118802365,16630826.700634597,24058336.590962373,19604494.238554128,19230455.16224932,2346981.6721700225,3587096.77542415,2776633.9223932615,2781021.958308967,10496272.255418044,46932619.31977309,22322696.60306627,23248993.72794231,9167937.194844421,14923798.709652958,11449321.327678116,11182488.725027408,4279860.291361322,4408948.433148075,4300606.8551068865,4325041.140986685,64390286.69051316,179534775.86720434,103804351.07138577,104690857.90235507,10217270.063970905,154400158.0800391,54687106.783831805,60681280.869594775,-169454263.87496045,870193865.0412109,159146219.34704664,194422581.2456995,106.237,409.6856666666667,209.387,212.44403333333332,130.20533333333333,498.11966666666666,255.487,258.97535,28.881333333333334,42.48166666666667,34.508,33.641450000000006,2.389741707007095,2.269609619645536,2.3440784309276568,2.3476954764305495,0.7525347958090572,0.7636893114821504,0.7564519929241351,0.7564388762946399,0.10653560272537609,0.10283789511769367,0.10589379141864493,0.10524140506268725,0.0454787279916626,0.04173824612395678,0.04386411754227858,0.04416955933796556,67.34882396561314,69.98749298892012,68.78912406301092,68.27235812377057,65.66195817282781,59.7900912759513,62.84866378859348,63.60680475892103,1080.3531175501635,5619.754005047757,2455.65770251307,2669.1434281743213,413.19057997249473,941.1822772380418,635.3839046911669,597.9876740154361,10226183.976030502,45527680.81851115,21708782.177438002,22581707.870898727
35,13634.57065899704,58833.26543049296,28347.83972171566,29454.113829020607,81377591.67805912,365697257.3794616,172945407.995353,180889474.67354998,15108877.747801844,58710052.58883104,30052757.26047732,30369288.94216206,3496189.4809210356,14023643.935805002,7125776.400533574,7180798.540130423,17473379.898970824,25443926.768867686,20697288.739727594,20263071.303434722,2476614.4184431722,3853066.5557023343,2973957.95715217,2958372.666483879,11474269.667385971,51558801.47488152,24415757.203763958,25503855.800009415,9465670.330237916,15438513.555320995,11820920.711991223,11556165.459016994,4337105.863255719,4981814.809386638,4391710.150384214,4562753.994401541,68140335.1012866,193135844.91371453,110623595.06514332,111888763.53563638,13237256.576772522,172561412.46574706,62321812.93020973,69000711.1379136,-156217007.29818794,1042755277.506958,221468032.27725634,263423292.3836131,112.12066666666666,433.92333333333335,220.976,224.7516,137.36133333333333,527.5293333333333,269.5895,273.9201333333333,29.981,44.39066666666667,35.9925,35.02438333333333,2.3353559292787227,2.2160620685214796,2.290566149601186,2.2936030780136876,0.7567120683307491,0.7680874015768001,0.7605783392602827,0.760693434966867,0.10207478872171581,0.09849860761205292,0.10152656021235747,0.10082312533333379,0.044787700426704775,0.04159969209456859,0.042980606266231375,0.04367189751045711,68.0889154700644,70.72340303252133,69.56448211736068,69.01098611692433,64.16455212733077,58.37723684159201,61.413592318603165,62.138991777322204,1132.5446168534497,5874.245531180014,2568.1541019252945,2792.139936867747,434.6179604410049,972.6381824208958,662.9711992275386,622.9250381339667,11191133.513172608,50090240.09208652,23773718.67828263,24805820.815792475
36,14677.265291786378,63585.36474177621,30530.440006290017,31795.10009928282,88523736.79390262,399011417.94969183,188202625.44895968,197194425.19842884,16103892.551473783,62900520.32756028,32067782.816125173,32482712.273104057,3604542.8466422143,14511158.060759066,7354893.116461226,7421858.171583112,18446010.35097846,26839524.101578847,21825962.919343438,21383740.163688593,2661302.754882809,4109799.711753334,3172211.65226591,3168276.689787492,12501621.189041158,56391071.0289278,26614033.230773117,27862928.633001484,9760674.514172358,15940315.38828945,12188521.012065152,11923548.82011334,5071939.318740946,4714738.943930953,5092465.447051884,4946919.187557449,72836258.01710214,206278420.83886865,118270060.8247266,119541015.0047204,15687478.776800485,192732997.11082312,69932564.6242331,77653410.1937084,-140529528.52138746,1235488274.6177812,291400596.90148944,341076702.5773215,118.03166666666667,458.34933333333333,232.693,237.14284999999998,144.54533333333333,557.186,283.831,288.96956666666665,31.279,46.272,37.506,36.52655,2.2834605287650653,2.1657839808901955,2.239739648792922,2.242273737008861,0.760918486865351,0.7722848237213158,0.7647146595415856,0.7648967047649387,0.09769777345478402,0.09424151324512414,0.09723421459001998,0.09648808238140306,0.044317409474290824,0.04083400231258769,0.042288451292212516,0.043098216967694725,68.85787570819582,71.46562137746741,70.35555578374361,69.77058669244087,62.737375332675136,57.0564310320651,60.052408545319196,60.749044827461624,1179.9297493291513,6145.929688034296,2688.888125880641,2918.029727875952,457.24357096523323,1001.5894134098471,690.2623814247395,647.7646158208481,12206638.75170887,54854588.60691923,25941811.199302956,27133421.201032493
37,15784.886688004548,68473.20508325798,32804.20984964954,34225.798126343245,96209928.9548682,433821769.0616884,204361919.29416406,214374072.99225527,17162968.768271413,67227954.9149866,34171713.424915954,34685713.91962172,3709766.813671121,14941910.483654048,7572669.808094709,7641017.098165145,19412112.430058874,28273201.776460156,23001124.721167993,22513493.701299325,2835707.527510217,4377491.073492622,3386896.0768606924,3375331.768604059,13591936.037356727,61457254.4712043,28938399.226237603,30344797.48920338,10061191.441625645,16436062.316463389,12557899.62970823,12292396.247818856,4750904.33959016,5105648.052613349,5506306.734101074,4875064.639148276,76616831.22694927,220513873.16201156,125945269.64786151,126980795.90422107,19593097.72791895,213307895.89967683,78416649.64630255,87393277.0880342,-120936430.7934685,1448796170.517458,369817246.547792,428469979.66535574,124.23733333333334,483.02066666666667,244.6625,249.8115,152.07966666666667,587.1046666666666,298.389,304.33841666666666,32.531333333333336,48.162333333333336,39.0595,38.002183333333335,2.2354957154722417,2.1186811463352795,2.1912441350192036,2.194610616274305,0.7646993890170127,0.7761810105871569,0.7687837683807316,0.7687179565665632,0.09342069157221072,0.09008527580396151,0.09303435625549107,0.0922532960533235,0.043267150565961456,0.040327655930386036,0.04173072274048158,0.04223832744351006,69.63699619998089,72.21846162797695,71.15891041122046,70.54050909977951,61.41901490812392,55.82054616700266,58.75148230460439,59.45955084873148,1253.50207308534,6422.167115002146,2832.021635574598,3062.5348377562223,480.5511292582665,1030.5528237024027,716.5464976564033,673.0517223137142,13278560.519085396,59851712.69245376,28230393.817343954,29579163.779764324
38,16941.5483864604,73402.80100918328,35102.54901885276,36702.986804413405,104353656.06818067,469574463.05553925,221023414.95680755,232180938.51375616,18271567.938886352,71560883.58578742,36286757.32775065,36922828.415301725,3806274.2167072934,15305632.66525288,7750858.337821362,7831049.673698248,20445909.995850403,29661634.755886484,24174920.410880044,23671413.661863033,3014501.1928899013,4638711.5029373355,3586542.3288310296,3582974.801406503,14761808.900443532,66727147.00092917,31383359.64130296,32949677.235613506,10361916.289157603,16916012.035282522,12918305.726340069,12655849.800301325,5653593.017684681,5064711.926512953,5051248.882193855,5447484.635774576,81838388.73966113,234441557.27100804,132846703.67504717,135249497.72563255,22515267.328519527,235132905.7845312,88176711.2817604,96931440.78812361,-98421163.464949,1683929076.3019888,457993957.82955235,525401420.45347923,130.57733333333334,506.94233333333335,256.3735,262.3050833333333,159.79033333333334,616.1446666666667,312.6095,319.51435000000004,33.848333333333336,49.92666666666667,40.552,39.475750000000005,2.1892913542120493,2.0742892451402906,2.1466042963050094,2.1490406160369337,0.7685655706726725,0.7799040849747577,0.7723400185758651,0.7725340506784024,0.08926476987459789,0.08603304539524186,0.08893387766533005,0.08813366630682327,0.042943173572952804,0.040142062492689645,0.04155003481811016,0.0419627846948607,70.42947585877592,72.98646165727229,71.96715005256569,71.32442088824965,60.14896939451731,54.65123549608686,57.553350574620865,58.224762530066656,1321.2782288532019,6615.526566703655,2916.286988713433,3174.2651471008603,504.35750290325905,1057.5672868541349,742.5572514777385,697.9809272860656,14431489.343230233,65073265.35925326,30654287.89412461,32156110.948838294
39,18136.12935960672,78417.54401654673,37448.88034047104,39234.62448953572,112930385.92005755,506610804.51767546,238357104.3571392,250718532.42922384,19422558.285264354,76003676.5222918,38470874.574885316,39225949.66822396,3893364.0784241944,15607659.129584208,7905665.15087776,7993367.346330199,21476219.418969024,31034782.223462462,25281665.382840253,24821716.40054173,3184844.8144770465,4888890.817454854,3755170.8611956886,3781260.9155192794,15997336.20222217,72144417.76576503,33909121.50936053,35648814.74946217,10659179.920416005,17382805.001995787,13264160.969013916,13012448.698968928,4938266.296632886,4649301.201241816,4201750.814206068,4837128.513246011,85548708.62494224,248222151.93605974,139401638.5085558,142484413.78383335,27381677.295115326,258388652.58161563,98955465.8485834,108234118.64539042,-71039486.16983368,1942317728.8836048,556949423.6781359,633635539.0988698,137.03266666666667,530.7353333333333,268.1625,274.8286,167.635,645.0226666666666,326.922,334.72068333333334,35.132,51.611333333333334,41.901,40.899766666666665,2.1461472994197637,2.0322509988657287,2.1045799289067575,2.1062835942258515,0.7721510943542916,0.7835843944633116,0.7757670492034098,0.7761527493924486,0.08522998181513584,0.08210704050948722,0.08494166517086603,0.08413695235815882,0.04251407560022948,0.03947341446892781,0.04096087517139372,0.041449844204273896,71.2377451659625,73.76259937868423,72.79356882808004,72.12144414041511,58.96278410052106,53.54635124405718,56.42956238386552,57.0670326007587,1377.1511679802918,6832.993229736557,3022.43706335756,3286.6958895949847,528.960060699822,1083.0001522977716,765.3597517207679,722.8740927591043,15653048.410227096,70436169.45833088,33153512.24352113,34827140.77706342
40,19372.668710904778,83440.32929213706,39882.288013557954,41796.349914336075,121957147.8554683,544587680.7130247,256566679.03097132,269877834.35561305,20616652.601756074,80452538.34828627,40734244.851545274,41559212.61304164,3969768.6005107835,15842070.466977188,8037429.413041332,8125074.253774025,22513584.200427916,32379350.3363971,26424723.16007454,25966602.34801713,3346879.70638392,5108458.887423723,3924380.2488940037,3963432.419747851,17298386.725763116,77739488.74544798,36543983.59740653,38452772.432652816,10954591.210757803,17835450.63537388,13612231.114247944,13362892.00937343,4952725.027141986,4041623.022345265,4286850.068399253,4633839.325463134,90107030.73588774,261899299.88754565,147142352.2309109,150234324.938968,31850117.11958057,282688380.82547915,109424326.80006039,119643509.41664506,-39189369.05025309,2225006109.709084,666373750.4781963,753279048.5155149,143.58233333333334,553.892,280.113,287.1907166666667,175.59466666666665,673.109,341.441,349.7246833333333,36.394333333333336,53.205333333333336,43.2725,42.27818333333333,2.10567982244409,1.9932994988304054,2.064242532969686,2.0663467091793004,0.7755081118148848,0.7869150950406535,0.7792654414875376,0.7795005559439039,0.08131010213770828,0.07829327531239631,0.08105366096710788,0.08025421274884909,0.042000758152045736,0.03920030320178973,0.040545994895694236,0.041020598919456135,72.05654150552124,74.55910994521068,73.61010953688329,72.93244045941255,57.848855881783265,52.523004635249904,55.34511216911163,55.984807945496584,1435.3153510179345,6991.472271186723,3161.6717753426087,3379.9702730770105,553.6019296633636,1105.2709985773545,787.8964548971453,746.6861037832605,16939557.88800863,75991620.6776513,35753565.653570876,37607779.86438356
41,20658.715407225714,88509.05472285095,42339.68907074798,44406.33416769454,131498872.79230076,583542241.509207,275355276.5024686,289714051.84321797,21875862.465094265,84967164.93361624,43036351.74785084,43957818.32907695,4037518.3369558905,16016324.716212263,8144869.793130389,8230100.569695621,23601106.61883605,33688238.24391091,27579196.596317872,27131602.68761225,3507934.2003158936,5322251.516950775,4099335.2322905953,4142945.261138102,18668862.777120467,83486304.02873743,39296536.80483496,41354967.2151864,11249175.541657835,18276970.58146466,13947296.219670357,13708903.805590224,4582237.668440759,3944206.1720484053,4546707.888709492,4358926.644703436,94481354.12584102,276244546.3494247,155223841.3042437,158098471.40409532,37017518.666459724,307297695.1597823,120131435.1982248,131615580.43912262,-2171850.3837933703,2532303804.8688664,786505185.676421,884894628.9546375,150.36733333333333,576.6103333333333,291.9085,299.5523833333333,183.84366666666668,700.6803333333334,355.7815,364.7365,37.689,54.704,44.6435,43.64425,2.067534366893023,1.9560213604110577,2.026223320332083,2.028504814624335,0.778736435171647,0.7902623799236723,0.7826067758900992,0.7827705158348559,0.07751391046095672,0.0746029243631246,0.07728387997407597,0.07649506532671549,0.04147102491052891,0.03888156454783606,0.040073938092691594,0.04056471378358641,72.88296246752337,75.35464508284586,74.44687958942293,73.74805138288625,56.799187592369584,51.54220719448369,54.32450194195348,54.95924445310952,1501.1623952008747,7192.607687134853,3246.139800757071,3493.1682473777673,578.6881916283405,1124.0443073541774,810.1034334389667,769.5628321323834,18293572.178320248,81688152.10695371,38485001.85464569,40481675.153341964
42,21978.240454371025,93608.09682199235,44838.35477410595,47048.69018303849,141468226.42439783,623426864.1570569,294779112.46738183,310153749.6308285,23165272.765726767,89528075.98215798,45425838.833631,46392253.89147769,4094042.1289615785,16140975.952728458,8228170.038536754,8310468.967279986,24589122.778963964,34927107.491186485,28719248.37539702,28207417.42824185,3634025.3396939356,5514896.0880659735,4262272.95261775,4292330.101624149,20112894.9595164,89376614.26426165,42140369.31062887,44355196.71617723,11540431.478184558,18703632.05167675,14275636.20002497,14047551.678906824,3635433.0326055754,2788463.650588839,3291536.9791698568,3338993.748899718,98257186.70182326,289614892.69856614,161945077.57301125,165232383.80068326,43211039.72257455,333811971.4584907,132834034.89437054,144921365.8301452,41039189.33878117,2866115776.3273573,919339220.5707915,1029815994.7847826,157.12066666666666,598.8683333333333,303.82,311.73235,192.06266666666667,727.6883333333334,370.283,379.53165,38.803333333333335,56.04833333333333,45.9285,44.839083333333335,2.0310677988938526,1.920585931937944,1.990952577226881,1.9923991454592844,0.7819358118578156,0.793564140299796,0.7855860342262146,0.7860057268125087,0.07384788229669804,0.07104730457884406,0.0736409947041724,0.07286768009544915,0.04069293410516585,0.03858109007354044,0.03959315533979975,0.03995378869409696,73.72193677461739,76.15589310844632,75.28283432475547,74.57382149145752,55.79700060819431,50.609249747919556,53.378125569643274,53.98128780709815,1552.2561626851477,7381.112151522408,3348.3113410343567,3592.355758778189,602.0584036084463,1139.0037876664578,830.4427069686006,789.9892880287503,19724830.918845113,87531336.22638105,41303291.47537029,43457107.77648269
43,23354.374334065065,98819.56981057995,47381.03346739812,49767.19275084528,151990139.35655928,664844314.2160107,314900602.7972113,331489100.55736727,24520067.26139641,94268035.06259099,47858281.80934232,48931855.99181451,4143419.9326905143,16225485.677874584,8285179.200154328,8372142.943504939,25597155.366653524,36202507.294712186,29810806.403889794,29309028.541474055,3757467.991014756,5713861.863800743,4403912.783805222,4442205.846489851,21627509.35644523,95418615.11170223,45083741.680088855,47454396.37078518,11831983.126051882,19126044.292868398,14594839.537682114,14384904.534437664,3175486.1041537486,2668073.05818864,3286678.1883573453,2997891.5380659606,102695269.54004435,304428288.6457605,169992037.03740683,173301826.227045,49294869.81651493,360416025.57025033,144908565.75980446,158187274.33032233,90334059.15529612,3226531801.8976073,1064247786.330596,1188003269.115105,164.07766666666666,621.394,315.612,324.1383833333333,200.527,755.037,384.6215,394.6055,39.90533333333333,57.405,47.12,46.03021666666666,1.996022196438204,1.8873293014856747,1.956738454992573,1.9579796832048189,0.7851938381100296,0.7966430837070705,0.788770998739822,0.7892010740689939,0.07031144082235065,0.06762082597293421,0.07012122923035596,0.06936972562505489,0.040294311786855594,0.037931575884811865,0.03942906782520834,0.03946735422114029,74.55598641650961,76.96323333871791,76.12322083582592,75.39852283928252,54.829427992197814,49.73475024742321,52.46394342605627,53.04629078152671,1629.1015711422401,7618.341952574775,3467.499239926299,3725.3357046436267,624.7346318443883,1153.881293770848,847.774969416408,809.9359635186493,21220233.96365967,93514029.62355854,44216866.87010727,46523062.444624275
44,24755.20525934985,104039.07473465065,50000.25363094435,52504.55957570513,162879581.20483467,706971958.8336788,335914903.568182,353311913.37493014,25899720.071625885,99019391.32453173,50375641.912617095,51491605.01014294,4182092.287844738,16250653.391471319,8320735.205797621,8406088.674114041,26624076.082092002,37392019.48283042,30933220.807131276,30392856.272350445,3877147.254989315,5895396.699127757,4559968.935902307,4583534.56043777,23218461.376744412,101669642.47956176,48129208.85868104,50676374.76273048,12120153.099299723,19536429.17243957,14918492.20265943,14715849.72489867,2979504.63414159,2144127.1661832654,2543024.1407032968,2687122.5203561764,107518552.88582565,318925085.19696164,177563235.56912622,181510839.19472325,55361028.31900901,388046873.63671726,158351667.99905574,171801074.1802069,145695087.47430512,3614578675.5343246,1222599454.3296518,1359804343.295312,171.03266666666667,643.2203333333333,327.5645,336.29834999999997,208.969,781.5213333333334,399.1495,409.36231666666663,41.01133333333333,58.583,48.331,47.16141666666667,1.963188885633262,1.8553873979241835,1.9242001369596993,1.9254583649350847,0.788240885024553,0.7997650373795667,0.7918619924871341,0.7922743383488078,0.06691869706122217,0.06431990438198247,0.06672139950215435,0.06600911962348828,0.039951840920495724,0.03759085956778065,0.038560939866349044,0.03912549744704545,75.39103562814145,77.7681340162683,76.97283231762391,76.22302006398586,53.92564043106333,48.89478483567643,51.5924308959754,52.164840972677915,1679.7618930420717,7771.981388640637,3576.4737563974036,3812.038716501569,647.0538140458283,1164.502278818781,866.2419071618539,828.1607767163616,22798520.90348389,99726647.13240162,47235090.4195817,49723365.083605096
45,26201.24242119404,109254.59027370733,52628.513480607115,55269.91416957369,174267013.41453442,749878162.6985562,357371912.0233145,375730915.663942,27339119.024485014,103842452.333781,52905327.357276574,54115285.68273861,4212996.20064332,16228927.582862372,8334660.026603085,8418572.184419988,27579710.70656165,38597577.68244228,31990731.67146097,31435964.148119874,3962222.4725374463,6070733.341741643,4682115.009882878,4700201.276758915,24870859.563478027,108024003.64481595,51306005.854714125,53974459.991946295,12408528.649769094,19934524.984742448,15230780.330262141,15042627.367009766,1791168.241285902,1649635.644352685,1771692.0882327294,1741631.832359276,111383634.24748063,333616741.93305415,185141844.1582895,189165221.93743134,62883379.167053804,416261420.765502,172230067.86502492,186565693.72651064,208578466.64135897,4030840096.2998266,1394829522.1946764,1546370037.0218225,178.10966666666667,664.675,339.1395,348.4075333333333,217.575,807.546,413.225,424.06485,41.973,59.75533333333333,49.385,48.19681666666666,1.9318138928448187,1.8256542310141142,1.8927890835202066,1.894658011204072,0.7912714097187427,0.8026264538068061,0.795071172340221,0.7952456751495649,0.06366365278345607,0.06115402477621136,0.06345854382146468,0.06278528298092043,0.03966000835343313,0.03720623756932033,0.03848008316994868,0.038801188578993645,76.22156578410919,78.58497216425853,77.81502143670478,77.04875801716146,53.06164608526503,48.11270065957143,50.75139003575861,51.329515186272275,1755.689531011303,7912.83927905657,3675.081277947296,3910.6919428271467,667.4706138288163,1173.1471136239632,880.6143854050398,844.4573887571178,24431937.1807252,106045793.82505184,50387235.53522729,52996787.00623952
46,27663.63933449131,114452.7238749414,55284.14347583466,58039.81892364884,185947394.13609105,793467101.4251678,379442719.20504016,398579291.6872679,28806082.699129872,108640680.34254192,55501672.279802516,56748191.87432408,4231007.685810024,16163267.977095205,8331277.434380322,8407298.787759837,28525598.57997585,39801013.906594776,32958119.961705204,32471993.94429248,4042759.131348928,6236607.7614473635,4780338.282166956,4810606.1518833805,26592213.08180103,114498015.57394654,54547584.43119318,57359243.95405196,12689186.9904916,20321134.197326086,15535959.001664322,15360368.51288367,1620551.3570065936,1628134.4270899687,1375381.2456232742,1623205.4315357748,116343790.00848629,348844191.3572269,193119285.74906114,197718930.4805455,69603604.12760477,444622910.0679408,186323433.45597908,200860361.20672238,278182070.7689637,4475463006.367767,1581152955.6506557,1747230398.228545,185.11366666666666,685.084,350.739,360.10328333333325,226.09033333333332,832.311,427.3295,438.26756666666665,42.88666666666666,60.881,50.2795,49.184683333333325,1.9021200715265998,1.7965867093489007,1.8635077474544925,1.8651833947644052,0.7941747712712341,0.8056952800046383,0.7979967264708266,0.7982069493279256,0.06054844318699962,0.058120331150865394,0.06033954608587803,0.05969860397435264,0.039612709863921944,0.037020922296430406,0.03800183901338882,0.038705584215299904,77.04326812866265,79.4048789339976,78.66709094991296,77.86983191052988,52.24504401839191,47.345926803968766,49.96607889959914,50.53035299334381,1808.6442784834596,8065.164676652464,3767.190510784087,3998.426417842611,686.5870161283108,1179.08960147607,890.7896308553454,858.9629210000264,26140052.012180164,112481724.40478341,53605786.803497165,56359637.3495913
47,29175.24954244244,119633.82687214043,57948.22434209455,60835.75160783673,198130086.21374878,837760124.6315576,401904097.65033823,422000599.65998185,30325299.247307334,113524984.91346893,58156385.63279388,59445189.23046389,4243710.173060888,16047388.396422165,8304401.472371618,8374997.5512373345,29446997.73568488,40940979.93017369,33956505.944522806,33469891.503755964,4122085.1041871193,6386677.313714429,4890056.472422435,4914692.377521677,28361909.99650034,121078291.3560487,57882444.391669825,60812643.47234227,12967519.375263013,20689500.788659133,15834366.209848247,15670212.869951654,1195103.4866165796,898666.5564306508,1084412.7898634167,1091350.5610515045,121142832.06245866,363448881.5996816,201385932.76660395,205949949.4004867,76987254.15129007,474311243.03187615,200518164.88373435,216050650.2594952,355169324.9202538,4949774249.399643,1781671120.5343902,1963281048.48804,192.24,705.218,362.3075,371.78229999999996,234.74566666666666,856.7646666666667,441.3725,452.45231666666666,43.74733333333333,61.86966666666667,51.187,50.090149999999994,1.8733957480695562,1.7693687159203322,1.8360405548747603,1.8369862868173277,0.7971659471326763,0.8085448413299827,0.8007469994057903,0.8011485601017336,0.05757172762711859,0.0552211382425673,0.057364876285412654,0.056749021342525637,0.038924449260085994,0.03690964408801965,0.03791086766643234,0.03821926744986277,77.84939820163171,80.22784513440996,79.50409934479617,78.6818546281041,51.45437865967525,46.6297399702713,49.230885376319186,49.765755118383865,1879.203504346734,8232.904569094302,3864.146043655198,4102.998877008383,703.7856367541881,1180.634475035478,900.6060416104975,870.6827301526396,27892109.120413657,119020065.21377514,56916407.88075602,59786893.75309018
48,30712.35806114767,124708.52608646313,60646.90729347119,63611.016870008076,210673389.35947132,882044478.3965071,425049652.7161502,445653270.5224339,31899716.63523967,118387137.21890616,60858077.82912554,62170313.83952294,4246560.604547303,15890047.226755895,8263445.142277926,8321780.92232031,30332745.18340803,42008148.88993679,34914818.5797864,34419136.480693094,4190254.777226088,6529880.127914812,4983154.4147287505,5009123.649967141,30205229.97249058,127733035.03982304,61278353.59312509,64339961.746056944,13240911.519652938,21044278.232386503,16127186.775215866,15972089.869109686,738664.6139337209,496617.23824001884,752666.7284389711,653948.0324409251,125996899.41974361,378298180.94047713,209681810.09041741,214302347.95200035,84676489.93972768,503746297.45603,215367842.62573275,231350922.5704335,439845814.8599814,5453520546.855674,1997038963.1601229,2194631971.0584736,199.41466666666668,724.4376666666667,373.6505,383.1727166666667,243.473,880.0893333333333,455.1855,466.28871666666663,44.525,62.732,52.015,50.89745,1.8463932314504743,1.7434716297611206,1.8090212262917218,1.8103706708592004,0.7999761839067053,0.8113211671310401,0.803721684625366,0.8039469280352225,0.054729178518057,0.052454683085228625,0.05452986101612159,0.05393310511656707,0.03872960261151689,0.03657732314753531,0.037670479320876776,0.03797630479912334,78.6524525467231,81.04255280782652,80.34703551910043,79.4889876381093,50.71402158400515,45.94810493979394,48.504100896127156,49.045950758531234,1942.8681617130612,8276.065380357546,3970.9557822973975,4159.487188238631,719.0538890839335,1177.6806950340267,908.5761996437344,879.5732711664662,29719512.932062313,125664018.69473365,60285614.64755075,63300089.948997274
49,32287.38554132853,129791.91543757053,63345.45241494493,66413.97100501323,223660838.80747136,926967390.9633896,448452870.77177846,469818132.0620427,33523414.1748621,123304740.15464555,63596175.95969513,64946878.26778631,4244989.750971031,15714298.903179763,8206648.266958889,8259247.954244087,31227955.13942692,43046673.17390957,35822854.57416291,35364506.45149585,4252079.319824607,6658953.227871076,5056036.900225935,5094485.187640872,32105553.96121462,134414297.4024782,64772993.80025739,67913614.16565686,13511230.148732616,21391397.510723647,16408588.015040234,16269288.725429475,559471.2190369389,334892.3322545524,399800.9901983774,480868.6086631036,131253230.374142,393431585.03588283,218006142.20829758,223015654.5057513,92407608.43332934,533535805.92750686,230446728.56348082,246802477.55629146,532253423.2933109,5987056352.783179,2227485691.7236037,2441434448.6147647,206.69433333333333,743.268,384.807,394.49511666666666,252.31333333333333,902.9253333333334,468.754,480.02753333333334,45.292,63.51833333333333,52.7345,51.671216666666666,1.8207437859355926,1.7183992473144676,1.7834112553314068,1.784923197418199,0.8026994717562744,0.8141885317372768,0.8065673519967127,0.8067206427496252,0.05202316865764364,0.04982698583737167,0.051835559627041033,0.051254504670548456,0.03833154900022393,0.03622875335082914,0.03751006407426676,0.03759557052293575,79.44398003424517,81.84905086281053,81.16392993662319,80.28575482424304,50.00943185881925,45.288084541934055,47.819792079234595,48.35696029790943,2018.1822291757278,8430.502572008492,4062.1835713394926,4262.494349167195,732.2933298590722,1171.6683082624545,913.2233833246236,886.074572300256,31601008.403920695,132306671.75947608,63757447.90742252,66847990.57836507
50,33860.00703570771,134746.44408459778,66073.45415031037,69170.26000281924,236813405.6447435,971571842.0779661,472387306.4576603,493978858.39637136,35162945.19413684,128175503.2809436,66364709.80247963,67717340.5245192,4232034.175424773,15499804.184261348,8136531.9864931,8175753.678517574,32062938.80604967,44029806.20981799,36696324.18708266,36251342.39736858,4294959.686845604,6782176.506969065,5123640.47781401,5165485.573888816,34060956.77012702,141173465.1761321,68305353.1288027,71550334.7122288,13773478.52554554,21714611.16167884,16685998.309361469,16552874.948192194,248179.2540504394,129727.37201198073,178959.2477404414,206721.09533697885,136359338.78512526,408415817.0809921,226501393.05493027,231579106.18867862,100454066.85961823,563156024.996974,245885913.40273008,262399752.20769274,632707490.1529291,6550212377.780153,2473371605.1263337,2703834200.8224573,213.74133333333333,761.0393333333334,395.769,405.29563333333334,260.902,924.5076666666666,482.067,493.1639833333333,45.94566666666667,64.19466666666666,53.3785,52.332816666666666,1.7958827252207363,1.6947190926952571,1.7587204130542569,1.7604754538368188,0.8055116732922207,0.8169090353809197,0.8094691678925169,0.8095007500232654,0.04945601032761844,0.04733586814516398,0.04927939284186007,0.04871396056375937,0.03778683341324698,0.03641271041562356,0.0369004234158363,0.03730589036407878,80.21649110680265,82.65183256997098,81.97338968423053,81.06886061891157,49.326133026708575,44.66486428325032,47.15593013979179,47.694688966498184,2047.3237960252673,8513.426126494758,4149.690052143736,4310.459611689589,742.8719188487624,1161.8502804966622,915.3103708576922,889.5143454255274,33549125.821120705,139045108.64450842,67267930.61576676,70472719.80930641
51,35466.533527154505,139619.2566915054,68787.12796965758,71919.98663467732,250327626.76164126,1016231835.8118193,496537862.66576517,518394099.9292035,36846035.92046228,133077924.27231658,69189492.49788247,70527196.84361129,4214578.359034323,15266077.910035271,8055409.710958167,8082603.201884655,32879331.10936765,45011370.31450703,37567649.71093622,37125544.83116643,4334849.257443464,6902180.614458108,5189506.209419021,5233415.23239859,36052819.52131878,147876226.2014903,71914654.88882613,75191011.85937881,14034151.03150694,22027127.47846535,16952828.570744757,16831692.787942383,90305.29589179896,131795.0656479364,69487.48783262222,104826.71530644706,141689419.65303037,423545977.40350676,235228114.40041065,240339214.8656971,108638207.10861093,592685858.4083127,261309748.26535448,278054885.06350654,741345697.26154,7142898236.188467,2734681353.3916883,2981889085.8859644,220.84533333333334,778.097,406.5295,415.8834166666667,269.526,945.249,495.1655,506.02905,46.552,64.844,53.9975,52.9542,1.7721647623269001,1.6719275830239724,1.7352884110903102,1.7370817495708755,0.8082479585165598,0.8196543605587783,0.8122770744625774,0.8122401992313363,0.04702041763691783,0.044974099142327514,0.04685432792351106,0.04630420616381122,0.03754086049206274,0.03587100817933582,0.036730842420134475,0.03695641218260832,80.96618572280684,83.43342490650193,82.77362065979683,81.82971943710012,48.6759402063076,44.0671969502467,46.530004973273144,47.06288006668628,2123.234698429023,8561.79955918163,4226.235680708317,4376.732399692435,751.7461650243685,1151.1858928705826,915.9821334719111,891.5500697705434,35522010.84671152,145735776.31169492,70858095.96864904,74096828.75945571
52,37084.98079569611,144382.23199073353,71487.01947485798,74639.0187139592,264081193.9835595,1060606457.1889564,520807959.130608,542865036.1054485,38558736.05718019,137945400.05076486,72028244.1264841,73344068.45493482,4190090.364719321,14999811.606380727,7960722.445592096,7973492.799300813,33710844.67948861,45979754.24750856,38438919.134009935,38004963.02829559,4375248.909851951,7019129.007534261,5255370.221884511,5300606.9440407595,38094624.39101713,154591357.36394617,75557503.78615926,78868480.93154229,14288513.081600118,22324230.267117728,17213293.89723365,17101014.09653128,129816.89764351837,145035.05710651533,113685.79501925573,135143.2534555673,147311886.07428885,438591443.71349835,244143528.07483348,249259731.24801216,116769307.90927067,622015013.4754578,276664431.0557745,293605304.8574362,858115005.1708106,7764913249.663924,3011345784.447463,3275494390.7434,227.88833333333332,794.3313333333333,416.9915,426.1433833333333,278.07366666666667,964.954,507.8905,518.4817833333333,47.157333333333334,65.453,54.592,53.56081666666667,1.7493563707256623,1.650513869743214,1.7123929872711892,1.7147614953818056,0.8109915970135092,0.8222478415129674,0.8151918234039044,0.8149312825883196,0.044709398381402615,0.042734717071029334,0.04455338613333326,0.04401825992277197,0.037421199664251885,0.035862152360286816,0.03673175254385075,0.03687553310786411,81.6956389861198,84.21314606022275,83.5531567214716,82.57676646205584,48.04971240099223,43.504958025856354,45.91633787317447,46.45904836969467,2181.9215070837677,8626.327968693058,4307.297545177946,4437.46376864702,759.7170493577913,1139.2927083035165,915.8041404648766,892.5685299887951,37549144.014246196,152434775.3717729,74480679.39986476,77759114.98938054
53,38700.94752433657,149097.35057337774,74174.29596307762,77339.68859150098,278006830.8039666,1105310172.9401827,545404843.0579364,567563000.5516422,40308459.140933566,142812454.60232463,74902077.77020594,76184857.55242044,4158840.975924107,14724247.269835632,7861410.287635646,7856733.178793141,34542769.69251517,46961311.62074422,39297981.807627104,38889259.36739534,4415614.941368234,7135153.299114349,5320331.825769827,5367453.366579374,40167286.8881744,161261799.7178137,79209641.5583064,82550366.37854815,14534034.423909562,22617716.080895253,17463529.87785581,17363323.003854554,114611.18197332993,108614.8582934531,99700.54541587949,112512.46868537305,152941239.41798928,453559485.4726906,253033511.89568147,258157625.53713474,125065591.3859773,651750687.467492,292371331.162255,309405375.0145074,983180596.556788,8416663937.131416,3303717115.609718,3584899765.757908,234.78766666666667,809.91,427.238,436.0804833333333,286.482,983.8453333333333,520.356,530.5591666666667,47.74133333333333,66.05566666666667,55.15,54.151349999999994,1.7275295436379623,1.6298444513284933,1.6907371065739878,1.6933397613296481,0.8137069451514695,0.8248375294579846,0.8179827808107358,0.8176026496587497,0.04251634488643279,0.04061114759856707,0.04236997329522191,0.04184952583567979,0.03711159188023794,0.03526723200161529,0.03618630223468582,0.03646606592272001,82.41644589026781,84.98206618348526,84.32853419473017,83.31441299289392,47.45072880734736,42.960895583469416,45.33856551056652,45.87928717899008,2220.43116256192,8683.32455788113,4353.790754860708,4482.443850923643,766.8482670089099,1127.1016189140173,915.1215842620569,892.9369401756975,39612179.09753392,159090968.57834342,78121193.86959122,81429755.41581725
54,40341.31564048983,153723.81376812718,76849.37952550371,80025.1899851629,292217502.4342125,1149848001.5259264,570111783.1675286,592388177.1163123,42069273.92673408,147742009.7948733,77808952.6213491,79054731.4805828,4122346.533184541,14424299.101874659,7745602.875491945,7728029.932226082,35373229.541177236,47935298.04445559,40166160.496826395,39769953.517324656,4456719.998366885,7248665.546966744,5384638.145022862,5433900.940376835,42272255.776410036,167983064.93344387,82918696.36404854,86271038.98137188,14778120.902784884,22896415.930213682,17705415.082753226,17619524.162384965,110165.70968723706,82218.21319746385,146871.94474029695,100384.08591581642,158632582.56004363,468590999.3210295,262062189.98079094,267118028.42638868,133584919.87416886,681257002.2048969,308049593.18673766,325270148.68992364,1116765516.4309568,9097920939.336313,3611766708.7964554,3910169914.447831,241.61766666666668,824.9963333333334,437.261,445.8002,294.76166666666666,1002.167,532.532,542.3535333333333,48.306,66.62266666666666,55.6995,54.71683333333333,1.7060770267955079,1.6100594384647575,1.669965852812061,1.6724708708797453,0.8165804059195828,0.8274141248075764,0.8208144461885128,0.8203722075303805,0.04043501218093903,0.038597181585457996,0.04029785791991863,0.039791771472520665,0.036722281341110774,0.03513257327028701,0.03603107116390947,0.03616588351632245,83.11371444907915,85.7341036649388,85.07894088717269,84.03085067463003,46.85874029903236,42.44161203319866,44.782063516683934,45.31274540599057,2284.924623260182,8746.155969665984,4431.879621432309,4546.355594502213,772.9664427431161,1113.9500438908885,913.6797509992913,892.3107031448365,41701024.620594986,165796525.9410274,81810726.45869046,85134450.08274633
55,41984.27778004389,158194.6681691126,79529.61457145838,82657.91441621794,306568504.7018958,1193744492.2272353,595130191.7426435,617080100.3357646,43858883.65568763,152611432.46818432,80792140.28432977,81922275.74006148,4080869.4193718573,14108365.47035142,7621799.254537589,7590493.037214704,36212447.59182303,48902709.247007325,41045512.00449468,40654039.171137534,4497683.588124691,7360172.63997728,5449767.942985269,5499554.756273096,44417860.06381418,174655376.24838978,86646761.03096552,90000990.72841564,15016934.840993114,23160352.324365813,17941257.877419703,17867130.96017356,131825.92054046405,140738.8634580034,103994.95550368246,134945.45056160283,164425489.33029875,483525299.8492712,271110045.325785,276110423.0119391,142143015.37159708,710219192.3779641,324020146.4168584,340969677.32382554,1258908531.8025537,9808140131.714275,3935786855.2133136,4251139591.771656,248.33333333333334,839.1793333333334,447.2255,455.12943333333334,302.91866666666664,1019.369,544.648,553.6762833333333,48.857,67.15866666666666,56.2435,55.262583333333325,1.6856266953110768,1.5913718737916958,1.6502106842325757,1.6526375077792934,0.8193729748706762,0.8298308340998019,0.8234780896309106,0.8230332256008701,0.03845949744660238,0.036686954165341464,0.03833115061029642,0.03783910729816106,0.036634785343317884,0.03486168422721058,0.035878019633815775,0.03601419995268033,83.79442825339652,86.47255514785482,85.81603119551323,84.73177266645692,46.295607950666444,41.948723126305325,44.25286368582482,44.774198262140054,2340.938794729223,8712.704078003466,4519.974223344912,4571.056643875208,778.4871237451205,1100.5515757579844,911.1894907081871,891.2096819496228,43832625.36513187,172477200.22888893,85516767.4751293,88858226.56744684
56,43632.03378433157,162646.67473848016,82175.71561260567,85287.15811828358,321149726.5764917,1237873001.332787,620102343.4722575,642002872.7411951,45690705.8089169,157534674.38168776,83787987.03704967,84836094.8093867,4034192.30676305,13790086.629474264,7491392.557205616,7448755.319711974,37050866.07073619,49873310.63675244,41902265.3154913,41538721.66884188,4538897.759363902,7469264.483734713,5513476.380492864,5564526.112893686,46581234.42318744,181278970.15172234,90408613.14023176,93725441.92817464,15251646.97454383,23415262.4886946,18169117.394400343,18108912.4044966,142558.71344204238,88694.13287167494,85571.10000029164,123706.1102424138,170270742.0128246,498355793.0576924,280187032.98370546,285100509.87852836,150878984.56366715,739517208.2750945,339915310.48855186,356902362.8626667,1409787516.366221,10547657339.989372,4275702165.701866,4608041954.634324,254.94766666666666,852.852,456.7665,464.2141833333333,310.96633333333335,1035.9563333333333,556.2625,564.7128333333333,49.38966666666666,67.67833333333333,56.7365,55.790699999999994,1.665709948795902,1.5730943392701235,1.631245580836786,1.6332944854618794,0.8222210013198231,0.8323687836653805,0.8261221697227862,0.8257727251407682,0.036584220665678555,0.034874925057316306,0.03646428467062617,0.03598596720275177,0.03628606720080016,0.03492590786134641,0.03562782925905068,0.03581001143199135,84.46939320047238,87.19196961506101,86.5407629227879,85.4222949455784,45.74949232998536,41.47000485251094,43.74442171492845,44.25167171286931,2383.8348716122596,8869.185270548134,4556.337515341011,4653.707511239816,783.4450045769154,1086.8827421692165,908.3876840433794,889.6482127342208,45985275.705284365,179061673.8340853,89269528.76139651,92562015.05036469
57,45267.56565518139,166811.69445823558,84755.93040881192,87808.01073625035,335758812.9974122,1280359428.0993304,644867064.9891342,666369028.2830836,47554053.60500366,162318179.96583554,86789019.12737021,87721497.83129482,3981945.2844995856,13449363.604081657,7353722.065339405,7295541.696353311,37901911.07263489,50825037.23211817,42773511.89755102,42425005.22845404,4579703.513078738,7571359.481768054,5576504.59704748,5626783.102119999,48777543.4595403,187866494.88582602,94164840.06645074,97458676.4587403,15477148.675477453,23652465.950098906,18387305.716879945,18338509.72159496,142579.58101056295,101216.12331236343,74264.95395632964,128102.37081619311,176168057.84128264,512924163.4813568,289254553.0622835,294032694.8153086,159590755.15612963,767435264.6179737,355612511.92685074,372336333.467775,1569378271.5223505,11315092604.607346,4631314677.628716,4980378288.102098,261.47866666666664,865.1593333333333,465.9565,472.76689999999996,318.91133333333335,1050.8973333333333,567.458,575.1064333333334,49.919,68.14733333333334,57.2275,56.29891666666667,1.6471217178759021,1.5557161226646659,1.6132072893031872,1.6151297595519694,0.8248748460281953,0.8348265708559147,0.8286747190128331,0.828357949717897,0.034803906395697574,0.03315586003624829,0.03469199784755335,0.034227090169890326,0.03620377136577031,0.03481944550377951,0.035736983523893796,0.03571925731407353,85.12434132116242,87.89884254250696,87.24697668690979,86.09541674863301,45.23999201017541,41.01553219211102,43.26133196408385,43.761431073852876,2420.337892266172,8742.178743631825,4597.954182448527,4632.98219024415,787.7574958782292,1073.127278607886,905.2870281785345,887.6369198336091,48172458.986473754,185680950.19991806,93015351.52083862,96300430.91117926
58,46932.1215457445,170859.7432824445,87359.86563074555,90306.7891535895,350643272.0648407,1322385918.346695,670042252.892862,690753198.2634897,49480773.27575574,167071113.23309168,89806054.42846508,90637392.26082332,3929132.6035333737,13094805.772302281,7211380.209283253,7137118.2126024915,38756380.06847749,51786284.69302944,43651564.46871327,43316846.68707067,4621195.583792738,7671339.616250305,5639502.956061136,5688745.995152887,50985338.246957295,194238484.0920839,97895857.18010096,101123939.2927516,15700377.12726426,23876942.28774062,18600926.264778405,18562174.933430985,133810.3300326139,114172.18858635295,103999.65768639493,126936.98052642257,182147156.44195208,527202237.30179787,298374154.9539598,302916434.7428981,168496115.62288865,795183681.0448971,371668097.9389021,387836763.5205916,1737874387.1452394,12110276285.652243,5002982775.567619,5368215051.62269,268.14033333333333,876.697,474.987,481.1351666666667,326.9923333333333,1064.9113333333332,578.4035,585.2639833333333,50.431,68.611,57.7125,56.794,1.6295690921268988,1.5391740687804973,1.5954726326828281,1.5979308339556584,0.8273784010473343,0.8372066018217783,0.831361649637742,0.8308182713183897,0.033113566603668945,0.031524813491185646,0.033009315134957105,0.03255750301429979,0.03577406943966165,0.03453968787342567,0.035122157548369316,0.03534203589147906,85.75226505676811,88.58865507636449,87.9419220540091,86.74500156362684,44.75866377442533,40.58072369060363,42.78455097852266,43.296384745087735,2486.0651893818294,8738.279508737387,4663.189726923374,4674.340201156275,791.5691722162661,1059.6929538625054,901.8388623734144,885.4124957924498,50363821.949611835,192053914.21489954,96730059.74837013,99955354.24246253
59,48586.30123727204,174753.44692988528,89901.35491084543,92744.80222968667,365666238.5636408,1363391876.4944339,694978326.1008862,714870211.8394183,51417262.473335996,171807121.45510656,92938488.57948333,93553713.1169557,3872314.3358630496,12741528.103329353,7062549.662620036,6976539.154476256,39597229.19192109,52739592.41079327,44517397.50126106,44197056.31852636,4662629.4743916,7768340.27794471,5701173.787437459,5749628.255635189,53226989.027334735,200535405.06640974,101683142.90291825,104784934.64101097,15918284.853428049,24085453.26452886,18803987.570037615,18776793.797313333,139001.7965243883,135894.35892851575,109167.81973475753,137914.1933658329,188168649.67978874,541314048.5979245,307597776.42233145,311769539.30113626,177497588.88385206,822077827.8965094,387380549.67855483,403100672.5382821,1915371976.0290911,12932354113.548752,5390363325.246174,5771315724.160972,274.567,887.5536666666667,484.01,489.11233333333337,334.80733333333336,1078.086,589.397,594.9548666666667,50.906333333333336,69.042,58.1565,57.253816666666665,1.6123478047829412,1.5233621945681577,1.5794570921001696,1.5812028412077668,0.8299802469054149,0.8395024705341169,0.8336121064210177,0.8333130251754606,0.03150848449654715,0.02997711200633309,0.03141153257902802,0.03097250412497223,0.03560891028806985,0.0344006555440701,0.03527590019224225,0.03518602112766994,86.37693977190158,89.25629629927893,88.62349783115532,87.38471455648364,44.2841276884629,40.16641403728611,42.354972660557934,42.842927910551026,2521.992870434539,8710.069257621944,4707.21987595585,4687.819605950131,794.8624000736881,1046.6724183448293,898.003453592038,882.9959064685876,52596490.809726104,198357887.75200424,100506337.9339293,103612979.73952344
60,50219.34255774053,178651.86175593088,92410.25161976855,95170.72427710715,380589174.79763544,1404651792.944584,720020423.8998618,739011091.1490674,53374202.05359819,176756849.52790895,96033647.15659125,96558128.66960695,3809010.4778548493,12389607.976737324,6910323.475785778,6812219.602463715,40454773.847939976,53685657.44232442,45400696.642434485,45085583.10597453,4703455.431769737,7864475.964066123,5762237.35102159,5809812.618073473,55489330.37145295,206706484.22316566,105430476.35776041,108415334.2195524,16126693.237021364,24293908.227219507,18997678.8144447,18985218.483590715,158603.0768933868,87631.9083633428,77940.68192550149,133763.1679078714,194239671.77240825,555458106.6850287,316719356.31458104,320666123.9918254,186349503.02522722,849193686.2595552,403301067.5852808,418344967.157242,2101721479.0543184,13781547799.808308,5793664392.831455,6189660691.318214,280.813,898.695,492.533,497.07169999999996,342.39566666666667,1091.604,599.754,604.6185833333334,51.385666666666665,69.44433333333333,58.604,57.706199999999995,1.5958550352177772,1.5084815703459329,1.5636488245921205,1.5652743225126315,0.8325077858041449,0.8416874894603634,0.8360271049835558,0.8357206820838214,0.029984199288578126,0.028508338903075598,0.029894202023803863,0.029467648153652243,0.035591147036597916,0.03402227043720146,0.03486837123106441,0.03504204022680916,86.97838781548111,89.90216171018174,89.29683681566576,88.00170867862633,43.83296075169965,39.77627614752317,41.929711244767034,42.413121140237884,2557.578347627375,8790.810996002292,4734.909770509945,4739.209774558596,797.7798554394716,1033.9105121555385,893.9729480840838,880.425585290095,54849935.784546115,204508781.47416505,104246748.91513294,107230531.77591273
