month,users_cons,users_opt,users_med,users_plan,revenue_cons,revenue_opt,revenue_med,revenue_plan,labour_cons,labour_opt,labour_med,labour_plan,tokens_cons,tokens_opt,tokens_med,tokens_plan,eng_cons,eng_opt,eng_med,eng_plan,compliance_cons,compliance_opt,compliance_med,compliance_plan,sales_cons,sales_opt,sales_med,sales_plan,gna_cons,gna_opt,gna_med,gna_plan,onetime_cons,onetime_opt,onetime_med,onetime_plan,total_cost_cons,total_cost_opt,total_cost_med,total_cost_plan,contribution_cons,contribution_opt,contribution_med,contribution_plan,cum_cash_cons,cum_cash_opt,cum_cash_med,cum_cash_plan,gen_heads_cons,gen_heads_opt,gen_heads_med,gen_heads_plan,floor_heads_cons,floor_heads_opt,floor_heads_med,floor_heads_plan,eng_heads_cons,eng_heads_opt,eng_heads_med,eng_heads_plan,blended_min_cons,blended_min_opt,blended_min_med,blended_min_plan,auto_share_cons,auto_share_opt,auto_share_med,auto_share_plan,tok_task_usd_cons,tok_task_usd_opt,tok_task_usd_med,tok_task_usd_plan,churn_cons,churn_opt,churn_med,churn_plan,arpu_usd_cons,arpu_usd_opt,arpu_usd_med,arpu_usd_plan,min_per_user_month_cons,min_per_user_month_opt,min_per_user_month_med,min_per_user_month_plan,adds_organic_cons,adds_organic_opt,adds_organic_med,adds_organic_plan,adds_paid_cons,adds_paid_opt,adds_paid_med,adds_paid_plan,marketing_spend_cons,marketing_spend_opt,marketing_spend_med,marketing_spend_plan
1,262.419171711612,294.45347544755026,279.96280579056094,273.63117801919043,1037959.9741448765,1245601.0901655739,1147862.1487794933,1110634.3647521206,931326.4351506162,956308.2938372118,942501.5342720709,940070.0856909247,211262.36958513578,224015.5022985084,216784.21592317137,215725.96603481617,2920062.509215688,2897743.34396726,2872204.9810425956,2912250.801378738,409076.55193123483,418543.89778576844,413396.26826449286,412390.1229803216,309004.8961770405,313572.6514128532,311431.07293761685,310603.61050957494,1991349.3623016141,1908586.6906369806,1889437.6718195078,1962382.4272189923,151533.87150758374,92329.52899031929,105712.27311884046,130812.35162654117,6978514.146693187,6876218.837754483,6812206.149752385,6942710.788564641,-5940554.172548309,-5630617.74758891,-5664344.000972893,-5832076.42381252,-5940554.172548309,-5630617.74758891,-5664344.000972893,-5832076.42381252,8.728666666666667,9.205333333333334,8.917,8.8955,11.632333333333333,12.183,11.847,11.825066666666666,7.534,7.568666666666667,7.5,7.546133333333334,9.114998088475554,9.037819828266656,9.069824029364034,9.08798569740244,0.4124828190096875,0.41237542850237485,0.41281342848129554,0.41244523233212804,0.3267676701494565,0.3217813910904214,0.3230975800219293,0.32502247247879423,0.10096552304405473,0.09573987086948278,0.09864543599992608,0.09913654478295456,44.39517517494827,47.159264029671505,45.695477288327005,45.3626062741014,251.22207278442042,237.88894135616604,242.27391110936185,246.55547678453138,36.01958470816183,54.29060565141274,45.72429175046724,42.41444203829965,27.602631625463108,27.708025227373035,27.649207457777084,27.63951938613158,300000.0,300000.0,300000.0,300000.0
2,306.7710589942,362.3832155227125,336.76620963994264,326.23531377917936,1216064.8573004783,1537010.0666526295,1383560.7412587795,1328395.6805737312,1024966.9074816098,1094031.024018426,1062911.1411591556,1049139.3482694956,238793.3914463424,266203.4881789332,252090.08797909913,248386.92530274918,3089652.5584601415,3099966.0859604315,3055807.372436506,3093262.293085243,410178.6888930852,420216.469011734,414766.954852264,413691.91193461226,310688.6114819047,317363.45858629374,314265.38025637955,313024.8079684409,2120197.593216557,2069374.9490179198,2031351.314048171,2102409.667747034,106582.51973932059,163612.4673360972,154949.18329215265,126543.0013981924,7365374.124663737,7511132.797919553,7359349.70272332,7416389.660303272,-6149309.26736326,-5974122.731266923,-5975788.96146454,-6087993.979729542,-12089863.43991157,-11604740.478855835,-11640132.962437434,-11920070.403542064,9.71,10.719,10.184,10.06315,12.794666666666666,13.971666666666666,13.3635,13.206616666666667,7.877666666666666,8.004666666666667,7.887,7.922116666666667,8.713709121987291,8.627492792128091,8.663346981331278,8.68353340653657,0.43493757924069987,0.4352319616779066,0.43555429029753145,0.4350406130937222,0.315714472224469,0.31059611500081924,0.3120879494657312,0.3139230471961916,0.09873753863468133,0.09175734382821955,0.09461384025400373,0.09629447045241972,44.510745318904945,47.30431059154606,45.82409865245037,45.48849316432934,240.16861638598002,227.07559988256898,231.41964666942874,235.58606060978616,42.6254529492777,67.19741692375572,55.707596552225176,51.22564034034501,27.57142790223563,27.73991100644519,27.64969303259894,27.630396988708974,300032.2482445853,300564.10435535485,300338.4811183232,300218.3978833546
3,355.1188428590445,441.2035069111478,400.65245863450144,385.2484752772807,1410607.2114749714,1876338.3617553234,1649554.8129190907,1573613.1140730944,1117759.8921583458,1246427.6737330894,1185686.502530409,1162793.615709506,267236.9630301146,313044.6877357983,289947.8220996073,283269.6666771039,3256669.4126646244,3302765.73184162,3233645.400286206,3272803.1243765727,411382.0979416688,422165.55847410974,416310.14538675715,415156.3091280231,312845.91465369234,326203.0774427185,319188.5827817843,317520.9216298515,2247554.201937815,2233458.4777205386,2174650.598155449,2242620.698461768,143176.32584536108,90314.06606653059,100205.52535472026,124674.5349227704,7831223.117809911,8032475.662340314,7806940.220494862,7901661.508395553,-6420615.906334942,-6156137.300584991,-6157385.407575771,-6328048.39432246,-18510479.34624651,-17760877.779440824,-17797518.370013207,-18248118.79786452,10.643666666666666,12.308,11.4465,11.226183333333333,13.909666666666666,15.888333333333334,14.874,14.6022,8.202333333333334,8.425333333333333,8.249,8.280383333333333,8.28200113335688,8.187596128096246,8.227455166922903,8.248959381515657,0.456211265117366,0.45688730579559794,0.4571021206708336,0.4564478793547472,0.3050869561114837,0.29985022338860096,0.30150419320765637,0.3032540996584747,0.09459958857086864,0.08928405661589298,0.09150861914152895,0.09273915238662715,44.626681131725384,47.44987467166036,45.95315054533785,45.61479887070263,228.27613230375192,215.4840521676064,219.78188385929604,223.798904256101,49.634269383321005,82.94334761103038,66.82491906444106,61.292446763019285,27.569511970570655,28.147805621899863,27.802514312115846,27.771914748535877,300437.34730786213,305467.2405399609,302482.353015674,302197.8099390967
4,407.6094140363196,533.6921622833182,471.71195368972724,451.73837592276914,1622811.1579372776,2275784.263869695,1946869.7553152542,1851351.7450136235,1209468.2069759562,1413180.9089006353,1309281.1566840392,1280767.652649594,296779.3782513642,365796.8367914599,330100.9292156564,320935.48874039773,3415616.1511375005,3509271.091608074,3420126.0529348995,3448395.3803022015,412692.42069669586,424457.9588681731,418019.8705775068,416810.35905671294,316774.09950663877,347988.23735073925,329280.5104508919,327699.04775207397,2373710.8896864397,2404407.2553476663,2315695.237727777,2384454.617667869,101626.27561181408,92601.27218294534,85585.37212084122,98467.52441171001,8212482.2993737245,8676656.726498552,8311146.62148166,8374943.348867414,-6589671.141436447,-6400872.462628856,-6364276.866166406,-6523591.603853791,-25100150.487682957,-24161750.24206968,-24161795.236179613,-24771710.40171831,11.539,14.022666666666666,12.712,12.408283333333333,14.983333333333333,17.951666666666668,16.3815,16.02225,8.500333333333334,8.848666666666666,8.6205,8.622250000000001,7.847255300714615,7.745473406566741,7.789146436870293,7.811631637762859,0.47636522336502474,0.47742572711372167,0.47754227374713176,0.47673639967706866,0.2948672231058594,0.28952499537253135,0.29132838332968514,0.2929974433991946,0.09177206635917771,0.08605531748796622,0.08835597904750397,0.0897712042542537,44.7429839210544,47.595958304936204,46.08263457350494,45.741524955413034,216.29949465949258,203.83457017202397,208.0795492742731,211.93677108887857,57.233720651748904,100.7111895951766,77.9439377022891,72.4508347819486,27.703220143880184,29.62843289246192,28.395451242431314,28.37704460588379,302465.66934370156,322810.43995194504,309794.5260253196,309586.3390565868
5,464.1927355801786,642.0960041511553,554.7439701566432,526.4588795800205,1852296.0587248115,2746573.4959301637,2295589.915682723,2165293.161746685,1303671.8357081886,1598763.0710802567,1449152.2857322055,1406953.7680884125,326916.1811003219,425231.34529025573,375536.48557832587,361326.48856679874,3573251.344504924,3724457.6551768025,3608362.667147096,3626173.5532400818,414105.231529685,427138.95005983935,420023.3937667595,418667.03301523905,324508.1416067165,389228.699764037,350977.29952733056,347160.3369617787,2499597.190674087,2581697.8320658803,2465056.0228153295,2528332.415161215,113953.58429354869,90400.75722143403,122738.36782855379,105710.09481830856,8653953.899605671,9380478.29773909,8913367.761212593,8908237.438952368,-6801657.84088086,-6633904.801808927,-6617777.845529871,-6742944.277205683,-31901808.328563817,-30795655.043878607,-30779573.08170948,-31514654.678923994,12.409666666666666,15.876666666666667,14.097,13.623116666666666,16.045,20.205,18.0435,17.501,8.787,9.28,8.9895,8.95955,7.424272340953298,7.316440453543417,7.363715471551037,7.386531180359839,0.49549715649939957,0.4968866681770302,0.496893371884331,0.49598348558657024,0.2850381783689336,0.27960255788740185,0.2815433965988249,0.2831357112003975,0.08940700324449576,0.08382827536424899,0.0856188757169933,0.08745444848640939,44.85965499963172,47.7425635348749,46.2125523499341,45.868672986966835,204.64732224357073,192.5298459295543,196.72033913791512,200.406205533665,64.62297698944475,120.14778018794884,93.42568486609005,84.05665810892118,28.161197998575307,32.72684759623969,29.88144620118089,29.75917535775784,308352.39735935535,359191.7547170498,327620.87831080804,326146.1724345484
6,526.720125764598,772.0738221244477,648.7850315981046,612.5939194905454,2106609.981298284,3312032.543808422,2690948.9313456975,2528507.8781768326,1396103.9579678199,1814018.257726343,1605938.6684405087,1542373.962883303,358980.7296693173,493971.53856196627,424826.14654521726,406227.5127817445,3745350.9155374076,3952277.525036679,3801488.916094016,3817775.2288621524,415675.8185285598,430364.83892537165,422286.80201477284,420816.97566744394,338840.68790345703,453744.20910550945,387646.6773336449,379056.9203241754,2626588.0485346457,2771487.8115214203,2617666.740836005,2677302.965580017,106705.30071716543,130133.39819140498,104648.34231505891,114905.13483314926,9099649.220784025,10219068.430307567,9506931.197590869,9491445.944117265,-6993039.239485741,-6907035.886499145,-6815982.2662451705,-6962938.065940432,-38894847.56804956,-37702690.93037776,-37595555.34795465,-38477592.74486443,13.283333333333333,17.974666666666668,15.5505,14.9253,17.087333333333333,22.772,19.841,19.076966666666667,9.099,9.731,9.3575,9.3202,7.021028434742642,6.908127764708953,6.958537301873621,6.981513200230851,0.513658859017994,0.515365575317867,0.5152651334284819,0.5142562097229495,0.2755834929017396,0.2700658453878489,0.27213287645582485,0.27365231627187786,0.08639037428546896,0.08062678992537534,0.082401580864996,0.08437311975943619,44.97669568531327,47.889692413595526,46.342905494102155,45.99624454021206,193.53840206495772,181.77248069993888,185.8996910805059,189.42032958720114,73.16761823066992,143.73365318195798,106.8317881204316,97.86573046362074,29.146696461978852,37.66279413736275,32.65936619382056,32.12733064836321,320548.78334578953,417810.79581001995,360938.730303537,354590.4877082702
7,595.4004439578887,929.2677734676851,757.6746831568703,712.2540092863173,2387088.7858642084,3998412.046704919,3151150.042219659,2951051.927158457,1498563.9911301548,2059424.2742061885,1775235.7805422095,1694865.0902067665,392871.94835058827,574698.8726972709,479987.4726354713,456511.3718719272,3921985.0459371777,4195425.782811843,4011749.416457574,4017689.3038433106,417395.87882332486,434255.3941775545,424890.8626843194,423296.70919730526,361783.98443417443,541428.9569395386,441148.99008871516,424659.72481105186,2756846.682228692,2975202.7401918024,2778284.891618926,2833271.3025157806,156898.5176295032,153331.90210630393,107708.90693632755,155650.20219638347,9632587.565484568,11142697.50180143,10185784.577276278,10161126.04319547,-7245498.7796203615,-7144285.455096509,-7034634.53505662,-7210074.116037013,-46140346.34766992,-44846976.385474265,-44630189.88301127,-45687666.860901445,14.193333333333333,20.353666666666665,17.1545,16.349449999999997,18.202,25.674,21.791,20.8172,9.414666666666667,10.208333333333334,9.7585,9.692450000000001,6.641131646599373,6.523857276656834,6.576884511890612,6.600085617119484,0.5309380718976593,0.5329467571653042,0.532747100726265,0.531641111741335,0.2664875673950852,0.2608985615447694,0.2630811968760806,0.2645314153474747,0.08400503172724141,0.07821955157159152,0.08080690130286095,0.08198011367276395,45.094107301092336,48.03734700187304,46.473695632008045,46.12424119636558,183.07081207833826,171.64896925646445,175.70928726002725,179.07316709068243,81.83384160064833,172.94520948943207,124.38987178839403,113.72282036172263,30.837683381140057,44.31233732062203,36.71712074598906,35.55381225995875,341325.52403401234,498192.6545671806,410051.5221416167,396229.01972062123
8,674.1695511406654,1116.192396934912,885.8891376543417,828.8775471686517,2709517.1289981008,4817563.7599666035,3693877.17113626,3447333.4498370765,1608553.8109128866,2339816.2991064154,1967223.9601373742,1864495.6817806216,430444.22622470063,667242.1206233444,542923.984317879,513323.489264226,4101595.3305711555,4460676.060393485,4222002.093285238,4227273.586008971,419364.1442941271,438857.42953091016,428002.47601792857,426186.7941270012,394439.60647920746,650914.9699479165,511071.59963798587,484205.9836932556,2893608.4648304,3192143.7834163895,2950471.8082758766,2998095.8263354963,102956.03301827212,92701.56686223963,131684.89712997418,99366.96986366075,10094272.201963367,12094055.70264006,10948903.109332964,10794196.42720021,-7384755.072965266,-7276491.94267346,-7255025.938196703,-7346862.977363134,-53525101.42063519,-52123468.32814772,-51885215.82120798,-53034529.83826457,15.187333333333333,23.057333333333332,18.932,17.941833333333335,19.401,28.964,23.965,22.74805,9.728666666666667,10.725,10.1505,10.077383333333334,6.285988450093537,6.165103543424836,6.220950205328066,6.243678732759491,0.5473450702573939,0.5496283798758291,0.5492419981475282,0.5481442286238462,0.2577354978600917,0.2520851428324779,0.25437342800726004,0.2557578736004269,0.08161762390225877,0.07544310052116883,0.07770196949258533,0.07945654071887728,45.21189117512099,48.185529369176834,46.604924396200545,46.25266454304054,173.28713536516142,162.1992186497298,166.20242504695292,169.40636451476036,93.73609301906075,204.0484643787503,144.70450131911446,132.3454229949521,33.247977622291096,52.514062759263716,41.99124362381094,39.991107420231515,371005.58322444215,599902.8538532289,474895.4743082073,451119.62794451753
9,761.9432758279966,1342.135661026552,1036.2744706465905,965.0106106474909,3070062.2333931397,5810279.57512781,4332794.439844559,4029138.303000274,1731051.864542098,2663474.561589335,2186363.4928483623,2057399.808508631,470853.2394262738,775392.800278648,614449.7276703179,577442.0857246048,4284317.898070427,4729984.431991451,4454770.046952059,4440301.184942786,421554.0651977835,444462.64700047264,431615.7285919187,429572.0688287247,438096.9426356818,783875.2467470944,596681.7627352305,559119.3490746762,3035242.0743087884,3426196.8063476817,3133778.9050067337,3172076.2305224007,104489.45312559811,91361.336368348,93337.52757284475,99894.61226056056,10648009.005274707,13218354.54919338,11740371.56124202,11547629.945646243,-7577946.771881566,-7408074.974065571,-7407577.121397462,-7518491.642645968,-61103048.192516744,-59531543.3022133,-59292792.942605436,-60553021.48091054,16.261666666666667,26.171666666666667,20.935,19.73016666666667,20.713333333333335,32.73766666666667,26.4175,24.921850000000003,10.039666666666667,11.238333333333333,10.5835,10.459200000000001,5.955249459487543,5.831737187541328,5.889128437570777,5.912020164306368,0.5629301198544793,0.5654315506677027,0.5650123051531297,0.5638056206391074,0.24931304294834042,0.24361072391010521,0.2459953034931907,0.24731723128495808,0.07926185487182247,0.07330625901437413,0.07556643529763248,0.07717739632171555,45.33004864073139,48.33424159370937,46.73659342580615,46.381516174273685,164.17429982609795,153.41729364488378,157.34147914884235,160.40934766267299,104.09163270546836,244.94133596443734,168.5011190542244,153.3890288461075,36.54869118473485,62.12296519003295,48.318773808399676,45.499687086589184,412074.03445931466,722639.9127559853,554556.4829716743,520772.0918631493
10,861.5096842461028,1612.1134588356244,1211.0782515906697,1124.2210053524354,3480789.3875941276,6999837.642674327,5077508.87418441,4712456.276872197,1865919.0781965116,3036944.4230180206,2428777.912762391,2275777.94888404,515685.0912955607,900780.5832284053,695154.9056929153,650468.5134720562,4482658.54900825,5024547.571041768,4693862.5832915325,4672319.7067199815,424065.73144958424,451123.75126894173,435829.45947673306,433536.03838635935,491831.959904645,944474.0450731055,698576.5140799157,650256.6897136061,3184120.8305583266,3675263.9161268105,3326604.235523011,3356020.910507296,130504.19829330247,102982.23354039424,101587.38386832242,120871.51062978459,11278942.176842842,14501816.623429235,12649213.343599994,12406948.23314808,-7798152.789248714,-7501978.980754908,-7571704.4694155855,-7694491.956275882,-68901200.98176546,-67033522.2829682,-66864497.412021026,-68247513.43718642,17.423333333333332,29.702,23.1635,21.720866666666666,22.142,37.023,29.12,27.35035,10.379666666666667,11.796333333333333,11.0195,10.8755,5.648281778288493,5.522808943079482,5.58140011838147,5.604366285965339,0.577696441706531,0.5804136491742414,0.5799351064748194,0.5786474643202296,0.24120659287555388,0.2354611047058069,0.23793318939829466,0.23919567201614242,0.076679489607305,0.07150419608036782,0.07334698718782423,0.074868136872877,45.44858103645748,48.48348576244493,46.868704366557154,46.51079769055309,155.71535653431377,145.28052133081232,149.1251011726078,152.06316421308827,116.89024953949203,291.72843521573634,194.49117880398018,178.08361452617754,40.55308494795369,73.35238372622358,55.663448666149314,52.03283952034815,462609.3975197719,871541.9362691714,649953.7193789205,605735.7860820617
11,974.6276456498282,1932.6214271071365,1410.5349418082926,1309.925469159886,3947834.5194926835,8415428.831062127,5928496.126028926,5511492.528541989,2012939.3718777231,3468808.6680442938,2695508.7113337475,2522493.6255360227,564710.550635384,1043957.9172622728,784232.6746745806,732447.1289547951,4684818.1323656365,5333855.30071489,4945177.776884292,4911981.141287875,429427.07426697493,462115.1010659117,442227.0466041541,440867.88364660274,555606.4977548796,1136062.949813247,816919.9036487989,758766.2559753082,3340822.24563943,3941725.2765027187,3527373.9180014753,3551138.306441581,257854.9288889667,227576.9699936187,228882.90895684267,247257.64327559492,12055021.945746318,16053779.82819428,13754208.896039052,13454587.204603104,-8107187.4262536345,-7638350.997132154,-7825712.770010124,-7943094.676061116,-77008388.40801911,-74671873.28010035,-74690210.18203114,-76190608.11324754,18.709,33.724666666666664,25.5855,23.964483333333334,23.699666666666666,41.918,32.054,30.07608333333333,10.716666666666667,12.376666666666667,11.47,11.297666666666666,5.363269337803881,5.2367175058024955,5.296362904440039,5.318976196603396,0.5917758697351233,0.5946225334339901,0.5941001673684906,0.5927722020297267,0.23340313986725444,0.22762271911714332,0.2301740546513433,0.23137999260471556,0.07451377711827246,0.06885896443939303,0.07135160453110898,0.07253459268066467,45.56748970605646,48.63326397116868,47.0012588708197,46.64051069884574,147.86031843812108,137.74561527097234,141.50953954138404,144.32017232961903,131.2671122733694,344.34921364839136,221.1742900845501,205.84584775462707,45.21380290761274,86.27335711306397,63.99089407725011,59.58464687952066,522789.7196865373,1049975.6464011492,761626.3311276615,707304.7940366515
12,1102.4661280966948,2319.7098534423667,1641.6224591236141,1528.5014319676798,4477862.188777753,10132528.750010528,6917237.287630407,6456995.485209224,2175901.367539756,3975632.001665182,2996712.3431063737,2805807.089483655,618907.2305758974,1212186.8222914212,884360.8345377991,826555.0876763307,4902251.111779779,5660316.840405563,5207066.444416889,5167574.116798803,440287.7383559307,481629.7424123065,456324.3377495844,454757.43977566226,629165.3059423863,1365919.632262452,952872.4285750136,887029.3201544093,3503626.098157394,4230355.95133565,3739600.341545334,3757981.546769784,422207.56760338333,353959.53037155565,341556.3932568535,398320.7545722436,12929261.33235023,17809300.831612047,14944760.875470094,14637275.157091865,-8451399.143572476,-7676772.081601519,-8027523.587839687,-8180279.671882641,-85459787.55159158,-82348645.36170188,-82717733.76987083,-84370887.78513017,20.104,38.401,28.281,26.50795,25.400333333333332,47.60666666666667,35.327,33.17255,11.079,12.976333333333333,11.9375,11.743066666666667,5.098989535435013,4.971941366938448,5.033068933808155,5.0545226764612154,0.605208013443309,0.6081086310048968,0.6074205590970878,0.6062232295898647,0.22589025004912378,0.22008260524553067,0.22270544293155092,0.22385757436786619,0.0722890303732966,0.06693442249578445,0.06877969396991018,0.07041491761616735,45.6867759985306,48.7835783245158,47.13425859762213,46.77065681262542,140.5800434156971,130.77581831579934,134.4780852363259,137.1485646307329,147.02948575574678,414.42123041253274,254.3920386826993,240.61659638562185,50.46849600899757,100.9695505271812,73.15518899876037,68.14386509036184,592407.9345034496,1262314.324659319,889274.4189043388,826875.1710580038
13,1245.318877700953,2777.709743381782,1912.831861396913,1781.6556806892431,5072323.012889379,12170637.526659908,8081068.223156608,7556733.092709064,2353977.249360479,4549163.88648596,3346270.049258092,3122292.5723543973,677636.8659753315,1404149.1878989807,998008.7038147397,931916.1786486087,5131189.79091774,6011714.376946915,5491573.573398972,5439373.3960279515,460957.11665719334,509028.69863248785,482258.11900567036,477782.1703485464,712594.9279825379,1642178.3804786587,1111847.786318653,1037949.1363561801,3674292.389694068,4534212.720817051,3967938.334827719,3975264.505587112,512689.13058149384,540900.968431722,532116.299182803,522563.2738290737,13791775.877916927,19827213.945931017,16357976.117537279,15904179.201721858,-8719452.865027549,-7656576.419271111,-8276907.894380672,-8347446.109012796,-94179240.41661912,-90005221.78097299,-90994641.66425149,-92718333.89414297,21.616,43.669666666666664,31.368,29.33478333333333,27.240333333333332,53.98733333333333,39.083,36.60178333333333,11.458666666666666,13.621,12.439,12.215483333333331,4.854430591712366,4.726508429600577,4.788352722947424,4.8096578349732395,0.6178902869878756,0.6210077928619174,0.6202192849085681,0.6189814140437903,0.2186560367088288,0.21282837708695426,0.21551544592404678,0.21661635584117273,0.07058360140411678,0.06483954649471972,0.06728136345206061,0.06857318218582781,45.80796070976848,48.93738269182099,47.269145133778714,46.90325840348686,133.84122750138863,124.31448395977115,127.93853996102264,130.50686726182252,163.30491280943602,489.1962719083183,297.04877269636904,277.3668884940448,56.254942743955006,117.87689968902889,83.35980374710942,77.82262767473085,671768.6997801791,1519879.3125015793,1037585.593144561,968607.4142326692
14,1408.6284157724374,3315.187999288138,2224.7394132088475,2075.9242700029326,5757513.8356793495,14573737.753813947,9430766.502227893,8843192.20702646,2554181.152318073,5201821.24974762,3733796.286568559,3480855.186418414,742787.9847033316,1621598.6808418198,1125209.7617578346,1050371.7283518026,5375768.360078012,6404036.0890100375,5806983.4932402,5735662.06520422,499255.5702775043,561118.8889908489,531548.8154082207,520907.7318271749,806784.7590964725,1968679.189244305,1297247.9032834547,1213447.809648214,3854575.271519198,4854547.139536015,4204779.629313985,4204565.4253250845,914254.5893691201,975790.3059794585,1029219.0611944827,935792.0901827385,15052349.501126459,22349123.889759813,18228236.252147272,17606220.537148133,-9294835.665447108,-7775386.135945864,-8797469.74991938,-8763028.330121674,-103474076.08206624,-97780607.91691886,-99792111.41417086,-101481362.22426465,23.31,49.56966666666667,34.73,32.500883333333334,29.299333333333333,61.135,43.1825,40.44181666666667,11.862666666666666,14.339666666666666,13.0,12.729616666666665,4.627532593219219,4.4997910730229655,4.562045309846289,4.58282306115053,0.6299652123900784,0.6331641873556427,0.6323245243561624,0.6310848536280259,0.2116891348599099,0.2058481976052005,0.20859267787556754,0.2096448068207616,0.06831995209773158,0.06322248774435243,0.0658825407000962,0.06653583957404888,45.96572956938798,49.11860312692395,47.44844372539737,47.06923531452557,127.59157541057934,118.34845505932323,121.8896373156181,124.35648328763969,183.6454325584184,572.3342409812758,340.35067923985423,319.68651550641846,62.551316159334625,136.85801169556183,94.87190828629721,88.55865959701414,760873.400956868,1825595.628998986,1212160.2334734912,1133526.1807716093
15,1591.8247558845894,3952.831026942787,2586.0753112842854,2418.176950754959,6533009.869363388,17450655.87186103,11008997.39958557,10354185.970237562,2777310.6065937155,5957257.940581684,4174691.575260732,3890292.1734895045,813563.7043858983,1870452.608007044,1267121.4165836954,1183474.8206532993,5663063.26704289,6852743.5782807,6162238.503067482,6079451.375976124,555988.8047838015,634646.55062635,599628.6632559083,583519.0158286935,914642.8035156674,2355416.9661423066,1512492.2694782866,1418913.7604349912,4043447.1162265195,5197559.4768932825,4458038.030703086,4447386.442459887,1586345.102820491,1608600.1891110223,1454928.672736546,1594134.383022177,16700127.06160585,25388304.225073088,20212200.557012826,19740989.06881938,-10167117.192242462,-7937648.35321206,-9203203.157427255,-9386803.09858182,-113641193.2743087,-105718256.27013092,-108995314.57159814,-110868165.32284647,25.154,56.309666666666665,38.518,36.05848333333333,31.55366666666667,69.30966666666667,47.8,44.76826666666667,12.342,15.162,13.632,13.329,4.418621737848726,4.290504016790629,4.353536527871711,4.373780535478392,0.6411953464692461,0.6445821967556699,0.6435860969396049,0.6423807440694944,0.20497867704194972,0.19913075311770778,0.2019262513848134,0.20293190366846506,0.0668998246687667,0.06128543288533124,0.0639658107307263,0.06493478754456429,46.163116834665814,49.33383808957937,47.65891696443591,47.27286927388556,121.83235805551953,112.84122383849115,116.32083386461434,118.6854610795596,204.0629126550602,677.4252122808591,391.509176576409,369.73971752408977,69.59881773562755,158.00770030654684,107.64527892697657,100.5419266354493,863627.0753519023,2186060.6630720915,1414614.9753341842,1326478.8310539685
16,1797.1047458353207,4697.395283240603,2996.5765107736456,2812.2064339271697,7412885.245007118,20832584.3948028,12815070.532108707,12109779.947435606,3020345.9066177863,6823763.849741094,4660746.159740742,4351542.1867109435,890195.4248069972,2152766.4653566703,1423045.5780638694,1332095.2889993829,5989084.702210722,7363459.212006434,6566064.117808893,6470115.78063922,632676.028420407,729040.4615904522,682689.5318764007,666403.5800299228,1036618.069512825,2815474.5517245647,1762241.8932392856,1659217.838286934,4240504.649005945,5557600.296336011,4720103.475084481,4701488.125571468,2047370.7540907848,2060524.621339484,2026793.1935944876,2051974.6076278295,18249214.921665955,28590956.331867777,22520422.546850413,21868824.415236592,-10836329.676658833,-7758371.937064971,-9705352.014741708,-9759044.467800982,-124477522.95096754,-113476628.20719588,-118700666.58633985,-120627209.79064746,27.144666666666666,63.891333333333336,42.6755,40.006,33.98566666666667,78.527,52.843,49.57513333333333,12.896,16.093666666666667,14.3505,14.015183333333333,4.225732957917208,4.097568652882217,4.161580735923541,4.180875451154961,0.6516914293228088,0.6552421524152273,0.6540323842378477,0.6529341824051553,0.19851427029466945,0.19266522892777718,0.19550575436531914,0.19646710581625715,0.06536332485166142,0.05980189215119427,0.0619224681387803,0.06341682340649792,46.413332445657694,49.58918511918883,47.90594424858949,47.52488088139359,116.51515583341553,107.76002176691665,111.19379790095577,113.45085891014094,226.66635643326754,791.5046837816448,443.5691332058003,424.35977100519955,77.31867519059941,181.81656263384,121.81805870715398,113.8929357957336,979951.4804045081,2617598.380779154,1651349.6099378355,1553127.8955356341
17,2028.0841317463312,5575.103687325665,3462.0449163798535,3269.5409761990977,8420894.744208602,24858810.749004327,14881338.426982228,14174165.345887106,3289644.745923036,7820450.472205336,5200111.4069875395,4875426.750121841,974591.9111292579,2473739.3947897144,1593242.5757906677,1499293.5304104176,6369359.4771287795,7934295.652121645,7000295.215481928,6917087.1383762825,727754.005617811,844203.164985749,771080.9620509851,768511.2113965893,1174761.5320779064,3358444.036771398,2048220.7833405705,1939050.4087206284,4447895.020369667,5939541.342959201,4993556.276558966,4969971.233276004,2662235.6634953087,2663137.06084273,2540687.4591166885,2662551.152566906,20092064.288461987,32332182.640599824,24935496.18025146,24376105.71171023,-11671169.544253385,-7473371.8915955,-10054157.753269233,-10201940.365823125,-136148692.4952209,-120950000.09879138,-128754824.33960909,-130829150.15647057,29.351,72.522,47.1965,44.46085,36.669,89.00966666666666,58.343,54.988233333333326,13.549,17.137666666666668,15.12,14.805033333333334,4.049035723574873,3.9206471894165564,3.984365635210095,4.004099736619462,0.6611465826037412,0.6649481104062851,0.663789190046931,0.6624771173346315,0.1922859742468444,0.186441286140329,0.1893212281219177,0.19024033340956403,0.063383516949489,0.05831188367308631,0.06060877152718974,0.06160844530274806,46.72577384275221,49.8905210813165,48.18229989904887,47.83343537624971,111.64465587666716,103.0999997974183,106.4579187179306,108.65402624893005,251.3149813073553,934.2255102039104,503.8408140970574,490.3336664211496,85.86529631325564,208.07206080392888,137.28592544399936,128.63766388499127,1111932.7867510677,3124887.6592204208,1922260.579816306,1816466.9921153414
18,2285.8685956310824,6597.301979302271,3992.8354916832923,3794.8702799159987,9559009.686815724,29604500.118043233,17274996.312828917,16574931.337745352,3590033.231194627,8952696.8384188,5806996.939618657,5466965.493723087,1065473.602998512,2834331.9003014816,1781519.7246118088,1684574.0070545515,6779654.130118425,8581651.13587955,7505231.320711302,7410353.082134819,830118.8030184886,983397.6981146239,883379.3248369532,883766.4163021359,1333307.405597886,4001299.699057509,2375437.665545572,2267104.708308754,4662451.446789839,6343839.410637244,5277828.882116167,5250937.234136431,2824879.8395055695,2970616.585015753,2804221.8627985716,2875887.700434134,21591967.521647215,36214023.81956669,27349597.462003693,26709687.22591903,-12032957.83483149,-6609523.7015234595,-10074601.149174776,-10134755.888173679,-148181650.3300524,-127559523.80031484,-138829425.48878387,-140963906.04464427,31.765,82.221,52.2305,49.4246,39.613,100.76433333333334,64.4545,61.01596666666667,14.250333333333334,18.32,16.019,15.674716666666669,3.8866061291987415,3.7574662470244204,3.82044166933611,3.841407170437729,0.6697629597413782,0.6739570529638863,0.6729020522504149,0.671230892369256,0.18628428026400273,0.18044903960165348,0.18336314648492794,0.1842419460321805,0.0621929650811863,0.05671268762668809,0.059202962935586245,0.06027486797211192,47.08432720878571,50.24618218861427,48.530603487530854,48.1909764517257,107.16780368421661,98.80178947207149,102.08434175050664,104.23969870996582,280.6927758663833,1089.9123468274413,572.9476059929542,563.9196257027536,95.37134054419961,237.33158756682525,154.14593766411505,145.05742700211857,1263134.2116312904,3728821.6123506487,2232200.764047334,2126124.801883066
19,2573.876980570392,7758.454380962666,4599.6848001595945,4388.479070707688,10854964.822736992,35068131.99309227,20055060.962678675,19329573.332361337,3924502.4691028716,10217619.659762368,6493118.761839368,6127093.485833695,1164291.8941260201,3228470.0367044527,1989247.9475714942,1886754.2440284714,7251547.264523375,9285179.424630657,8104756.787380925,7963318.520560924,947918.0517854594,1122240.8484388161,1023529.5779736631,1008931.0306141342,1511449.3421710406,4752702.530875708,2754398.3951234096,2645887.958217674,4886968.310032503,6759590.32135314,5579338.294390991,5542386.013994725,3410207.3147153817,3456063.0702417945,3523602.5990949906,3426256.829149626,23671587.902751647,40653126.606159754,30530458.744763765,29615126.448944487,-12816623.08001466,-5584994.613067488,-10475397.782085095,-10285553.11658315,-160998273.41006705,-133144518.41338232,-149304823.27086896,-151249459.1612274,34.399,92.84266666666667,57.836,54.85428333333334,42.843333333333334,113.65866666666666,71.271,67.6287,15.061666666666667,19.584333333333333,17.095,16.6446,3.7362559600651277,3.6076161288068045,3.6706747581334493,3.6912320191247145,0.6777574370399188,0.6821453470718567,0.6810052960241952,0.6792932055510971,0.18050009160177805,0.17467903690669057,0.17762239594909024,0.17846272245849742,0.06039031852542148,0.055902920045819295,0.057801544174771916,0.058819729057560714,47.51408189051119,50.647175080923645,48.95372835068264,48.61066450715555,103.02742339592307,94.85578223730371,98.09204843737474,100.16734899040628,310.3915565947268,1248.1100526768935,652.5957927962876,638.5930302234851,105.87134255864359,269.5710778995827,172.94088954969385,163.16624992797227,1433851.4530223585,4440675.0177064845,2591249.446924337,2486239.7006618027
20,2896.7198466390037,9103.278115324194,5276.186828194918,5069.01524067882,12343184.2900789,41483217.43741294,23204056.192241073,22542195.89164581,4291928.257311971,11648622.197929792,7247004.482452572,6866771.136528208,1271828.8962954194,3668361.592694724,2214558.9024926634,2110615.340035176,7792681.012488968,10068360.162016233,8710813.252016349,8589168.71482351,1091789.196119988,1275942.1423554253,1164257.3590408273,1156242.727302391,1714142.1692830762,5621872.519607663,3190872.1485157087,3081847.7918966813,5121559.0841796715,7199057.2154366635,5889170.242445949,5848683.430119619,3833779.250562635,3526918.3127512364,3759478.8945826804,3726377.9223286454,25771313.568638653,45175251.400647104,33405678.175677374,32562691.80984161,-13428129.278559754,-3692033.9632341624,-10201621.983436301,-10020495.918195797,-174426402.6886268,-136836552.3766165,-159506445.25430524,-161269955.0794232,37.30166666666667,104.70666666666666,63.911,60.89341666666667,46.370333333333335,128.05466666666666,78.639,74.95984999999999,15.996666666666666,20.986666666666668,18.1655,17.743166666666667,3.5985720993039734,3.469066727934327,3.534965430200724,3.553245219324597,0.6848757849870779,0.6897549371880135,0.6878926022158826,0.6865834882574053,0.17492340547176805,0.16911939031914755,0.17208816344023004,0.17289200016835088,0.05869424091473979,0.05426174873806152,0.05621314303702968,0.0571428686529024,48.04922598768192,51.09830070886889,49.42227916192249,49.116402140097364,99.23029637111254,91.20896145050045,94.46553045564792,96.42282914889832,343.5897834901097,1446.6108825752915,730.4520164556334,729.6471681699234,117.50015717937559,304.3409685282768,193.8004398340317,182.894441151491,1628244.7234105486,5260219.79896384,3008259.1444018013,2899435.9998542005
21,3244.2363148755494,10616.504784374645,6023.889995445274,5824.530279200233,13969406.55319747,48806118.76794462,26745446.178074785,26162255.82835897,4682081.692766277,13233774.741156362,8065153.961944003,7675174.259702807,1382172.0026668976,4146554.6829007617,2452169.389664627,2349705.9407487498,8317240.210382731,10882886.02084388,9353784.524980212,9215216.244044133,1201942.9565512426,1434462.6522632802,1286539.1623763624,1283324.850050456,1945003.5382208137,6632334.954985605,3684023.32319712,3585569.5340884905,5359970.209594219,7647369.338348375,6205909.955117769,6160559.904658174,3212571.7118491516,3559640.851151591,3487036.7182650585,3334045.9106050055,26840746.06234674,50085679.98537024,35951847.525322154,34976472.93540497,-12871339.509149272,-1279561.2174256176,-9206401.347247371,-8814217.107045993,-187297742.1977761,-138116113.5940421,-168712846.6015526,-170084172.1864692,40.324666666666666,117.613,70.376,67.37558333333334,50.053333333333335,143.71866666666668,86.4935,82.83619999999999,16.874,22.413666666666668,19.273,18.812883333333332,3.47390841859493,3.3414978036218086,3.407435872740638,3.4275647033543377,0.6908244730817938,0.6966334404179149,0.6946676245590606,0.6928576116494363,0.16952173661666659,0.16374922607352246,0.16673008900729194,0.16750135792656615,0.057908210020220625,0.05288487943122912,0.05561038758766998,0.0561500443140736,48.597591772916516,51.5912204198126,49.926562059786605,49.645361799330146,95.79443656949171,87.85408098693861,91.05655870558621,93.01531211559812,374.103578835915,1639.4093574946526,813.6595774438349,816.9606013664732,130.19626753356056,342.12176402245103,216.33609609706048,204.37019130467223,1851477.643511835,6222482.615611941,3480608.428836161,3381329.3837468717
22,3627.108256930917,12356.321632000081,6847.717674372881,6682.332938205123,15787489.64707893,57314118.92412422,30696968.28193784,30321809.89404478,5106482.541571707,15038865.695162216,8952225.46175346,8582816.645328386,1498900.4613712677,4678790.179017983,2703549.4702725564,2611861.8625476183,8855774.52630099,11703430.408799663,9971801.74962634,9852454.085175525,1305153.9208789105,1566061.2749865574,1387510.92065598,1396471.4948165868,2198555.9670331925,7794211.054374563,4236976.598265401,4157035.2476026723,5604126.396687285,8121489.288483766,6529592.750968803,6485203.408816053,3031606.7485852814,2844165.6457017153,2770084.831971539,2966002.362576033,28436584.08427375,54739812.815789185,38178636.80875727,37642714.140304156,-12649094.43719483,2574306.108335039,-7481668.526819431,-7320904.246259376,-199946836.6349709,-135541807.48570707,-176194515.12837204,-177405076.43272856,43.587,132.09,77.2535,74.56305,54.01733333333333,161.28466666666668,94.868,91.5609,17.749666666666666,23.825333333333333,20.3105,19.87615,3.3570702608224843,3.2231379005645735,3.290165187364527,3.310193934732215,0.6965925843325076,0.7030723589651028,0.7007401430549168,0.6988605054539159,0.16427690830952915,0.1585410383713169,0.16152364467945524,0.16226935383115487,0.056714202657182466,0.05160401421734421,0.05395772709671166,0.05492563670323908,49.165169691108574,52.10163933812478,50.45809481587613,50.192934067564245,92.5720571991438,84.74031854585886,87.92439130071705,89.83094867049407,412.57993621428824,1893.1729567314756,900.6386862167365,930.7874933953037,143.64512695816026,381.8193484471542,239.8208285296543,227.00610447930814,2095410.9829796199,7320917.815191694,4011816.926711217,3924338.3742538453
23,4045.823759304579,14293.704280952645,7764.137851810864,7632.581941881402,17810784.78281481,66924349.76642409,35153340.326382294,35000532.527078055,5567145.795172728,17006368.67953118,9919223.110227518,9570873.804698186,1621431.7658000712,5246869.03041179,2972581.6162386565,2890334.8084141724,9416658.270598063,12524979.92172168,10630219.258740025,10504570.84849133,1404347.6053596633,1691228.6384265232,1492645.150325985,1504755.9669330642,2481009.2942480724,9129395.979353882,4855887.692733895,4807944.634035106,5855505.609843777,8604844.142688349,6864606.975527139,6817774.096339377,2699480.0591360847,2498744.9448214164,2470437.1549844868,2629222.769125951,29988666.027849123,60196929.85287266,41068648.71717229,40561558.36660736,-12177881.245034307,6727419.913551435,-5915308.390789993,-5561025.839529297,-212124717.8800052,-128814387.57215564,-182109823.51916203,-182966102.27225786,47.056333333333335,147.62066666666666,84.668,82.25385,58.24033333333333,180.11166666666668,103.8645,100.89529999999999,18.647666666666666,25.198666666666668,21.3905,20.940516666666667,3.2486066033672034,3.11343993850044,3.181144288029919,3.201298270663836,0.7019142090969404,0.709011963611248,0.7063823677084268,0.704398423176948,0.1591675293359378,0.153470622219039,0.1564445105746011,0.15717361184502324,0.05544092774243414,0.05082810164245241,0.052673399137205354,0.05382643860744053,49.771136249893,52.63658033312176,51.00520917942813,50.77404167902307,89.58677950435712,81.85620277442703,85.01453132597248,86.88107764888159,451.5433887449328,2129.1125629410035,1005.3698017728785,1038.6925997135577,157.94551647632662,423.6403604743282,264.30568177901995,250.93871187562718,2368123.447061839,8597117.838618632,4604545.242290677,4548271.484106717
24,4496.985094154864,16454.581072244233,8769.588470006935,8682.143686486143,20024607.873081468,77754695.51883942,40126352.85375073,40230138.54909675,6056343.791744301,19175030.430682626,10974261.862445336,10647884.115372714,1747714.2418333772,5849295.854943437,3255715.8184881373,3183267.806421898,9964922.885691106,13354667.49774394,11319688.12675655,11151333.499909598,1486239.8066671381,1802862.8332102357,1589087.2395722987,1597057.8659572224,2794022.283491065,10636924.11430136,5549549.968676973,5539037.924274668,6109963.445607761,9100887.509971227,7207220.434527057,7156786.868134974,1924739.8634133975,1892514.5218006314,2110106.5869154828,1913460.9938489292,31144252.510294903,65871654.26535883,44132530.12414649,43298843.12456727,-11119644.637213433,11883041.253480596,-4006177.270395765,-3068704.5754705234,-223244362.51721862,-116931346.31867506,-186116000.7895578,-186034806.84772837,50.68233333333333,164.40966666666668,92.6175,90.48689999999999,62.650333333333336,200.496,113.515,110.89631666666666,19.495,26.55366666666667,22.5025,21.965533333333333,3.1467121347254743,3.0104768034480935,3.0795426828315358,3.099029768778391,0.7070577380077733,0.7148135433530098,0.7117405168647183,0.709772269878606,0.15416791645281416,0.1485211683046566,0.15147784383536747,0.152191554600959,0.054401287480240965,0.049680978298057454,0.05144195724014913,0.05274917926647674,50.38849101710348,53.17505130911223,51.58431049642316,51.36378711930654,86.77670998704532,79.14915954505265,82.29646126617985,84.1070673323479,489.6182642753733,2393.0865973509813,1106.1956788785203,1155.832180851836,173.1143368015519,466.4845037958768,290.18340793200605,275.7938952495656,2671617.7174222213,10038652.464963613,5273001.048957343,5250079.879061708
25,4990.027858734028,18835.96187096043,9874.10053628719,9836.104763013269,22471347.230959393,89848283.58990456,45649268.985475525,46053274.9565902,6585545.653362987,21518206.05054101,12117127.74603938,11811976.792375293,1879799.3191816355,6488606.206443637,3551491.1819882514,3492881.7297233357,10503356.560237274,14189662.67725817,11970338.37193372,11793563.701194588,1547797.7637168758,1912193.5121363697,1664755.9336255284,1675336.2756636986,3137302.074844835,12327463.516359,6325630.58107616,6353858.579374792,6373587.707203844,9605266.693590542,7557094.1473023165,7504675.3524391875,1645325.2196753924,1367200.6676121242,1671122.7755989206,1547981.6264532486,32862769.54597399,72099578.44878082,47277425.74790887,46595652.661956385,-10391422.315014593,17748705.14112376,-1628156.7624333405,-542377.70536617,-233635784.83223325,-99182641.17755127,-187744157.55199116,-186577184.55309454,54.558,182.24566666666666,101.0755,99.24868333333333,67.36233333333334,222.128,123.798,121.53031666666666,20.298333333333332,27.881666666666668,23.514,22.9525,3.0519489020116697,2.914199651742529,2.9846510252094927,3.0037366644174703,0.7118124429883792,0.7203915789963553,0.7167648319329296,0.7148151405911708,0.14926090451868207,0.14368079739256734,0.14660233952483936,0.1473078670245419,0.05300807210197293,0.04843471031223696,0.05080439037337368,0.051407395475565346,51.00420586464234,53.72579138641491,52.16497139046495,51.956760797262746,84.16458563844057,76.61611076783062,79.75859966019922,81.52261943372709,534.4435755304593,2657.036754132331,1226.7106120542073,1277.3511880411145,188.6668166383024,509.9096584364058,316.696409721543,301.1018112676386,3003691.1809622203,11663204.327825913,6018952.928062608,6034520.782364512
26,5525.603574874757,21474.497534609796,11075.10886459551,11107.71646078202,25163024.481473655,103376543.25308031,51738492.492437884,52537756.05153598,7155388.897204037,24077403.96195655,13354062.526225133,13078094.169867415,2016489.0371572734,7161298.659814602,3857205.0962998522,3817172.4050873383,11045232.478626894,15018881.279579343,12649384.334917014,12436009.558960252,1603928.1424505026,2017707.4189508846,1741228.587175889,1748750.8892256364,3516474.316154747,14220631.933483738,7182110.929308607,7262929.4822198935,6642111.50069005,10120281.434343673,7912741.699083407,7859470.977468818,1148214.0697774088,1101442.7739214166,1314555.9470740715,1131844.1162278117,34460384.58625819,79115393.13737833,50754009.97969075,50089637.57915024,-9297360.104784537,24261150.115701966,984482.5127471297,2448118.472385739,-242933144.93701777,-74921491.06184931,-186759675.03924403,-184129066.08070883,58.65233333333333,201.366,110.0705,108.60211666666666,72.34233333333333,245.325,134.7315,132.88626666666667,21.088666666666665,29.161,24.549,23.913983333333334,2.9621572757118555,2.8231733734161604,2.8951790113457716,2.9135129099083623,0.7166072965834215,0.7258978042703956,0.7217548902967382,0.7198589742738625,0.14443894462273368,0.13892236514883424,0.1417700481797118,0.14250814180686888,0.0520997479541692,0.047670514852789475,0.04942852835967334,0.05054951636868629,51.62303883220346,54.27111954574155,52.760108157098934,52.54986708194179,81.6884896769774,74.22292980243837,77.37069528454886,79.07554372088873,583.0889260433513,2973.5575799922144,1338.8823259491164,1419.7529549254534,204.99507097913465,552.9278134630283,343.8679857310208,326.77153084849743,3370702.0846439092,13477242.538485687,6847390.347821329,6907991.243488532
27,6092.352727580921,24338.166667119018,12364.932775041345,12478.387606419255,28056971.559852157,118213823.2169751,58376443.19606822,59611869.63984518,7751041.037223783,26809026.750852693,14660848.80426639,14421336.0369939,2153208.9734225115,7850893.846930536,4167838.813359268,4147398.6791503197,11595257.816600451,15862528.68839919,13332034.380169801,13088802.621730011,1671557.6498016764,2133319.6164675895,1821572.751362411,1833174.338134746,3929095.8683926584,16324842.404952647,8124190.457675361,8267607.156188654,6910903.561387459,10641321.923916487,8271719.183887478,8216549.9882726185,1201659.0031854466,1348322.8318984476,1222394.2854567403,1252991.343234997,36698447.52824762,87142912.55268095,54695111.87845664,54354010.28679928,-8641475.968395468,31070910.66429417,3681331.31761158,5257859.353045903,-251574620.90541324,-43850580.39755514,-183078343.72163245,-178871206.72766292,62.858666666666664,221.36166666666668,119.3755,118.33471666666668,77.453,269.581,146.038,144.6978,21.877,30.44,25.572,24.87405,2.8778205530646166,2.737790247696719,2.810723713788737,2.8288099461858525,0.7212382978710287,0.7312576067450355,0.7266888205388573,0.7247450559769311,0.1396767404188839,0.13423431508878347,0.13700429657840318,0.13777189155334874,0.050968317607834296,0.047125471685768625,0.04893278267636257,0.049623321535111314,52.24810298085483,54.8186301055834,53.3703766157574,53.14778747450983,79.36117053795134,71.97686971113295,75.11265361862627,76.7766652485649,618.5687846864429,3273.4436679624196,1453.6663352387166,1547.7749938330348,222.1077924461631,594.362318176023,371.37614541556707,352.39687645161405,3774453.672221048,15506481.487962041,7760773.873865681,7880663.407730395
28,6711.5312035108755,27422.127494734705,13738.685884644481,13960.239905439215,31238402.0117792,134395750.19603676,65529722.849424474,67343473.87626934,8393095.328505646,29713261.313044764,16030080.986458015,15855153.423094338,2294708.966602869,8547471.807179565,4476692.503726862,4483175.960804712,12155366.998154711,16779389.428914785,14000106.217248887,13773774.848920736,1720798.1295361042,2272540.681649553,1891571.6688923703,1913908.0227758114,4378264.5026255045,18624013.408884037,9147032.777795492,9364276.61981599,7189240.814371635,11166422.80944418,8630643.511471858,8581254.512647025,808508.6042753954,1161183.1628705652,791609.9191731196,931944.6997837048,38594026.17248158,95282291.775808,58442333.06708198,58434919.13364583,-7355624.160702382,39113458.42022873,7087389.7823425,8908554.742623504,-258930245.06611565,-4737121.977326426,-175990953.93928996,-169962651.98503944,67.33433333333333,242.22533333333334,128.912,128.54618333333332,82.89333333333333,294.88733333333334,157.6295,157.09123333333332,22.658,31.815333333333335,26.537,25.86306666666667,2.7981747913423733,2.6568721975093847,2.730807811129809,2.7487188835008274,0.7257980575746646,0.7365905958070244,0.7315852023556925,0.7295754459559906,0.1349590914392211,0.12961465829028268,0.13233747687058978,0.13308853983709268,0.04996665079755358,0.046355151665683415,0.04765354939664115,0.04870262610139902,52.858596646638176,55.37404229932206,53.97909044904393,53.73900262507753,77.1620453316799,69.85049656757894,72.97346681352859,74.60300326424456,678.8750745907223,3567.7597053510895,1562.2651935410374,1689.9846953568508,238.9591545872232,635.1441710209842,397.7593927814642,377.6239103390395,4208545.7339778235,17732073.482546266,8756466.479410233,8941780.445976779
29,7369.354939491754,30729.092629318733,15209.155084007893,15545.263130931195,34660109.39478489,152013223.12596342,73307559.81485775,75733699.20069736,9069876.716067243,32787173.382904306,17484749.65743441,17370930.549460217,2434951.3683697754,9246612.299018322,4789278.716496334,4819032.694096766,12710938.86813608,17746847.583786808,14702803.424729161,14473506.918613836,1774202.8426118665,2431286.9042331665,1975829.6769363552,2004182.2641793215,4867373.265059634,21125878.068631593,10251534.569950217,10557849.94630982,7467910.991505933,11693100.226994283,8993556.194724575,8946727.223926855,856352.9216280401,1578026.1294701959,934353.3681201177,1108938.5443727947,41016618.26534177,104547077.26408798,63019817.96874899,63252278.91490294,-6356508.870556879,47466145.861875445,10287741.846108785,12481420.285794433,-265286753.93667254,42729023.88454902,-165703212.09318116,-157481231.69924498,71.94366666666667,263.8,138.871,139.09338333333335,88.498,321.06666666666666,169.734,169.89703333333333,23.409,33.24433333333333,27.5345,26.851366666666664,2.722466489399165,2.581028998867127,2.655987409755813,2.672963367712952,0.7304053536412454,0.7417126950197613,0.7362348878800685,0.734362923123726,0.13027811553812274,0.12504637090102844,0.1277227599990599,0.12844700491513972,0.04909460644963383,0.04501299543411662,0.046823782550895754,0.047666042594202804,53.465712551061394,55.945333290206676,54.59594126981129,54.33357980976224,75.06893763644133,67.85516579057332,70.97334564392673,72.54411749038752,726.4518531710152,3866.062156904322,1688.3045701461895,1825.3154594776724,256.16176309460457,673.5776309340106,423.6203509085209,402.25731683839666,4685760.30176688,20159362.52940551,9829458.427413674,10101521.0814404
30,8078.087898808464,34243.58224918603,16779.60387989413,17236.01092144061,38379523.9404965,170967448.0730659,81697909.21452436,84785297.38689579,9796421.683440289,36001326.70213386,19031839.1885391,18968138.439983036,2576753.356476643,9935615.472307567,5101744.183480383,5152355.097017466,13297268.60159993,18725513.509875085,15422909.273825867,15197154.319496235,1844616.539012471,2594328.9151169895,2079826.4960349384,2107015.8706490523,5395890.684836766,23845882.22186864,11452206.610489719,11853387.722797923,7753530.779011453,12219854.81562581,9356922.751542713,9316744.191826478,1126945.3814345973,1628276.205696818,1348730.978386155,1302411.1699263747,43822972.75422591,113879662.03173031,68127288.0801695,68342814.00135244,-5443448.813729414,57087786.041335635,13570621.134354876,16442483.385543354,-270730202.7504019,99816809.92588465,-152132590.95882627,-141038748.31370163,76.79366666666667,285.86,149.22,149.96688333333333,94.406,347.82233333333335,182.3245,183.10171666666668,24.196666666666665,34.657333333333334,28.5495,27.8579,2.650118831870658,2.5092948969849567,2.5858562267982443,2.6008304546606626,0.7351580251743165,0.7467703355543877,0.7406771523258631,0.7392223338073414,0.1256184786867784,0.12050640087055649,0.12313271157203814,0.12382925145110071,0.048599971763895515,0.04481531238049583,0.046504055698341075,0.04727534097970563,54.064688782967316,56.527513006943295,55.21720604587983,54.926677261358904,73.07506286727747,65.96704599631369,69.09817185693932,70.58725696244014,787.4971024761262,4175.595011896531,1824.2905530442104,1973.3313707732677,273.3177978507246,708.5092232440029,448.68491607806783,425.634796738372,5199016.409217734,22801983.468894508,10996133.972228665,11360054.880104605
31,8826.516649009762,38005.39158758556,18438.30440275929,19039.12287751129,42373683.22048388,191461113.75848743,90706116.11645727,94554283.90878512,10557488.632640788,39434256.35065416,20652196.771759156,20664357.333945468,2714314.609544221,10628645.141358553,5407729.435429671,5484330.295679237,13940592.207210138,19776449.756584276,16221221.276914222,15983142.349491086,1939738.3128840604,2779662.081141527,2212141.4967819816,2233711.6317741736,5965364.159993711,26772960.664778117,12741275.933227666,13248022.936668254,8041351.029399817,12751582.98269035,9722213.082237167,9689932.213051502,1905174.441803043,2210251.8648113897,2382899.208511734,2011951.5398559642,47306621.08088502,124354109.18287984,74150699.32529676,74273241.91658321,-4932937.860401139,67107004.57560758,16555416.791160518,20281041.99220191,-275663140.61080307,166923814.50149223,-135577174.16766575,-120757706.32149974,81.77633333333333,308.9266666666667,159.848,161.27894999999998,100.47733333333333,375.807,195.2335,196.84271666666666,25.061,36.16833333333334,29.6695,28.948566666666668,2.581870790577151,2.442150405070409,2.5191453691893186,2.5329686556497917,0.7397767106697914,0.7515805855894482,0.7451412991641705,0.7439080668916713,0.12097802536610981,0.11599271003761229,0.11857810162591831,0.11923316500113568,0.047482604360344016,0.0438906817897362,0.04557984304317021,0.04622543146063128,54.68696908717082,57.11537015931894,55.8516512489212,55.53690946242266,71.18880346613585,64.20313391698681,67.31816909679934,68.74381912393369,833.7422756769492,4511.373815272914,1946.35820419604,2120.9133145355368,291.1085587506193,741.7718204636135,474.09017650228543,448.84070035016725,5756928.591074474,25645117.21095989,12254686.382178653,12717794.608034369
32,9613.658176376743,41935.63694835224,20196.279817688832,20926.35074656817,46634554.84509499,213277014.88860252,100357493.90689263,104959415.86032262,11342729.791532662,42963303.452224255,22340777.134585407,22409930.57277472,2844715.8528704015,11290029.391062511,5701983.135990956,5800575.59123764,14623248.345758103,20897703.29477139,17045072.27406544,16819307.577912755,2029369.209407416,2995907.5303139673,2333058.566966956,2367657.621724709,6576636.4846156845,29911871.22787795,14125975.024655975,14743968.644757478,8328983.283442794,13274597.701093292,10091521.000165688,10059948.32962047,2100725.631536314,2988401.488643188,2370345.6139346096,2411412.18152372,50314571.52196204,135463807.50726175,79332224.18502554,80116804.11681694,-3680016.6768670515,77813207.38134079,21025269.721867085,24842611.74350569,-279343157.28767014,244737021.88283297,-114551904.44579868,-95915094.57799406,86.834,332.035,170.6795,172.65435,106.62466666666667,403.8453333333333,208.3965,210.65189999999996,25.969333333333335,37.77066666666666,30.797,30.099800000000002,2.517102820042277,2.378618231942944,2.455311909830679,2.4686332142075105,0.7443754205526895,0.7563090857965931,0.7496960427157169,0.7485522033880556,0.11632620977215792,0.11150170670100128,0.1140436789613905,0.1146376336972531,0.04650552257459308,0.04274900936288449,0.04473682569022121,0.04519074295049508,55.30701776345033,57.73106615646659,56.48371744585628,56.15543470100603,69.4006973877678,62.533962112871095,65.6077405438535,66.99734004155395,882.3360061724127,4770.8166564193625,2080.2304287495394,2243.304233758845,309.1809674136986,774.123379991125,498.55173756484726,471.91081181579784,6356052.483072581,28719167.06377311,13605917.41746859,14183142.586317766
33,10446.690603058467,45980.65587639513,22005.194456730926,22883.5784487263,51211158.415817045,236132085.6635975,110478497.30274737,115933482.9525402,12173331.422027085,46555647.7052793,24065824.50862165,24207142.121165358,2972252.405369463,11893331.303093115,5973080.182636783,6094630.01957274,15353187.747954005,22099470.61866242,17924068.618940204,17714386.752701953,2150353.570002175,3228914.7455520574,2474166.4531751587,2527849.9814446336,7230296.7896737745,33245940.406992406,15598426.263457416,16335772.055735294,8619104.686538747,13786177.963752314,10452910.171485329,10427580.333563495,2881521.949373975,3275223.9822397945,2795475.3721365444,3019317.6608770117,54090059.54420711,146422967.90230674,85144462.2346303,86406577.46954197,-2878901.1283900705,89709117.76129074,25334035.068117082,29526905.48299821,-282222058.4160602,334446139.6441238,-89217869.3776816,-66388189.09499581,92.07466666666667,354.9153333333333,181.439,184.06889999999999,112.99733333333333,431.619,221.4905,224.5149166666667,26.945,39.471666666666664,32.0075,31.32933333333333,2.456501225233579,2.318991800248354,2.395167772137799,2.40837292648875,0.7486612934797631,0.7608404143447997,0.7541411386488276,0.7529239857825258,0.11171957386208786,0.10705326659434816,0.10954349905856144,0.11008636631837897,0.04612108682262667,0.04255366606429251,0.04435842098687105,0.04487248955720971,55.956428626846524,58.36459694145521,57.13292545094553,56.79928753695957,67.72725550190891,60.9657219485619,64.00244965257117,65.36071875823745,940.4542516381018,5017.552694808104,2179.208709694099,2367.4387067476027,327.6373969978626,805.0914066682492,523.261714975319,494.7463003824979,6995183.22676425,31991552.233290378,15053624.086033894,15743912.379048392
34,11335.592253954143,50225.60255779661,23918.670147881934,24947.095860299003,56167692.60956816,260551563.12213883,121401724.8740187,127702047.28896788,13055815.91528805,50327683.29902293,25884181.160260245,26100969.499595255,3095168.81237699,12464660.383229185,6234001.356568079,6374490.862175258,16180732.505637612,23435979.74238207,18931511.858161964,18720069.03849817,2306147.788166769,3497732.559313891,2667687.413167323,2723202.4580682614,7932950.79433287,36748899.21021021,17152983.758828517,18018532.73988994,8914302.050786622,14296784.995250637,10815173.745439919,10798171.081349026,4020777.092350647,4681160.287048333,4239658.769635085,4251911.210494837,58478188.75294454,159069813.55870703,92366276.98446696,93685257.43496141,-2310496.14337639,101481749.5634318,29035447.889551744,34016789.85400647,-284532554.55943656,435927889.2075556,-60182421.488129854,-32371399.240989327,97.552,378.42266666666666,192.5995,195.85673333333332,119.66033333333333,460.14566666666667,235.052,238.8302,28.044,41.364333333333335,33.402,32.70611666666667,2.398582480330164,2.263286246246448,2.3385376653701813,2.3512287984008635,0.7530615213389058,0.7650807450767132,0.758428690945264,0.7572682496471383,0.10717607329249877,0.10266180196261407,0.10508490374555624,0.10559607832703913,0.045395036376744906,0.041636055947266416,0.04375159602774107,0.044079393226427434,56.627484078989774,59.030317729578975,57.832774218154064,57.46847585669599,66.12923936344784,59.5035999057966,62.49195075011387,63.8102655532699,1005.108127841251,5316.34544268238,2324.83665366564,2514.041188035646,346.63639730938434,836.9655501670242,548.6460671110565,518.2516008095582,7681673.762372556,35419812.84953962,16571774.595412105,17390022.44288103
35,12263.598609855502,54587.654426385314,25882.702306544914,27077.018145640934,61440671.09792459,286225510.98542213,132826556.95394751,140115365.05854875,13973582.833524434,54162753.0892971,27734223.9115891,28039792.423044868,3211809.2128717476,12979272.77968009,6470091.733815573,6630421.4612546675,17012963.769797895,24820998.06484448,19991872.119613785,19745775.7730642,2439468.0744492677,3763045.7677896637,2862256.855867246,2902720.2671184065,8689923.026565775,40475625.03790765,18813124.26416378,19814918.730535433,9209749.512526698,14798316.197554434,11170355.64485199,11165747.852286406,4365535.088143793,5060060.284985195,4639035.81760447,4608618.907038284,62154344.22953406,171021310.74387676,98728673.37036926,100257782.509554,-713673.1316094624,115204200.24154536,34097883.58357825,39857582.54899472,-285246227.69104606,551132089.4491009,-26084537.904551607,7486183.308005333,103.15166666666667,401.6383333333333,203.656,207.62199999999999,126.46466666666667,488.329,248.498,253.11718333333334,29.132666666666665,43.285666666666664,34.845,34.086216666666665,2.3442573247756804,2.2100816545504465,2.285381405482668,2.2972958401968486,0.7571865794789676,0.7693909970265996,0.7625051268528965,0.7614581256206389,0.10270346318902018,0.09832444912189733,0.10069935802024645,0.10117080826552718,0.04465609814999351,0.04151451608193913,0.042829025891625745,0.04355654442617447,57.31951428095822,59.72978219806642,58.547277264631575,58.16310805194608,64.62997425825687,58.10275542903127,61.07072253866438,62.3454476680279,1059.0765405222173,5571.562278347312,2411.462132243896,2638.4465487610005,366.3135738624735,869.1010476329703,575.3289142067837,542.2891896821474,8425153.891435223,39082734.468320824,18210258.731102806,19155307.09334518
36,13230.08380959452,59108.80419206498,27932.187333557802,29287.63594345918,67070340.41629482,313331109.44345134,145006618.65496466,153261609.57579958,14928016.342323026,58122606.263915144,29663889.7930373,30046122.814880267,3320534.6797150117,13453485.741688538,6683974.126349276,6867067.551405746,17964883.35892172,26197716.71006843,21091017.712814976,20846375.03182307,2621130.604528118,4021105.1076433472,3069158.2707200698,3111121.680618448,9493579.106516317,44394236.435083255,20557966.981557723,21708809.171514742,9503097.224073825,15288555.392982109,11527351.59225623,11528007.583191724,5052568.677779013,4778155.544351508,5260405.606871295,4956524.081079386,66432996.54810188,182636614.61860013,105548307.48855203,107104262.87277627,637343.8681929308,130694494.8248512,39458311.166412614,46157346.70302332,-284608883.8228531,681826584.2739521,13373773.261861019,53643530.01102871,108.84966666666666,425.0183333333333,214.9595,219.50869999999998,133.387,516.6853333333333,262.2515,267.5414166666667,30.4,45.14933333333333,36.3335,35.56226666666666,2.292403457710865,2.15992790828789,2.23528563175023,2.2460370154128237,0.761337907681068,0.7735693214201257,0.7664657108704492,0.7656189024897382,0.09831746464785268,0.09406933185297466,0.0963875650116224,0.09683061816964536,0.0441642997709381,0.04078786479701382,0.04227263132569518,0.042982547530064606,58.057252931064944,60.45368117108411,59.29257184588585,58.896002815071654,63.200735768984536,56.787620173668444,59.734660835320014,60.9561453106239,1109.9137673105186,5841.639149079771,2535.9337538623904,2766.017650929757,387.18705256474095,898.5562303841207,602.5123266586105,566.1662648015238,9216100.664688688,42933826.647813305,19923983.543092124,21017304.758782305
37,14258.396930016055,63770.60237274143,30093.106104494593,31587.668834969933,73148918.43437776,341842726.60304713,158084044.87830058,167191751.29341203,15954875.836724017,62245772.56408333,31688337.526266057,32156689.691299774,3426592.6898489646,13877886.098950673,6891048.296039241,7084545.383034563,18912149.29723685,27603138.151756547,22265606.618405826,21953995.39631874,2779511.016293476,4283007.891914619,3280608.0196395363,3305734.922760876,10355783.238276388,48529986.494253084,22423567.418904472,23716754.377868235,9802623.945927776,15774315.162766287,11884476.602650227,11892715.871821254,4813434.97673875,5073111.686280289,5537985.537866432,4904321.825078288,69915248.3254515,195260821.2985765,112360056.75806485,113786198.86604525,3233670.1089262716,146581905.30447063,45723988.12023572,53405552.42736679,-281375213.71392685,828408489.5784227,59097761.38209672,107049082.43839547,114.844,448.7423333333333,226.6275,231.70841666666666,140.68933333333334,545.476,276.412,282.36466666666666,31.622,47.005,37.9045,37.00605,2.2445694901798405,2.1131483024011963,2.1871093260051,2.198572074457315,0.765042097848945,0.7773811953771789,0.7704844629613499,0.7693607819838268,0.09403803245393501,0.08991326801381791,0.09216388256660477,0.09259436489989403,0.043166311501426795,0.040343256693539456,0.041561372791062,0.04217824231866622,58.81649549278343,61.20074884781231,60.064123718334415,59.65098416704354,61.88254211462459,55.56233598311781,58.445479787069225,59.67046996859722,1180.928703328666,6121.2803109415445,2690.298482639103,2910.0517659931734,408.25823711490784,926.6653133319808,629.706162836087,589.7007137908834,10060551.062444221,46999666.41651769,21750992.798244696,22989241.436369933
38,15327.374502166269,68483.30448640685,32295.18751951066,33931.94999665047,79603700.08192405,371333727.2069914,171720071.75969023,181709209.5756976,17009089.66365626,66356417.703698546,33768760.00195803,34280654.47767106,3521946.95230101,14238646.15954643,7067037.362044351,7272791.674836907,19923568.008104075,28983516.654931266,23387809.360622086,23094550.03449359,2956458.6784028714,4540774.27097492,3470261.435954746,3510969.1358030885,11281905.696900323,52853259.627219684,24409002.72995188,25831879.572512098,10100326.562763765,16244563.1445275,12235376.905771099,12250809.366381073,5860126.685054545,5266592.126088466,5017974.894276335,5652389.589416417,74865012.05910367,207901202.04169294,118469889.94955686,121427678.55300993,4738688.022820383,163432525.16529837,53250181.810133375,60281531.02268768,-276636525.69110644,991841014.743721,112347943.19223012,167330613.46108314,120.90733333333333,471.74,238.2355,243.69876666666664,148.04833333333335,573.3653333333333,290.5305,296.9092833333333,32.911,48.773666666666664,39.3385,38.46293333333333,2.1986299350437615,2.068843408036035,2.1426931733604144,2.153204650591057,0.7687922522407877,0.7810942208098756,0.7740316651677152,0.7730979412399686,0.08987870341192486,0.0858577471259352,0.08805653636800115,0.08847136871182848,0.042845906593437066,0.04004254589653819,0.041310806777672134,0.041864730349522455,59.60241116426858,61.97129322658633,60.8542499913674,60.4315198860798,60.61511268717206,54.39835158697281,57.25707083591267,58.43924630210232,1238.2717269746338,6307.402547050461,2785.583992827188,3012.467514001173,430.33313053476684,953.931405360388,656.5211557980028,613.5925267237342,10972337.765156664,51276408.990457065,23712606.731745087,25078762.6940118
39,16445.831898702512,73301.34926050514,34553.41961465874,36345.26297533343,86504011.94010222,402138019.07708514,186061696.18473968,196975914.43804622,18121531.438156888,70613885.6549668,35910125.263826706,36493855.41404036,3612203.2239357503,14542966.369602984,7222943.318895805,7437970.3249192815,20937930.03577644,30339409.75466446,24515737.74347561,24228447.937387247,3117933.325944473,4782846.639602841,3646004.93726665,3700652.985724902,12266329.140691688,57335152.21992048,26480689.541610353,28040417.218421765,10398298.108377874,16703104.751683014,12577443.576798163,12604980.433534672,4991360.939168837,4575884.665710262,4503190.836346586,4845944.243458335,78022434.3604063,219926958.26233336,124731087.99442889,127689017.72608078,8481577.579695921,182211060.8147518,61330608.19031079,69286896.71196547,-268154948.11141056,1174052075.5584729,173678551.38254088,236617510.17304865,127.17666666666666,494.8736666666667,249.916,255.87061666666665,155.66833333333332,601.4293333333334,304.7215,311.68468333333334,34.17766666666667,50.443666666666665,40.7395,39.87076666666667,2.1554822671036247,2.0271688172753835,2.1002389832947457,2.1105725596637406,0.7723443805033479,0.7846805067749116,0.7776112294732527,0.7766620246983951,0.08583328921963819,0.08192367081890237,0.08406475098581324,0.08446492277938066,0.04229342097050336,0.03939177294295057,0.04076159550733744,0.04127784416085989,60.41612607387473,62.75911488879119,61.680539969838655,61.23617215909549,59.4250248206784,53.30521110185137,56.12659215092068,57.283090019088945,1303.0965136123248,6540.372555487139,2890.7151106272836,3136.1431282685094,453.3320210929623,978.7853837910561,682.4081880369275,637.240698037295,11940555.012288608,55700059.0810487,25758010.763953533,27256381.436354637
40,17605.418043096048,78140.41352707366,36878.35079929514,38792.66646248821,93816592.79676567,433924973.29047686,201107338.8628886,212854525.96956456,19276707.614533905,74909288.93587755,38101972.648259826,38748111.07700418,3692911.6535802847,14784327.409393387,7350010.706729439,7574907.16811487,21987776.478037976,31646698.121108286,25626385.200991128,25368399.053112585,3283346.259913407,4993071.112507094,3808218.0617132983,3881749.9583211974,13315286.344237478,61996961.166042574,28662679.737734724,30353872.531869262,10694139.759291299,17148593.47352482,12915373.631068705,12953198.55927303,4989525.978252078,3949912.077483765,4358740.423568389,4625661.112983169,82203657.2089649,232127419.22292504,131497050.33518301,134676973.91385093,11612935.587800756,201797554.06755185,69610288.5277056,78177552.05571364,-256542012.5236098,1375849629.6260247,243288839.91024652,314795062.22876227,133.55233333333334,517.5306666666667,261.588,267.94475,163.41066666666666,628.919,318.8935,326.3385833333333,35.465666666666664,51.992333333333335,42.0705,41.25,2.1148773023055023,1.9885603360705268,2.060203428896258,2.070666364123261,0.7757177698753737,0.7879185811623635,0.7810664012134714,0.7799880538258201,0.08190275972462872,0.0781019759661324,0.08017023593663843,0.08057248540915501,0.041871634181182754,0.0391301319081014,0.04041194749616466,0.04091210838560428,61.252263927070416,63.57290805053545,62.51327419839104,62.064489370283184,58.30457761439903,52.29289409295507,55.05304690750007,56.20048838189365,1358.7382128885788,6705.033217919185,3013.701240095078,3229.9414646492905,476.65988450858214,1000.941223555247,707.2869480733196,660.1583531749149,12975601.791015334,60320702.861562766,27909254.427710954,29546387.165706936
41,18811.87043644592,83031.55922466515,39258.215093709965,41288.76151232265,101571772.13078505,466736635.33321536,216862216.56623614,229379474.25163567,20502432.5042666,79234224.05141193,40343396.72321422,41058559.545767464,3764089.0115309544,14968490.074905604,7460902.8538643215,7685629.383712081,23030524.30933161,32914454.36044263,26719844.407630503,26489899.82722047,3431946.9549321574,5192210.354761193,3976019.656479175,4048039.14487232,14427977.480381811,66814191.65222001,30945253.35141161,32763152.44052518,10989374.551493494,17583122.149871327,13247484.056921028,13297186.210925736,4350247.904973774,3835247.0298728687,4353501.094466418,4169997.598688457,85870709.5530755,244959963.12342677,138556340.59437826,141551948.30269843,15701062.577709561,221776672.20978862,78305875.97185789,87827525.94893722,-240840949.94590023,1597626301.835813,321594715.8821044,402622588.1776993,140.13866666666667,539.5716666666667,273.206,279.9402166666667,171.44033333333334,655.674,333.0215,340.9221166666667,36.7,53.434666666666665,43.3605,42.55713333333334,2.0767521624692464,1.9511010371391546,2.022150488734857,2.0327742686037142,0.7789014320802675,0.7913373164566455,0.7844587757271833,0.7832539916119998,0.07809378729733586,0.07440577005232313,0.07640116438282878,0.07680298126158142,0.041265366728241396,0.03873514836963087,0.039753362461994825,0.04037979030272771,62.10006969123883,64.39803012299089,63.37100745844387,62.90435584235205,57.251868260279785,51.308732527140506,54.03412544674747,55.171770753681045,1421.9542434678476,6901.782634593914,3116.6100879132814,3339.8941803619705,500.06198229550307,1020.1270446454021,730.5041695491456,682.0847541179678,14072488.919514846,65088745.993571535,30166100.82943329,31928178.895434685
42,20049.433166226507,87956.63776634232,41669.60014484709,43816.95477626704,109718380.77605845,500519884.99526495,233205080.13143316,246498907.25278074,21741608.057853848,83622723.08358061,42654820.5964379,43399998.31685822,3823202.4071989506,15107015.097298518,7543682.719263251,7772536.848733799,24020744.975537393,34151225.05284934,27853535.380928487,27566413.002596572,3563527.412001498,5381972.809824307,4136287.031176074,4199983.301239481,15603171.821747009,71783766.4290958,33332255.596434258,35266379.93431909,11282834.83291613,18002041.81310158,13571634.223090336,13634557.275981035,3742262.6195199434,2762318.279606817,3542975.2458922323,3399282.1005503493,89582374.93176587,256999837.42637655,145012043.33531505,148178486.8048796,20136005.84429259,243520047.56888834,88193036.79611814,98320420.4479011,-220704944.10160762,1841146349.4047015,409787752.67822254,500943008.6256006,146.66166666666666,561.2916666666666,284.907,291.7821666666666,179.37433333333334,682.04,347.2455,355.3073166666667,37.825,54.79066666666667,44.656,43.76298333333334,2.0402782511134654,1.9157316681600332,1.9869906746399926,1.9966869470797641,0.7820656921622058,0.7946316393297482,0.7874377387844111,0.7864637736708456,0.07440976530550374,0.07084743082366152,0.07276248806316522,0.07316294823685895,0.04057243769289814,0.038503889380628396,0.039487299724045084,0.03984844578360373,62.96748630476022,65.2351966663986,64.23975088731058,63.76118493133365,56.245574575709355,50.38007783674307,53.093939303792915,54.19265071707115,1469.6240085170082,7093.084516454009,3211.692445995347,3437.8351862949585,523.2976637340661,1036.7179870354294,752.7806724178971,702.9947768895431,15235765.81961776,70010495.2999823,32529332.484935425,34406921.13774534
43,21353.79089261503,92994.11873693763,44159.73400755717,46427.90563812794,118417368.40928093,535767300.622312,250353627.1765309,264489844.68384182,23049226.99487267,88165909.4921601,45072970.60757439,45840065.86892327,3877085.0545713855,15204054.760424118,7612776.434856656,7841524.451619841,25037005.11441786,35388029.26866489,28918142.237540245,28659863.568404317,3687960.48202073,5574379.791604133,4275340.429155669,4348207.240374921,16846096.466853537,76911220.94556966,35820067.934562705,37868890.03440418,11579705.653822774,18417959.789807517,13893086.994943714,13973094.601417433,3366672.3724049455,2654405.054263983,3145029.237719301,3117378.811055609,93709137.96484114,270350612.9460397,152025110.00219822,155533654.20826063,24708230.444439787,265416687.67627242,98328517.17433268,108956190.4755812,-195996713.65716785,2106563037.0809739,508116269.85255516,609899199.1011817,153.463,583.254,296.849,303.88985,187.63,708.672,361.761,369.9947,38.95133333333333,56.105666666666664,45.825,44.955349999999996,2.0051314486846055,1.8827672143298035,1.953022313586733,1.962303966660425,0.7853202975401876,0.7976330756130756,0.7905541013443189,0.7896297698656984,0.07085716208753315,0.06741728335689072,0.06925192012586692,0.0696532045318083,0.040170953830742526,0.037948346960449686,0.03916983266533001,0.03939304142614003,63.83540089582442,66.08418697974268,65.11066434287952,64.62247602519581,55.27224097786476,49.51534313319186,52.18756848614922,53.257326732229245,1553.357401779073,7332.952785119695,3357.2236593909256,3576.2157859482904,546.033499843693,1052.4309984923489,771.845863049592,723.2726243707225,16457757.116408765,75077982.74928974,34980762.019714974,36974836.087917104
44,22690.188374045334,98085.14157236632,46696.51050678575,49078.42199345768,127492851.33010069,572066074.7165215,268202731.3314342,283093479.51534796,24428112.736785684,92751447.63283852,47524801.89065297,48341279.950404175,3922561.5334952115,15251528.877685726,7654644.624955973,7887700.103961891,26082937.0851686,36573702.662094876,30021799.758702606,29754705.037092797,3807078.795844598,5750896.379429293,4422565.145313191,4487414.950099241,18164553.86432303,82241813.31467627,38411966.90780963,40591594.67194666,11874026.480608983,18823990.824617177,14210618.94467727,14306514.001011852,3153250.603845742,2037005.7575387112,2307014.4554824936,2762564.907638281,98177668.94922043,283369376.21917546,158789702.9510128,162994766.49370468,29315182.38088024,288696698.49734604,109413028.38042143,120098713.02164328,-166681531.2762876,2395259735.5783205,617529298.2329766,729997912.1228251,160.36866666666666,604.6886666666667,308.677,315.8806666666667,196.072,734.685,376.125,384.58655,40.092333333333336,57.29066666666667,47.023,46.11175,1.9724754337435868,1.8507307518565304,1.9205732483205886,1.929864795083117,0.7882841469262983,0.8008026735516808,0.7936607052385959,0.7926656312451823,0.0674460656501682,0.0641158202302944,0.06586879297131203,0.06628047975321237,0.039788988150615635,0.03737720554361663,0.038275066929342356,0.03894486423816598,64.70886184507998,66.94184775010037,65.99627761581334,65.49040691183711,54.369417816630836,48.67427663148962,51.32348889238468,52.376118401831405,1607.7944117235681,7506.872885317814,3435.6913253199805,3672.471877481554,569.1458214047217,1064.4564014341154,790.3544172752588,742.5045244150094,17762605.26139214,80365095.0933468,37553044.07647963,39673476.70257627
45,24067.250845269566,103142.26943343457,49267.2115155515,51743.507351127315,137028429.76251346,609047861.7386327,286658726.7337042,302235230.9541552,25822336.76835748,97396700.72690818,50032602.51489717,50873364.15385023,3959821.117635622,15246499.381035535,7681398.979427279,7910158.509825591,27063442.08442943,37756960.535854295,31064369.45960952,30806173.542428132,3900618.7299224185,5920322.412222895,4545040.30516759,4607515.018727585,19543822.49322607,87717126.2762661,41117909.089650914,43404478.81729008,12167880.27975203,19214989.245564725,14519530.983804397,14634368.417786472,1846612.5668437919,1609782.0984205138,1731415.1741109013,1763721.9028956445,101553903.483481,296741648.9300862,165909511.16390917,169869614.38979283,35474526.27903245,312306212.80854636,120749215.569795,132365616.56436232,-131207004.99725515,2707565948.3868666,738278513.8027716,862363528.6871874,167.316,625.6846666666667,320.3795,327.74503333333337,204.49266666666668,760.161,390.3505,398.97658333333334,41.097,58.44766666666667,48.0795,47.16973333333334,1.9408553063682594,1.8210373337183485,1.8894624247812764,1.8989190159407907,0.7913705114875366,0.8036644353026116,0.7968157956585097,0.7956733848228128,0.06417615566727745,0.060951466158462274,0.06261832575216479,0.06304751433919215,0.03958783833608054,0.03714528208215058,0.0381152727683196,0.03873294364720505,65.58256920062274,67.81327662746357,66.88788696972188,66.36331680001703,53.49644701172207,47.89462426428636,50.49371167595555,51.53580905011957,1679.579174843867,7628.860275151494,3549.9975597431417,3761.8275599515364,590.9454211239191,1074.5865703287627,806.4085226483454,760.2198233456144,19123927.6995151,85809911.20747823,40230409.69971513,42464021.92730219
46,25476.997888357986,108202.73600882685,51827.366836397574,54431.006230522085,146940749.75997812,646925091.4513464,305535768.8389071,321935269.351957,27277455.506450903,102032620.55704437,52548354.07398279,53441763.27415861,3986509.2811493496,15201151.444101626,7681148.7862861315,7911634.038182646,28017242.942762308,38932797.5902752,32029866.915370714,31837687.069391817,3983500.0768802566,6081363.629239183,4637988.237527596,4717752.32020588,20988092.507726133,93304320.98193473,43901623.797351226,46298772.47369914,12456020.656074198,19597306.36897002,14817273.695383942,14955470.655587737,1782031.5869686806,1606063.9593438548,1321489.1567455134,1720442.9172999915,106264541.57151729,310620903.80793905,173156885.9127347,177789268.35426491,40676208.188460834,336304187.6434073,132378882.9261724,144146000.99769208,-90530796.80879433,3043870136.0302734,870657396.728944,1006509529.6848793,174.352,645.7516666666667,331.7595,339.3418833333333,213.04266666666666,784.5283333333333,404.1765,413.06264999999996,42.031666666666666,59.547333333333334,48.9885,48.16215,1.9111442314423333,1.7921185603859746,1.8601742886313377,1.8694852465726077,0.7942615865596633,0.806696944092477,0.7997530795003072,0.7986139616961481,0.061043021718551166,0.05792331004957424,0.059518894897536666,0.05995112263440924,0.03933458854869705,0.03690575824713472,0.03778202961662189,0.03848449794315023,66.45284209941137,68.6980158305046,67.78972418929504,67.238652905294,52.67718239597682,47.13277927812208,49.71123878799922,50.736641304727655,1735.3121733964574,7788.56688455942,3611.2591491823987,3853.9513223034946,612.2476905119852,1082.2382739459792,818.4272233544532,776.7443947138831,20554264.46437702,91357179.26079491,42998809.010055624,45335284.643123284
47,26938.156413501183,113264.49874383425,54424.31210098334,57152.376229117755,157336884.86448973,685673911.8450742,324903524.87514067,342254844.30769426,28792657.35023042,106756004.26373023,55157320.211794905,56079828.76995535,4009004.8239321695,15111069.473419392,7665521.730340314,7894727.451252697,28962079.411014237,40050971.31315694,33019048.64202452,32843191.57676418,4063944.335744738,6225987.931267189,4751157.534174633,4820659.594177596,22492696.763571452,99032869.07727318,46765882.97803833,49281757.07336705,12742802.597520674,19963554.45670131,15114032.29039003,15270065.748233896,1266900.2488740967,832292.0322460573,1061590.5861937625,1114787.373054283,110653264.27522254,323871728.8348833,180780849.3370932,185279726.8711038,46683620.58926721,361802183.0101909,144122675.5380475,156975117.4365905,-43847176.21952712,3405672319.040465,1014780072.2669915,1163484647.12147,181.489,665.664,343.2105,350.95025,221.73,808.6893333333334,418.1075,427.1657666666667,42.932,60.525666666666666,49.909,49.08978333333333,1.882344303717103,1.7650380613539067,1.8326037130793624,1.8412871188899844,0.7972476177263585,0.8095090802879287,0.8025577723688675,0.8015391296229081,0.05805027183990028,0.05502871820130762,0.056564011472186544,0.05699272806639285,0.03869385295516449,0.036862436013096724,0.03792613735974697,0.03805285702544077,67.31180021402012,69.59094231906467,68.67529806331767,68.10949995078572,51.88167241743985,46.42312512827456,48.97483003512505,49.971180866232004,1806.3371982989495,7976.421438284924,3742.070608809063,3965.8666822940404,631.8383705930029,1085.8068011974885,830.4953155071972,790.7273213045728,22041112.463996716,97038763.71770194,45830365.32583607,48290290.40279355
48,28424.531788015167,118239.5137749571,57053.61031229095,59859.77548344484,168095593.7417563,724698881.6618023,344968870.77639353,362906744.51377237,30353880.191106193,111487355.0455893,57811362.66322521,58750596.39017528,4022319.2053643405,14981339.04840002,7637806.073492583,7857976.150426827,29874101.284040336,41101411.75255455,33981016.775431596,33803659.94802031,4133646.112956346,6365069.301911407,4844025.01543065,4914644.229090617,24067330.622110594,104857410.79972254,49692900.50432806,52343858.68427477,13024605.904270682,20315571.731295235,15403523.070660833,15576443.943729276,755543.5727112407,473146.6086825037,884359.1553808929,656704.6353011827,115123214.61430155,337529443.3569205,188566139.15187845,192965394.67421818,52972379.12745474,387169438.3048818,156402731.62451515,169941349.83955422,9125202.907927612,3792841757.3453465,1171182803.8915067,1333425996.961024,188.70166666666665,684.8123333333333,354.5775,362.34039999999993,230.494,831.9063333333334,431.9315,440.98831666666666,43.75266666666667,61.377,50.756,49.92118333333334,1.855407259216849,1.7392863474571232,1.8059051371674726,1.814764940100945,0.7999979529116698,0.8122436918441321,0.8054760433775253,0.8042839615380315,0.05519240984506763,0.05226680891079411,0.053751731161341326,0.0541684495180719,0.0385527943881166,0.03643689117463138,0.03750854062215604,0.03781222826339677,68.17122927724537,70.47938040583395,69.57637851521466,68.97908217225138,51.13978315095609,45.746942419798465,48.25781204771233,49.252288895050924,1867.1915697485188,8025.2960918456165,3829.4870922278183,4022.5281524825027,650.4810901396203,1085.6214978917087,840.4945931871994,802.7802328528512,23600532.72967346,102851086.77676113,48735528.7312711,51338226.646154135
49,29951.441560263313,123227.44606727532,59716.09816281886,62598.04313771751,179279020.47964635,764501737.4314538,365503759.5002884,384106971.412779,31980794.661619466,116280833.03376302,60528508.06474603,61485808.09186971,4029119.726955969,14832179.852709327,7596820.8891189825,7810190.770969644,30768963.547096517,42126961.78102925,34906084.34647468,34744262.928972974,4194459.028578981,6492000.6932469765,4922033.788877939,4998598.611212779,25700148.879132222,110748806.42797594,52731472.78301819,55467179.02122752,13303605.552437363,20661528.222412273,15687392.227091858,15878878.486928582,511898.6287589917,325661.3966624686,405967.16519421746,446715.59752520866,119971294.22339942,351503515.908163,196179239.19250455,201007571.81306666,59307726.256246924,412998221.5232909,169324520.30778384,183099399.5997123,68432929.16417456,4205839978.8686376,1340507324.1992905,1516525396.5607364,196.028,703.5883333333334,365.881,373.67411666666663,239.41833333333332,854.688,445.6665,454.7627166666666,44.525666666666666,62.16266666666667,51.523,50.698616666666666,1.8296645792457573,1.714493637317945,1.78065652266935,1.789354749571023,0.8027431721692496,0.8150156865246078,0.8082209167056549,0.807038552193625,0.052471898108046686,0.04964411113072779,0.05108135442437214,0.051482172665985065,0.03824113334461109,0.036104245513407324,0.03731191312845137,0.03749322260368977,69.01912688065049,71.36236810311323,70.45931253359036,69.83926130851245,50.43043025062027,45.095859030751,47.58389797019363,48.56333032366602,1943.2392714751197,8175.8967148223355,3944.5686662366243,4124.669376646645,667.2781293767106,1082.6671439838194,847.8520098106192,812.6642844891987,25214339.06126344,108704832.24927035,51745330.61645903,54436011.67706585
50,31490.87419576137,128120.51804695545,62398.4391349387,65311.249543679296,190751945.54621044,804340587.4813919,386474855.75919485,405507970.223524,33620779.28550068,121055871.58658545,63290433.41816211,64223061.59088035,4027397.316628774,14647930.320997862,7540450.340619487,7744583.868157955,31614568.356548555,43112648.85504497,35765893.52733142,35638896.531022295,4236084.455886413,6613711.167687608,4987997.401582123,5068253.8050168315,27386584.488088537,116746505.29901876,55833896.42477955,58662556.77191411,13576704.492318833,20984731.488008626,15962861.840694934,16169513.94081026,242447.15135180135,118913.42443458452,149310.01546989742,199210.34693077547,124793883.862533,365408307.37234646,204043996.39535767,209008932.0909677,65958061.68367747,438932280.1090454,182430859.36383715,196499038.13255623,134390990.84785202,4644772258.977683,1522938183.5631278,1713024434.6932929,203.204,721.4383333333334,377.0275,384.5860166666667,248.147,876.358,459.212,468.02084999999994,45.201,62.86033333333334,52.166,51.38176666666667,1.804812903935185,1.6908827511194637,1.7562716417957598,1.7649373504496824,0.8055071115007001,0.8177204587115724,0.8110426083826717,0.8097817830245054,0.04989058033783609,0.047157919838953066,0.04854853828066503,0.048934149163227025,0.03763427048633813,0.03626968762082413,0.03682945907461027,0.03715666648340823,69.85294553560729,72.24162995998923,71.32779756492216,70.68898508414097,49.745242843080796,44.47595156268009,46.93085336431941,47.90099089494055,1978.925664566345,8284.978737202771,4033.329998945183,4186.044239989094,681.6067695616557,1076.3810444024748,852.0533398449959,819.7777657559424,26891853.07194695,114675260.61471808,54825563.925043255,57616045.71191684
51,33063.131021731955,132937.09441028853,65067.00380155155,68019.01820772675,202549156.52901906,844434313.5961108,407723369.4799672,427208961.50250113,35315724.44293844,125854296.6025302,66037317.07103851,67004224.69879555,4022364.523435987,14447470.434371622,7472445.964080244,7671151.592263459,32450285.19958309,44094360.73755869,36623994.67318671,36525711.63787455,4275380.591830757,6731969.459689542,5053256.499934494,5135186.695581332,29126357.31054523,122735456.32148023,58997929.22811911,61889541.96437248,13845965.379536636,21297845.981424227,16231599.322964424,16454123.590197291,104565.63410669613,142122.2442552093,74435.19130908349,117710.44765867575,129853602.10578479,379534941.33223045,212131775.83353913,217242070.83504075,72695554.42323427,464899372.2638803,195591593.646428,209966890.66746038,207086545.27108628,5109671631.241563,1718529777.2095556,1922991325.360753,210.44533333333334,738.6336666666666,387.7025,395.31125,256.94233333333335,897.2543333333333,472.1795,481.0515333333333,45.839333333333336,63.528666666666666,52.7825,52.0306,1.7810226145085197,1.6681249355414232,1.7326751111020118,1.741508426870036,0.8082560311690516,0.8204632134926927,0.8139088957748051,0.812528544982326,0.047441172358177484,0.044801001046699325,0.04614624882023718,0.04651711239916013,0.03745221064524443,0.03577465361932072,0.03664741910516251,0.03686506568617113,70.65887801686328,73.1071478731205,72.18856418632087,71.5157724665533,49.09061034942088,43.88043535192163,46.30104314643114,47.26704910029614,2054.2619144546397,8337.4727970858,4106.803456959557,4253.385723375546,694.2870081500728,1069.0185766464779,855.1557305652523,825.4430571238145,28612791.83193157,120651088.12220876,57971228.363879226,60826195.53352858
52,34667.12178719038,137646.16307226365,67710.33079220122,70709.78623696601,214705006.11362305,884471153.391733,429175067.85432655,449123157.6609615,37080071.90848968,130603647.27092086,68819177.51527637,69813323.28534059,4010371.75449086,14212083.650277916,7386971.871664024,7580970.918016329,33300508.961534094,45067167.7546801,37483299.71887473,37418839.539135195,4315629.808796816,6846982.527926059,5117811.304698488,5201603.260492051,30913414.06324537,128767924.0526699,62198335.34950496,65162492.55954395,14112437.568566095,21595751.792713188,16492313.553101085,16731597.547017576,122205.39904070548,156039.54383185515,131172.32509079733,134047.34971760787,135210263.84392795,393584526.6839595,220410143.24777448,225641255.83793896,79494742.2696951,490886626.7077735,208764924.60655206,223481901.82302254,286581287.5407814,5600558257.949337,1927294701.8161077,2146473227.1837757,217.775,754.9166666666666,398.1285,405.77458333333334,265.8686666666667,917.013,484.855,493.76918333333333,46.47566666666667,64.15866666666666,53.3795,52.66471666666666,1.7582883103543319,1.6467210937505352,1.7100513363376653,1.719239784543003,0.8109529439519423,0.8230640364350653,0.816750974751049,0.8151918263210354,0.04511668255249803,0.0425663902477128,0.043867507864261614,0.0442240802458232,0.03725206293446582,0.03583960991595402,0.03638952578099105,0.03675770437798669,71.4469159496264,73.97043999496799,73.04049869809847,72.33014936549596,48.464794322051176,43.318213294581405,45.695474612399366,46.663490962436754,2124.162335570065,8411.10805301313,4159.319710039569,4324.593336675137,705.7812205849314,1060.3723102529993,857.493848487876,829.8881019687551,30382373.479352854,126665147.03941663,61158505.42199507,64081344.225375175
53,36269.30759220795,142328.94890903056,70377.90456095479,73390.18205309586,227052848.7574063,925041103.6219143,451190109.53499454,471348737.95998406,38849174.462294534,135409841.86096045,71694139.8699667,72645408.05182761,3990208.165745429,13967716.001589838,7299477.7489188025,7482335.908290973,34156752.210121244,46034593.318416975,38346305.26985804,38313996.59802475,4356154.243908984,6961813.622429232,5182680.671721402,5268135.02639107,32744948.29564253,134790123.86660388,65436149.403567195,68460759.74547899,14369544.352607504,21889665.73146418,16746683.451510562,17001586.83520734,111577.52325468342,107961.98381541637,106078.05058967507,110312.08445093996,140586392.63060445,407630060.2006726,228762061.97749567,234051676.2801283,86466456.12680183,517411043.4212417,222428047.5574989,237297061.67985576,373047743.66758317,6117969301.370578,2149722749.3736067,2383770288.8636312,224.92833333333334,770.77,408.6025,415.97291666666666,274.552,936.2486666666666,497.5915,506.14583333333337,47.099666666666664,64.757,53.9595,53.27973333333333,1.7365743192285303,1.6262632676565227,1.6886624672524635,1.6979654511783275,0.8136059199231731,0.8255847582978988,0.8194828097989906,0.8177985133543271,0.04291050282661229,0.04044751071368389,0.04170572333659115,0.04204845558708735,0.036903158861183526,0.03519637023724094,0.03587344376901291,0.03630578284280362,72.22283269484622,74.82312358233038,73.89328905687924,73.13293450546568,47.8661648339161,42.78085591081529,45.127206786951675,46.08630671083082,2156.7895143962714,8477.80343137574,4239.556901672877,4369.144385339085,716.1821659741797,1051.3660256492024,858.9313373723863,833.4965168604376,32205750.91704346,132670673.00875993,64376260.17814897,67368473.64914422
54,37902.49199677644,146943.680102193,73031.55487861097,76066.90783367223,239721867.56239673,965743349.6422181,473308328.5077236,493829386.2903342,40659748.46270072,140252109.47931328,74572927.69332173,75517074.81851512,3963346.512671843,13701277.21062858,7199518.790875235,7371622.2569567,35002352.085521996,47017723.82342267,39217649.59115242,39207732.19378723,4397455.640344866,7074690.237865364,5246749.753795084,5334487.74947704,34615539.037469625,140895939.96421835,68760407.15366457,71813679.36183167,14627014.393229568,22170781.62923435,16991081.38266332,17267332.925831243,121151.61216446571,75916.63380308228,129953.65269963,105319.36973798151,146064284.1466625,421795311.5091312,237242249.2935528,242570143.72352654,93657583.41573422,543948038.1330868,236066079.21417078,251259242.5668076,466705327.0833174,6661917339.503664,2385788828.587777,2635029531.4304385,232.02466666666666,786.0963333333333,418.666,425.94975,283.191,954.8406666666667,509.8275,518.2683833333333,47.684666666666665,65.354,54.531,53.86893333333333,1.7151315592105727,1.606523536451536,1.6677222995815795,1.67711875124491,0.8164485520342321,0.8281509044335703,0.822371716228176,0.8205443753740005,0.04081638689270828,0.038438151241631635,0.03965466721228504,0.03998400441483145,0.0365622354937924,0.03504737986882781,0.03591918340433229,0.036032036025054795,72.97481616733756,75.658777771803,74.71621297001782,73.91420272890046,47.27271747377078,42.26312153659696,44.566511242436164,45.51935889575994,2230.446895434722,8559.097683724798,4327.562893661631,4445.474671336248,725.2695268118463,1041.0647368327116,859.517233843999,835.7978503191491,34057927.31361094,138756165.54328716,67678516.43024918,70702310.6939976
55,39543.596366450416,151382.95539359958,75698.92140970529,78687.37202595262,252593898.0996298,1005930916.9890658,495850048.360839,516261854.7109324,42492029.37865869,145058425.6617687,77505376.23496512,78390268.0777472,3933432.454580813,13414697.697765838,7089669.913973593,7251875.289695572,35864339.84840991,47977601.922869995,40084262.24738583,40103981.57447094,4438687.803575296,7184984.969874414,5311717.634855465,5399891.811779987,36529032.437673055,146988843.3474394,72102323.05972642,75189966.25609128,14878715.760096684,22435990.352945887,17232973.623827986,17523761.867593903,116725.96291805033,130232.98051645236,153231.48766142348,121453.41907749104,151611430.47353527,435910192.5215427,245798031.40527287,251115997.1903379,100982467.62609452,570020724.467523,250052016.95556617,265145857.52059448,567687794.7094119,7231938063.971188,2635840845.5433435,2900175388.951033,239.02266666666668,800.5626666666667,428.7265,435.56166666666667,291.7013333333333,972.4033333333333,522.047,529.9470333333334,48.276,65.89733333333334,55.075,54.443466666666666,1.6946640843206493,1.587924112789342,1.6479349768201028,1.6573050942846919,0.8192132028173549,0.8305441062349747,0.8250388404828009,0.8231790190135218,0.038828429819030674,0.036532445213703205,0.03770845476263606,0.03802483520716606,0.03642262737494871,0.034770249838635865,0.035790545621578775,0.03584429523723921,73.71205392384284,76.48229977674139,75.53095380766713,74.68163997235735,46.706738090322624,41.77338061685698,44.03782009629108,44.98006297460965,2283.0092132542113,8509.363604426848,4424.295134271479,4462.233250164634,733.5081467400994,1030.4252807104594,859.3077790013036,837.4291436297253,35958280.13435951,144861502.4463327,70996249.27615854,74074407.94355012
56,41193.654093971294,155803.03905644215,78326.52956397447,81306.9388308361,265727717.340595,1046378959.2132454,518315864.6880587,538955651.9960226,44366136.10471183,149886992.21830153,80468197.73397815,81298435.74446823,3898909.445349317,13125958.316580795,6975535.339685047,7128376.550280334,36721242.35396162,48935462.574781746,40946677.001812756,40996219.431248665,4480006.401788224,7292869.647929932,5375576.088025687,5464508.537937822,38471474.661361665,153056027.55514336,75488389.32097913,78576068.17418525,15125763.384257795,22692529.704022497,17463566.51565508,17774131.59617544,127636.71418872845,86752.2388910873,78066.0251689299,113327.14783455405,157244579.7166445,449922870.73696524,254302977.8400651,259681981.57375675,108483137.62395053,596456088.4762803,264012886.84799355,279273670.42226595,676170932.3333625,7828394152.447469,2899853732.391337,3179449059.3732996,245.962,814.442,438.3805,444.92999999999995,300.1286666666667,989.231,533.7855,541.3144833333333,48.836666666666666,66.41466666666666,55.591,54.98896666666667,1.6749201038482753,1.5697455549918553,1.629413153742672,1.6381090117485282,0.8219791527033922,0.8330512975230889,0.8275386527357295,0.825854403390286,0.0369410487695387,0.0347248508900488,0.03586152501843415,0.036165379511717236,0.036119297638565855,0.034874448640985135,0.03543909059642864,0.035683600489412604,74.44093608845381,77.28222863983795,76.32389637121076,75.43538848143827,46.16342080942954,41.29871118092267,43.54138708257728,44.460772439452136,2329.5597856687837,8665.56002713393,4443.528267413145,4547.159870181585,740.8635910530035,1019.433804651582,858.630013742431,838.3631658125059,37889084.71494446,150889637.54835987,74377507.25412585,77439278.20663986
57,42837.58985704238,159954.76332323925,80924.7068714915,83828.60057021129,278973754.9480945,1085669873.2895179,540997248.214812,561317396.3675927,46273288.84167098,154602996.2125345,83459137.5024155,84188686.4214732,3858297.5642645825,12813619.97371522,6853793.7097536,6992660.407572305,37582482.855429165,49890943.05233066,41810191.296573676,41890443.92434469,4521221.21738337,7394268.672502831,5438678.370279001,5526787.82667518,40451724.87945511,159097184.57951608,78877808.99517953,81977635.77447645,15363000.682237236,22929685.072938986,17686147.438404433,18011340.21898285,155889.19701945654,107957.39866773375,81882.20398344737,139113.06759635356,162959454.28145835,463750311.4196219,262915437.692773,268236254.27981558,116014300.66663615,621919561.869896,278081810.52203894,293081142.08777714,792185232.9999986,8450313714.317365,3177935542.913376,3472530201.4610767,252.82366666666667,827.072,447.8045,453.8105833333333,308.465,1004.5563333333333,545.262,552.0969666666667,49.383,66.90833333333333,56.0915,55.516866666666665,1.6564393417655399,1.552557382389731,1.6115008977428675,1.6200806559840069,0.8245523655829281,0.8354480417176613,0.8300545797497136,0.8283658522300847,0.03514896486245386,0.03301013286033603,0.03410862237804155,0.03440037366171262,0.03598713594214669,0.03482864822506237,0.03557976743499994,0.035581665241167175,75.15375882198825,78.07126833399468,77.10627825836968,76.17488715119049,45.654153410951324,40.85038319759379,43.06411182116204,43.97283383627619,2370.26911346345,8561.36279011705,4521.717167882979,4537.15190029221,747.3907464272597,1008.190547163298,857.4285231297406,838.6706766848731,39859157.60108925,156956843.88198683,77747379.7032088,80843347.7994034
58,44508.08176999307,164020.2004783311,83510.09337299841,86337.32331791137,292488746.9416125,1124766261.0283062,563792630.5561742,583785876.8719553,48251379.86761088,159310900.12867433,86430146.24045761,87122211.95898308,3814677.2028182144,12488770.209175555,6723799.550211396,6850609.755043283,38446045.46110072,50846138.44458659,42683363.609103516,42786078.00532077,4563256.815532291,7494258.794225094,5501515.62951058,5589107.508074772,42453278.51732522,164993300.55552682,82288841.81119552,85342286.23069578,15598495.653009567,23156959.818335745,17902183.2574303,18243958.11087373,129025.28169489407,115592.89896395507,120448.63343485631,124323.94773906542,168724817.21225324,477375201.51005226,271565943.68138903,276752451.7164829,123763929.72935921,647391059.5182539,292226686.8747852,307033425.15547234,915949162.729358,9097704773.835619,3470162229.7881613,3779563626.616549,259.78333333333336,839.075,456.8,462.53541666666666,316.9386666666667,1019.124,556.178,562.7035333333333,49.910666666666664,67.37733333333334,56.5825,56.024,1.6389064816480428,1.536189435726496,1.593733766494809,1.6029555155755015,0.8270177352596902,0.8377706137955162,0.8327778855108509,0.8307812427472293,0.03344718608096035,0.031383344584063194,0.03244477929138691,0.032724841557046344,0.03551869013843194,0.03446518800109827,0.035011234327061526,0.035149964390365156,75.83747484617528,78.83698048496751,77.8698095246632,76.88730181975257,45.1711832069237,40.42064794183739,42.58721919699172,43.50849586414349,2428.8611004442123,8571.27824839654,4557.01831589494,4578.707102227527,753.2444129268819,997.0662716386975,855.7956832055297,838.5820634760173,41846063.24221417,162850480.9934277,81149587.2322218,84197609.45513889
59,46166.09454210077,167935.0856521261,86010.40283330395,88785.24143060963,306091787.8160853,1163165223.0267885,586289244.4506882,606067490.1398314,50235127.31918607,164038154.83144063,89480206.14427088,90066186.94847517,3766573.0173729453,12163953.77400381,6584474.769238523,6705656.282193748,39326863.515365876,51791435.14023378,43536709.16948587,43689463.58406964,4605027.842393047,7591792.5089740325,5562228.213007214,5650395.475696392,44490631.71318904,170854739.08793816,85712376.59897202,88718069.29435124,15827334.674976446,23369935.788243204,18106639.245267082,18467245.06461981,134291.89981476034,121050.11947147707,98910.09200487952,129657.2766946112,174574294.9369332,490915842.1665732,280189198.13362604,285293836.4673072,131517492.87915212,672249380.8602153,306100046.3170622,320773653.6725242,1047466655.6085099,9769954154.695833,3776262276.1052237,4100337280.289073,266.5013333333333,850.495,465.7145,470.89911666666666,325.105,1032.9916666666666,567.03,572.8653333333333,50.440666666666665,67.81366666666666,57.026,56.52121666666666,1.6217713234148463,1.5205837455162716,1.5779138248580504,1.5863556711503453,0.8295601257998018,0.8399979550484438,0.8349876113737735,0.8332133660368265,0.03183099117339727,0.029839811954135938,0.03086529995523304,0.031134078446655805,0.0354745890432434,0.03436639035647383,0.03517950046895042,0.03508671950287405,76.50855300814034,79.58330322247353,78.61693688710447,77.58471558315696,44.69783128820919,40.01325639695867,42.16473005085422,43.05823007627151,2469.278687788654,8559.199734768941,4573.928062183559,4600.751054231754,758.4196421022727,985.941995208537,853.7622144258429,838.0524656894652,43873312.04124187,168714939.1542459,84568894.58342613,87567881.53079328
60,47821.472890348305,171838.42545591315,88505.66786613682,91227.406288296,319759156.1889416,1201674293.7612526,609178546.3269354,628429454.3392504,52258727.86924385,168901407.48018345,92558482.93110159,93083665.7330727,3712937.3843447533,11838801.116099864,6446010.306332577,6556989.690459042,40218063.322328635,52742392.2262045,44406721.09624831,44601578.43868519,4646607.308410556,7688027.490079875,5623189.528765378,5711104.371994818,46542718.8292076,176630495.78487495,89096661.7056459,92073440.76369117,16048869.951015353,23581283.137656968,18306730.28458943,18685214.566339917,144506.06115093446,95696.79772838147,112613.70356108445,127422.8189530409,180483005.8738685,504491383.01174414,288871508.1453742,293885937.87212497,139276150.31507313,697182910.7495085,320307038.1815612,334543516.46712554,1186742805.923583,10467137065.445343,4096569314.286784,4434880796.756199,273.101,861.9106666666667,474.399,479.1843833333333,333.139,1046.8456666666666,577.59,582.9363333333333,50.964,68.23633333333333,57.4735,57.00931666666667,1.6052221825051856,1.5058301789387227,1.5621921718051728,1.5704349812569234,0.8320905602588432,0.8421452301280244,0.8373978306541101,0.8356096947130567,0.03029591448410315,0.028375117822206742,0.02936574495905227,0.029623635652439407,0.03537451149282842,0.033987950751019534,0.03463484569654442,0.03488921523319531,77.15469380354212,80.29927042713439,79.36312155112347,78.2552956217994,44.24291579251429,39.627130811382806,41.743788746948205,42.627391049118266,2515.802627179231,8622.849323426663,4613.100152170718,4653.268970865832,763.2175139999723,975.064159970358,851.377808657478,837.3638400896073,45913768.17241279,174474783.45401827,87943386.66760324,90910123.5209747
